time,Addis_Ababa,Bahir_Dar,Dire_Dawa,Hawassa,Jigjiga,Mekelle
2013-01-01 00:00:00,0.0,0.0,0.0,0.0,0.0,0.0
2013-01-01 01:00:00,0.0,0.0,0.0,0.0,0.0,0.0
2013-01-01 02:00:00,0.0,0.0,0.0,0.0,0.0,0.0
2013-01-01 03:00:00,0.0,0.0,0.0,0.0,0.0,0.0
2013-01-01 04:00:00,0.0,0.0,0.0,0.0011198972296506684,0.028715569053634742,0.0
2013-01-01 05:00:00,0.12256010494233482,0.0891871465456216,0.15570097270031344,0.12135420184221174,0.21285322899553502,0.11669470214628018
2013-01-01 06:00:00,0.3360553067909522,0.3018848765907677,0.36622119072634146,0.3183012718477895,0.4183592088009213,0.3244095558825439
2013-01-01 07:00:00,0.5119506436835193,0.4935207370521902,0.5419969878312036,0.49801233156296715,0.5794845921641759,0.5028585468052913
2013-01-01 08:00:00,0.6304833149052583,0.6203815915675543,0.6473179186748833,0.618964155796536,0.6763739686038155,0.6161622189972571
2013-01-01 09:00:00,0.7041642825603476,0.6889137594287886,0.7084897167812613,0.6785005532756382,0.7289711002591277,0.6887080674760245
2013-01-01 10:00:00,0.7048925470814743,0.708046041282935,0.7140264812407086,0.6702844807293252,0.731032496410744,0.7104799729770463
2013-01-01 11:00:00,0.662271664899444,0.673486161932632,0.6798722197654118,0.6450938539774961,0.6860493090394476,0.6760640758116271
2013-01-01 12:00:00,0.589582164201976,0.5826096728041804,0.5972876995763006,0.5868789806040939,0.5922492403525154,0.6004149000200655
2013-01-01 13:00:00,0.4438513371012159,0.4465217772533214,0.4599567087759372,0.4637857471415881,0.44717341711060254,0.47475153488902294
2013-01-01 14:00:00,0.2843069162975788,0.3001012291165152,0.2773728798808032,0.30734730033450686,0.25576850936603424,0.29222885432110707
2013-01-01 15:00:00,0.10986159101969921,0.12366189199613431,0.08014518408715093,0.12196844428614137,0.059516736983254714,0.08868986046333235
2013-01-01 16:00:00,0.0,0.00018509919946840947,0.0,0.0004234895743677637,0.0,0.0
2013-01-01 17:00:00,0.0,0.0,0.0,0.0,0.0,0.0
2013-01-01 18:00:00,0.0,0.0,0.0,0.0,0.0,0.0
2013-01-01 19:00:00,0.0,0.0,0.0,0.0,0.0,0.0
2013-01-01 20:00:00,0.0,0.0,0.0,0.0,0.0,0.0
2013-01-01 21:00:00,0.0,0.0,0.0,0.0,0.0,0.0
2013-01-01 22:00:00,0.0,0.0,0.0,0.0,0.0,0.0
2013-01-01 23:00:00,0.0,0.0,0.0,0.0,0.0,0.0
2013-01-02 00:00:00,0.0,0.0,0.0,0.0,0.0,0.0
2013-01-02 01:00:00,0.0,0.0,0.0,0.0,0.0,0.0
2013-01-02 02:00:00,0.0,0.0,0.0,0.0,0.0,0.0
2013-01-02 03:00:00,0.0,0.0,0.0,0.0,0.0,0.0
2013-01-02 04:00:00,0.0,0.0,0.0,0.0009678833723210698,0.027930649319295106,0.0
2013-01-02 05:00:00,0.12909938580498803,0.09318150494671064,0.1523735491210177,0.13101569257541923,0.21443771860156363,0.11709310661575106
2013-01-02 06:00:00,0.34945959820239664,0.3072785713098493,0.36109920366318904,0.33218704584872577,0.42110620942427807,0.3245635015645655
2013-01-02 07:00:00,0.5401518982944246,0.49861473545569307,0.5348733998637415,0.5175272135599068,0.5821740326136188,0.48982361715767986
2013-01-02 08:00:00,0.6618018532582352,0.6253673080148244,0.6466720185147983,0.6377899328689766,0.6871443059093556,0.6037746103437572
2013-01-02 09:00:00,0.7305524277213075,0.7058690186784861,0.7008596096287091,0.7098961435027845,0.7339672101378079,0.6701089048737199
2013-01-02 10:00:00,0.7409013354834467,0.7274392683289213,0.7043524857911865,0.7057523866531767,0.7326886169050159,0.6644896732288119
2013-01-02 11:00:00,0.7134985288118647,0.7072662397848744,0.6658711720023525,0.674230241106151,0.688359581674266,0.6543558588154754
2013-01-02 12:00:00,0.6462520971049751,0.636111849799712,0.5692589901764245,0.6092603502123372,0.5923756536380957,0.5762847017490698
2013-01-02 13:00:00,0.5155558621584091,0.5092747642314851,0.43427145772145087,0.4923535581756667,0.4461944493049035,0.44389627767999185
2013-01-02 14:00:00,0.33055139784165927,0.33847629779393407,0.2612167886057517,0.32544608787489376,0.254004314832434,0.2708040733682117
2013-01-02 15:00:00,0.12421408376744007,0.13613799814933683,0.07661460220628817,0.13072415289320097,0.06078177545599063,0.08784483252059366
2013-01-02 16:00:00,0.0,0.00017765016697068054,0.0,0.0006193621220705436,0.0,0.0
2013-01-02 17:00:00,0.0,0.0,0.0,0.0,0.0,0.0
2013-01-02 18:00:00,0.0,0.0,0.0,0.0,0.0,0.0
2013-01-02 19:00:00,0.0,0.0,0.0,0.0,0.0,0.0
2013-01-02 20:00:00,0.0,0.0,0.0,0.0,0.0,0.0
2013-01-02 21:00:00,0.0,0.0,0.0,0.0,0.0,0.0
2013-01-02 22:00:00,0.0,0.0,0.0,0.0,0.0,0.0
2013-01-02 23:00:00,0.0,0.0,0.0,0.0,0.0,0.0
2013-01-03 00:00:00,0.0,0.0,0.0,0.0,0.0,0.0
2013-01-03 01:00:00,0.0,0.0,0.0,0.0,0.0,0.0
2013-01-03 02:00:00,0.0,0.0,0.0,0.0,0.0,0.0
2013-01-03 03:00:00,0.0,0.0,0.0,0.0,0.0,0.0
2013-01-03 04:00:00,0.0,0.0,0.0,0.0008260292341435491,0.02615355662141793,0.0
2013-01-03 05:00:00,0.1084585181272028,0.08791252709951387,0.14330546687133136,0.12838241913083354,0.21109282618740674,0.1098186651504998
2013-01-03 06:00:00,0.311448351899025,0.2945758665113598,0.34170569692031644,0.332116728853868,0.4167632093130051,0.3283535809626779
2013-01-03 07:00:00,0.5128117489413121,0.49506978559041903,0.4892911732179014,0.5071721001493467,0.5771679000708829,0.5033714478405744
2013-01-03 08:00:00,0.6191573757576804,0.6220208221404097,0.5866341724337145,0.6286590160299733,0.6797870363289275,0.6177221289686227
2013-01-03 09:00:00,0.6815284345042898,0.6978533132323845,0.6669204092153433,0.6923066854169873,0.7293666880311015,0.7032732093504007
2013-01-03 10:00:00,0.7090586662033134,0.7271983388917468,0.6721722259510602,0.7084216599006268,0.7277758129920211,0.7096078870835709
2013-01-03 11:00:00,0.6865131657863838,0.705126995177424,0.6599243948851765,0.6835722983083246,0.6843168834590663,0.6813350590415597
2013-01-03 12:00:00,0.6107658475008456,0.6237851467098314,0.5824989397210443,0.5980814209927406,0.5906574599579341,0.5999938186742962
2013-01-03 13:00:00,0.4860200877715655,0.5034867784852769,0.4628133922897777,0.4801081908856995,0.44823806922033627,0.47776443815173847
2013-01-03 14:00:00,0.3193320084450034,0.32711460423530175,0.28565660577434027,0.3155419235355785,0.25777427980111567,0.2918080451325344
2013-01-03 15:00:00,0.12007655612479638,0.12969838363057526,0.08317017477249422,0.12415326207431687,0.061670437305373686,0.09100536430705387
2013-01-03 16:00:00,0.0,0.00017786659079120374,0.0,0.00048016988103971256,0.0,0.0
2013-01-03 17:00:00,0.0,0.0,0.0,0.0,0.0,0.0
2013-01-03 18:00:00,0.0,0.0,0.0,0.0,0.0,0.0
2013-01-03 19:00:00,0.0,0.0,0.0,0.0,0.0,0.0
2013-01-03 20:00:00,0.0,0.0,0.0,0.0,0.0,0.0
2013-01-03 21:00:00,0.0,0.0,0.0,0.0,0.0,0.0
2013-01-03 22:00:00,0.0,0.0,0.0,0.0,0.0,0.0
2013-01-03 23:00:00,0.0,0.0,0.0,0.0,0.0,0.0
2013-01-04 00:00:00,0.0,0.0,0.0,0.0,0.0,0.0
2013-01-04 01:00:00,0.0,0.0,0.0,0.0,0.0,0.0
2013-01-04 02:00:00,0.0,0.0,0.0,0.0,0.0,0.0
2013-01-04 03:00:00,0.0,0.0,0.0,0.0,0.0,0.0
2013-01-04 04:00:00,0.0,0.0,0.0,0.0007066490873718692,0.024210564498681753,0.0
2013-01-04 05:00:00,0.1254419657237579,0.09158429304207963,0.15511332984070642,0.1156853834531519,0.2012289785860958,0.10230813035053204
2013-01-04 06:00:00,0.3470982967383796,0.30324962753625817,0.3621139841277983,0.3010797149407212,0.4053630229690829,0.2988066859160826
2013-01-04 07:00:00,0.5316159743746687,0.4918578236727835,0.5373245922913726,0.4675854170715663,0.5619380640051178,0.4865977494290615
2013-01-04 08:00:00,0.6592259569034832,0.6264743788993583,0.6501693044129323,0.5889556919181187,0.6624339527813418,0.6145637659824983
2013-01-04 09:00:00,0.7283213129999081,0.7043826243643914,0.7167662908669186,0.6552775171554981,0.7118816915309507,0.6934685945914303
2013-01-04 10:00:00,0.7434194406617322,0.7226746668294719,0.7261114895694705,0.6880963559630195,0.6998583320282055,0.7130416680678576
2013-01-04 11:00:00,0.6978226690495755,0.6999943259361157,0.6921226311948688,0.6708424053678355,0.6470059743551936,0.6921785273405691
2013-01-04 12:00:00,0.6132393950077233,0.616322206515101,0.609087271893155,0.5915854019108631,0.5403201624779155,0.6152140026662416
2013-01-04 13:00:00,0.4923628853215265,0.4837465880282881,0.47420113876180076,0.47379889955176924,0.3982680497076498,0.4849617309062386
2013-01-04 14:00:00,0.31583340623473743,0.3140319413980285,0.28938896935105246,0.3067709452450787,0.22246943857845153,0.3020182590689691
2013-01-04 15:00:00,0.11758915200703962,0.12571154566882484,0.08653051597493434,0.12488786989250796,0.05472753287788374,0.09618894587771347
2013-01-04 16:00:00,0.0,0.00016558338543501655,0.0,0.0008213384046800168,0.0,0.0
2013-01-04 17:00:00,0.0,0.0,0.0,0.0,0.0,0.0
2013-01-04 18:00:00,0.0,0.0,0.0,0.0,0.0,0.0
2013-01-04 19:00:00,0.0,0.0,0.0,0.0,0.0,0.0
2013-01-04 20:00:00,0.0,0.0,0.0,0.0,0.0,0.0
2013-01-04 21:00:00,0.0,0.0,0.0,0.0,0.0,0.0
2013-01-04 22:00:00,0.0,0.0,0.0,0.0,0.0,0.0
2013-01-04 23:00:00,0.0,0.0,0.0,0.0,0.0,0.0
2013-01-05 00:00:00,0.0,0.0,0.0,0.0,0.0,0.0
2013-01-05 01:00:00,0.0,0.0,0.0,0.0,0.0,0.0
2013-01-05 02:00:00,0.0,0.0,0.0,0.0,0.0,0.0
2013-01-05 03:00:00,0.0,0.0,0.0,0.0,0.0,0.0
2013-01-05 04:00:00,0.0,0.0,0.0,0.000530470162949879,0.0196202721899303,0.0
2013-01-05 05:00:00,0.12675244639969357,0.09156716204321273,0.15600851031347981,0.12568433923105146,0.17821262959235548,0.12159608505005695
2013-01-05 06:00:00,0.3435663915614862,0.3030175565375833,0.36369466767410985,0.3252648140350039,0.36237049257847537,0.33494169694519355
2013-01-05 07:00:00,0.5306030450166026,0.492207444170334,0.5331146921051956,0.5054759505653322,0.5123786863699844,0.5129309632302578
2013-01-05 08:00:00,0.6589774944104995,0.6278226434770354,0.6471110116069353,0.6333091527553394,0.6064371133158282,0.6366044872363962
2013-01-05 09:00:00,0.7270923503098664,0.7022608627941763,0.7110185326089223,0.6997107243470361,0.6625165844674584,0.7057019170334545
2013-01-05 10:00:00,0.7229232994769454,0.7196788584206251,0.7176025851500514,0.6884618568758444,0.664777236701523,0.7188820209371618
2013-01-05 11:00:00,0.6888773239974999,0.6847258367342554,0.6821292741968041,0.6446544858481034,0.6104003179869777,0.6892140766576111
2013-01-05 12:00:00,0.6127211209247287,0.6008884469727178,0.5974445718464714,0.5810031982845741,0.5104559323103401,0.6074820525788986
2013-01-05 13:00:00,0.4826475913364522,0.46993380837169596,0.45247371139130704,0.45691730181182555,0.3643528433988615,0.46417979479426125
2013-01-05 14:00:00,0.2992383332774133,0.30960278119810974,0.2769637687927723,0.2886252114641349,0.19865710454388316,0.28095047795174805
2013-01-05 15:00:00,0.11244530880220353,0.1237383056522506,0.08284527904306344,0.11003687710594813,0.045301604929710505,0.08820670216626211
2013-01-05 16:00:00,0.0,0.0003150622025790997,0.0,0.0011072033765242612,0.0,0.0
2013-01-05 17:00:00,0.0,0.0,0.0,0.0,0.0,0.0
2013-01-05 18:00:00,0.0,0.0,0.0,0.0,0.0,0.0
2013-01-05 19:00:00,0.0,0.0,0.0,0.0,0.0,0.0
2013-01-05 20:00:00,0.0,0.0,0.0,0.0,0.0,0.0
2013-01-05 21:00:00,0.0,0.0,0.0,0.0,0.0,0.0
2013-01-05 22:00:00,0.0,0.0,0.0,0.0,0.0,0.0
2013-01-05 23:00:00,0.0,0.0,0.0,0.0,0.0,0.0
2013-01-06 00:00:00,0.0,0.0,0.0,0.0,0.0,0.0
2013-01-06 01:00:00,0.0,0.0,0.0,0.0,0.0,0.0
2013-01-06 02:00:00,0.0,0.0,0.0,0.0,0.0,0.0
2013-01-06 03:00:00,0.0,0.0,0.0,0.0,0.0,0.0
2013-01-06 04:00:00,0.0,0.0,0.0,0.00036986853337969493,0.016441688126212228,0.0
2013-01-06 05:00:00,0.10014020868877314,0.07346456961594576,0.14280400730851028,0.10313415240687052,0.1593787837223868,0.11511955594045167
2013-01-06 06:00:00,0.2819970444899837,0.2596236133976086,0.3448374596015077,0.28985818585366946,0.33424189770690943,0.3250348227185775
2013-01-06 07:00:00,0.4636845740368456,0.45306698520710104,0.5173512256920626,0.4657422221375628,0.49971450699800646,0.5091167232705164
2013-01-06 08:00:00,0.5814299568816211,0.5803717491636351,0.6216842324297436,0.5592716712922331,0.6059725073042768,0.6290211603351711
2013-01-06 09:00:00,0.6526367274514832,0.659877220555968,0.6607345526683173,0.6268912214713188,0.6211944232309023,0.696736147275436
2013-01-06 10:00:00,0.6665722029074381,0.6808259226051404,0.6678038632513171,0.6079582842662405,0.6274060221223537,0.7047160136595779
2013-01-06 11:00:00,0.5918623197090231,0.6125116903541975,0.6095308922823662,0.5967109987876833,0.5791221974220857,0.6627049160350608
2013-01-06 12:00:00,0.5197365177615216,0.5403469430945732,0.5291297369546849,0.5230583203230721,0.5084052018330835,0.5802288752527357
2013-01-06 13:00:00,0.4339999766925664,0.4212806173807595,0.42623664839025943,0.41871995167366266,0.36126632384736446,0.4434647341001973
2013-01-06 14:00:00,0.27379921400331825,0.27417787835058194,0.24308968170591977,0.25642839763164427,0.2041616314774795,0.27193440423108334
2013-01-06 15:00:00,0.09679290636684768,0.10888934815143385,0.07601647896501663,0.10768309908712985,0.05060597191938336,0.08648823945363977
2013-01-06 16:00:00,0.0,0.0002390112252634321,0.0,0.001160215194713109,0.0,0.0
2013-01-06 17:00:00,0.0,0.0,0.0,0.0,0.0,0.0
2013-01-06 18:00:00,0.0,0.0,0.0,0.0,0.0,0.0
2013-01-06 19:00:00,0.0,0.0,0.0,0.0,0.0,0.0
2013-01-06 20:00:00,0.0,0.0,0.0,0.0,0.0,0.0
2013-01-06 21:00:00,0.0,0.0,0.0,0.0,0.0,0.0
2013-01-06 22:00:00,0.0,0.0,0.0,0.0,0.0,0.0
2013-01-06 23:00:00,0.0,0.0,0.0,0.0,0.0,0.0
2013-01-07 00:00:00,0.0,0.0,0.0,0.0,0.0,0.0
2013-01-07 01:00:00,0.0,0.0,0.0,0.0,0.0,0.0
2013-01-07 02:00:00,0.0,0.0,0.0,0.0,0.0,0.0
2013-01-07 03:00:00,0.0,0.0,0.0,0.0,0.0,0.0
2013-01-07 04:00:00,0.0,0.0,0.0,0.00034302274672131717,0.019484202698207196,0.0
2013-01-07 05:00:00,0.08859098795178728,0.06760593390322724,0.1266894873485576,0.09906556967279309,0.18244791490336962,0.10745522853898098
2013-01-07 06:00:00,0.26066787004809955,0.24426079598266737,0.31998000115077374,0.2810885450716614,0.3812346379005745,0.3029409412110472
2013-01-07 07:00:00,0.44836276167525424,0.4367760375989649,0.4748824858381542,0.45806694528933933,0.5437658100928823,0.48359061865448444
2013-01-07 08:00:00,0.5955324338246327,0.5798474755809381,0.6011378977379609,0.5414477469471477,0.6507874928620295,0.617977868909132
2013-01-07 09:00:00,0.6233805237569872,0.650387493275172,0.626516366156252,0.5799094996018224,0.6866386298209539,0.6717264028362477
2013-01-07 10:00:00,0.6070052680897762,0.6642988088242154,0.6205860074857175,0.6024205158325304,0.6554731659777043,0.6783146001384154
2013-01-07 11:00:00,0.5507972400803138,0.622669817283941,0.5701976369668856,0.5640032604722506,0.5814589757127783,0.6357857380082631
2013-01-07 12:00:00,0.4932496434397647,0.5233553289886975,0.4759783461236655,0.517314031754486,0.5144438960583371,0.5405304317699628
2013-01-07 13:00:00,0.3968361023520744,0.4070463057844095,0.37045985094589373,0.40265197908020767,0.3776667232693654,0.4092567741236503
2013-01-07 14:00:00,0.24951368162899307,0.2521261706317892,0.22634824870323272,0.2423967886969806,0.2047242775609551,0.26052404896269277
2013-01-07 15:00:00,0.08322959016188355,0.10140603180455376,0.06004482855955401,0.08572333664983434,0.049266312888852935,0.07720887833790273
2013-01-07 16:00:00,0.0,0.00032778672106076697,0.0,0.0013267571183577913,0.0,0.0
2013-01-07 17:00:00,0.0,0.0,0.0,0.0,0.0,0.0
2013-01-07 18:00:00,0.0,0.0,0.0,0.0,0.0,0.0
2013-01-07 19:00:00,0.0,0.0,0.0,0.0,0.0,0.0
2013-01-07 20:00:00,0.0,0.0,0.0,0.0,0.0,0.0
2013-01-07 21:00:00,0.0,0.0,0.0,0.0,0.0,0.0
2013-01-07 22:00:00,0.0,0.0,0.0,0.0,0.0,0.0
2013-01-07 23:00:00,0.0,0.0,0.0,0.0,0.0,0.0
2013-01-08 00:00:00,0.0,0.0,0.0,0.0,0.0,0.0
2013-01-08 01:00:00,0.0,0.0,0.0,0.0,0.0,0.0
2013-01-08 02:00:00,0.0,0.0,0.0,0.0,0.0,0.0
2013-01-08 03:00:00,0.0,0.0,0.0,0.0,0.0,0.0
2013-01-08 04:00:00,0.0,0.0,0.0,0.0002676295949489063,0.017211154686259614,0.0
2013-01-08 05:00:00,0.0660349596149099,0.07840457034109986,0.06484874842999822,0.06929833650631813,0.1536402866187238,0.07966702149606036
2013-01-08 06:00:00,0.21814037324208424,0.2783039582493146,0.1662109642101471,0.20906886414206677,0.31743266761352507,0.23588669802122575
2013-01-08 07:00:00,0.3369346708553066,0.4703296719878587,0.3009826118588909,0.32105443129057154,0.4647450449166613,0.4026091473133533
2013-01-08 08:00:00,0.4132005361630612,0.5946342243225244,0.37304433941792015,0.40457280194255024,0.5358843868292855,0.5193283352315018
2013-01-08 09:00:00,0.49046410006921176,0.6654084397919529,0.4470672422368062,0.48292195124174825,0.5750349096925587,0.5696099550348089
2013-01-08 10:00:00,0.49332043429574635,0.6671523500629962,0.37891223706204763,0.484098214691779,0.5734860339749104,0.572069140194768
2013-01-08 11:00:00,0.5179613116757136,0.6268171125351754,0.4666726148220037,0.48780036231165036,0.5414880813040749,0.5615023910554223
2013-01-08 12:00:00,0.4785649991953988,0.5508400134947341,0.42143129315792505,0.42272221656920983,0.4701032292545443,0.49806904896069454
2013-01-08 13:00:00,0.3374943528707957,0.42765882106506103,0.3650294536615771,0.3733806291072802,0.3575398089125245,0.3973356397327618
2013-01-08 14:00:00,0.22174899763150138,0.27205505798011287,0.226933356027429,0.2268456118154673,0.19856469989409029,0.2275959879163511
2013-01-08 15:00:00,0.0750405254557333,0.11071093605882468,0.06731428248391806,0.08636125886135566,0.047037019876975415,0.0813120879973635
2013-01-08 16:00:00,0.0,0.0005702533279021653,0.0,0.0013118391262766725,0.0,0.0
2013-01-08 17:00:00,0.0,0.0,0.0,0.0,0.0,0.0
2013-01-08 18:00:00,0.0,0.0,0.0,0.0,0.0,0.0
2013-01-08 19:00:00,0.0,0.0,0.0,0.0,0.0,0.0
2013-01-08 20:00:00,0.0,0.0,0.0,0.0,0.0,0.0
2013-01-08 21:00:00,0.0,0.0,0.0,0.0,0.0,0.0
2013-01-08 22:00:00,0.0,0.0,0.0,0.0,0.0,0.0
2013-01-08 23:00:00,0.0,0.0,0.0,0.0,0.0,0.0
2013-01-09 00:00:00,0.0,0.0,0.0,0.0,0.0,0.0
2013-01-09 01:00:00,0.0,0.0,0.0,0.0,0.0,0.0
2013-01-09 02:00:00,0.0,0.0,0.0,0.0,0.0,0.0
2013-01-09 03:00:00,0.0,0.0,0.0,0.0,0.0,0.0
2013-01-09 04:00:00,0.0,0.0,0.0,3.6539862912686046e-05,0.015694297103096087,0.0
2013-01-09 05:00:00,0.08038869817980782,0.07268962748881756,0.09522670346648476,0.05918393596570369,0.14088357789528336,0.08052499154839687
2013-01-09 06:00:00,0.2571689879702753,0.26233454649593224,0.2594640928109676,0.1847457915847752,0.3057471207746146,0.2722505103610664
2013-01-09 07:00:00,0.42998627528162275,0.4112959928814981,0.3997393816796735,0.3593196421272613,0.4662305028096413,0.4397974782002517
2013-01-09 08:00:00,0.5256369208255499,0.5347779128018544,0.49108956681125737,0.46639040765225886,0.5470936113776812,0.5337706773308074
2013-01-09 09:00:00,0.5966025552621117,0.622748766851017,0.5633212237233222,0.5304336846165153,0.5783323815979172,0.6052935457853503
2013-01-09 10:00:00,0.6358448437514008,0.6672626599231742,0.5869715871122813,0.6085688742558711,0.5856805790467279,0.5876112848433718
2013-01-09 11:00:00,0.5701851356836782,0.6223338954304884,0.5499930790635995,0.5580631129907045,0.5761650070106135,0.5856150966565133
2013-01-09 12:00:00,0.48691970786909944,0.5618795277051272,0.5012976550215915,0.47735178333624,0.5107850595625989,0.5118891704009152
2013-01-09 13:00:00,0.3838512768658123,0.4529362980596693,0.3908662562548335,0.3679929466134531,0.38153897153034166,0.3744468588688372
2013-01-09 14:00:00,0.22236338550987875,0.28499937974587036,0.23565696465427693,0.23708283518300657,0.22353496213128865,0.22487081560082492
2013-01-09 15:00:00,0.0892245846622901,0.11920040205635027,0.07413207674371347,0.09355748341879301,0.05561703766733066,0.07153489019752396
2013-01-09 16:00:00,1.2881751568835643e-05,0.001064291082635415,0.0,0.001554270363990881,0.0,0.0
2013-01-09 17:00:00,0.0,0.0,0.0,0.0,0.0,0.0
2013-01-09 18:00:00,0.0,0.0,0.0,0.0,0.0,0.0
2013-01-09 19:00:00,0.0,0.0,0.0,0.0,0.0,0.0
2013-01-09 20:00:00,0.0,0.0,0.0,0.0,0.0,0.0
2013-01-09 21:00:00,0.0,0.0,0.0,0.0,0.0,0.0
2013-01-09 22:00:00,0.0,0.0,0.0,0.0,0.0,0.0
2013-01-09 23:00:00,0.0,0.0,0.0,0.0,0.0,0.0
2013-01-10 00:00:00,0.0,0.0,0.0,0.0,0.0,0.0
2013-01-10 01:00:00,0.0,0.0,0.0,0.0,0.0,0.0
2013-01-10 02:00:00,0.0,0.0,0.0,0.0,0.0,0.0
2013-01-10 03:00:00,0.0,0.0,0.0,0.0,0.0,0.0
2013-01-10 04:00:00,0.0,0.0,0.0,0.00012935189730324014,0.01521993173922462,0.0
2013-01-10 05:00:00,0.07772723703916999,0.08140639474005829,0.09219917753450207,0.08674437415944376,0.15041855614899302,0.05853041271565912
2013-01-10 06:00:00,0.24640542247192226,0.2832471632736909,0.22545053011471036,0.2530660053565584,0.3220591976190357,0.19235143764074072
2013-01-10 07:00:00,0.38593197121288825,0.4646400716621323,0.3690821502624554,0.38440996443688363,0.4877055248520143,0.3745857019451092
2013-01-10 08:00:00,0.50352995009124,0.6040249174894149,0.4655051482417609,0.5171547440538841,0.5718320934927532,0.4724179399245831
2013-01-10 09:00:00,0.5899729485808961,0.666298832572181,0.49260925151072427,0.5827839260677223,0.5912293321760339,0.5471971398312596
2013-01-10 10:00:00,0.5889837636420454,0.695212416721624,0.5475764605773512,0.5833754491583395,0.5637202335725662,0.5724187664153628
2013-01-10 11:00:00,0.5616954126495665,0.6408231215858904,0.5345483312670147,0.5470846772525177,0.5216204857627628,0.4996323060501128
2013-01-10 12:00:00,0.4879675462137719,0.5748142856256692,0.4775707485557437,0.5066467083899098,0.48129601210729694,0.4785907408963102
2013-01-10 13:00:00,0.38320553573259647,0.4520974684649921,0.3450439696769699,0.38563690840816817,0.35808179133137313,0.3483720920808436
2013-01-10 14:00:00,0.238833813796254,0.29274911227609185,0.2210851097177354,0.25714239113801507,0.22150817646975615,0.21787985877060032
2013-01-10 15:00:00,0.10494507792735239,0.12402687254937643,0.07029423228282908,0.10522996461411428,0.05798237504183143,0.06404256469593363
2013-01-10 16:00:00,3.964860501888377e-05,0.0013418751779764677,0.0,0.0019282710829117405,0.0,0.0
2013-01-10 17:00:00,0.0,0.0,0.0,0.0,0.0,0.0
2013-01-10 18:00:00,0.0,0.0,0.0,0.0,0.0,0.0
2013-01-10 19:00:00,0.0,0.0,0.0,0.0,0.0,0.0
2013-01-10 20:00:00,0.0,0.0,0.0,0.0,0.0,0.0
2013-01-10 21:00:00,0.0,0.0,0.0,0.0,0.0,0.0
2013-01-10 22:00:00,0.0,0.0,0.0,0.0,0.0,0.0
2013-01-10 23:00:00,0.0,0.0,0.0,0.0,0.0,0.0
2013-01-11 00:00:00,0.0,0.0,0.0,0.0,0.0,0.0
2013-01-11 01:00:00,0.0,0.0,0.0,0.0,0.0,0.0
2013-01-11 02:00:00,0.0,0.0,0.0,0.0,0.0,0.0
2013-01-11 03:00:00,0.0,0.0,0.0,0.0,0.0,0.0
2013-01-11 04:00:00,0.0,0.0,0.0,9.153729654456129e-05,0.018396959821147817,0.0
2013-01-11 05:00:00,0.05332055758374125,0.07082895526328328,0.05493362781229026,0.08961938330492354,0.1735874289190031,0.038308721090081904
2013-01-11 06:00:00,0.20681749285880002,0.2753665809240488,0.1857974954971902,0.26326047249744694,0.36660742124671364,0.15027986012628144
2013-01-11 07:00:00,0.35827257704635324,0.45522384533062915,0.2855846943747631,0.3950738550223759,0.5303754032333383,0.27713476529432185
2013-01-11 08:00:00,0.47687750182992106,0.6015642339292279,0.392174798018761,0.5120118308470624,0.6340834863547739,0.37102661761265765
2013-01-11 09:00:00,0.5466735924286403,0.6829563723279685,0.4385507762471287,0.5911606224787385,0.6868486500100257,0.4157764658656905
2013-01-11 10:00:00,0.5631738500014789,0.7009880333470629,0.4632035247951365,0.6027579678889123,0.6827368637903414,0.4311427640873205
2013-01-11 11:00:00,0.5726253933339926,0.6805396583606205,0.4826281002880287,0.5901417950045444,0.6393605638835491,0.39298368353426133
2013-01-11 12:00:00,0.4745324008239686,0.5976143999476164,0.41127914523909026,0.5283609481008081,0.548468106559481,0.36433997044899785
2013-01-11 13:00:00,0.36663819058748676,0.48989675964171997,0.3485136181169307,0.40303648939015363,0.41301116002846994,0.28812753714781686
2013-01-11 14:00:00,0.24718458053602102,0.3265869664603596,0.20426147962180863,0.2677547193391787,0.2331921064351142,0.16387599259096627
2013-01-11 15:00:00,0.09698437641100527,0.1376334227162362,0.06109502298746229,0.1135157376580534,0.06393381019407507,0.05270691576073227
2013-01-11 16:00:00,3.685264055736873e-05,0.0017845102084108747,0.0,0.002795925153233065,0.0,0.0
2013-01-11 17:00:00,0.0,0.0,0.0,0.0,0.0,0.0
2013-01-11 18:00:00,0.0,0.0,0.0,0.0,0.0,0.0
2013-01-11 19:00:00,0.0,0.0,0.0,0.0,0.0,0.0
2013-01-11 20:00:00,0.0,0.0,0.0,0.0,0.0,0.0
2013-01-11 21:00:00,0.0,0.0,0.0,0.0,0.0,0.0
2013-01-11 22:00:00,0.0,0.0,0.0,0.0,0.0,0.0
2013-01-11 23:00:00,0.0,0.0,0.0,0.0,0.0,0.0
2013-01-12 00:00:00,0.0,0.0,0.0,0.0,0.0,0.0
2013-01-12 01:00:00,0.0,0.0,0.0,0.0,0.0,0.0
2013-01-12 02:00:00,0.0,0.0,0.0,0.0,0.0,0.0
2013-01-12 03:00:00,0.0,0.0,0.0,0.0,0.0,0.0
2013-01-12 04:00:00,0.0,0.0,0.0,6.696089347930723e-05,0.017592128242518337,0.0
2013-01-12 05:00:00,0.06387201710614622,0.07809407886930388,0.07935982824308263,0.09248660296684161,0.18385237004367921,0.06332268679120925
2013-01-12 06:00:00,0.2276271672184157,0.2848268082204078,0.22615656524731437,0.26725269998960605,0.38607215954372986,0.2143835012360085
2013-01-12 07:00:00,0.4025224059822881,0.4780443930424142,0.3836280798525094,0.42661560598487186,0.546734831424695,0.38347942025719156
2013-01-12 08:00:00,0.5153496638102174,0.6066470891684062,0.5075799986854782,0.5400665251014761,0.6493513642755205,0.5157825804591822
2013-01-12 09:00:00,0.5685671460245778,0.6710457157225856,0.5545040690205986,0.6105956852247243,0.7077257541671278,0.5278508928613249
2013-01-12 10:00:00,0.619492413331042,0.6855491103761872,0.6011862511464984,0.5956072050173956,0.7151987487644573,0.5059260862466624
2013-01-12 11:00:00,0.5633261331966338,0.6639361334554728,0.557022397754789,0.5814945402293833,0.67388889320803,0.4855013527902956
2013-01-12 12:00:00,0.4765292484687027,0.5659496782584449,0.4984179716434076,0.49987579878517807,0.5811706922756371,0.4396734739010275
2013-01-12 13:00:00,0.41513186647933287,0.46998259915579954,0.3742245337089411,0.427239165817053,0.44287873739427747,0.3412464726931062
2013-01-12 14:00:00,0.2813376029241196,0.29777467957502296,0.24075626955536056,0.28962870607125424,0.26228836266342176,0.23073215538272465
2013-01-12 15:00:00,0.10523153588330254,0.12395363432090967,0.07615408919203474,0.11864347179623096,0.0711635447114892,0.07564416930746701
2013-01-12 16:00:00,5.604739113171358e-05,0.0017956337456888137,0.0,0.002854742238087214,0.0,0.0
2013-01-12 17:00:00,0.0,0.0,0.0,0.0,0.0,0.0
2013-01-12 18:00:00,0.0,0.0,0.0,0.0,0.0,0.0
2013-01-12 19:00:00,0.0,0.0,0.0,0.0,0.0,0.0
2013-01-12 20:00:00,0.0,0.0,0.0,0.0,0.0,0.0
2013-01-12 21:00:00,0.0,0.0,0.0,0.0,0.0,0.0
2013-01-12 22:00:00,0.0,0.0,0.0,0.0,0.0,0.0
2013-01-12 23:00:00,0.0,0.0,0.0,0.0,0.0,0.0
2013-01-13 00:00:00,0.0,0.0,0.0,0.0,0.0,0.0
2013-01-13 01:00:00,0.0,0.0,0.0,0.0,0.0,0.0
2013-01-13 02:00:00,0.0,0.0,0.0,0.0,0.0,0.0
2013-01-13 03:00:00,0.0,0.0,0.0,0.0,0.0,0.0
2013-01-13 04:00:00,0.0,0.0,0.0,6.540203247758502e-05,0.018132787404066215,0.0
2013-01-13 05:00:00,0.07682805809119993,0.06753244202261571,0.11978764834324639,0.10976516346375244,0.19351343274662036,0.077170898450566
2013-01-13 06:00:00,0.2751026308891328,0.25334514050125106,0.30207325816943265,0.3041458972754673,0.3997854055163265,0.2672018077447155
2013-01-13 07:00:00,0.46882709260382727,0.4154868221855607,0.4665215347568468,0.48867577883881724,0.5647313897382751,0.45727387344206044
2013-01-13 08:00:00,0.5952948565482288,0.5603638887772332,0.580965365257667,0.6061087304072211,0.6674346615507927,0.5945527932486483
2013-01-13 09:00:00,0.6914498374173965,0.6492716597353831,0.6328541318583443,0.6810556137977296,0.7216822270173792,0.6617140748335826
2013-01-13 10:00:00,0.7251412107019877,0.6569343657686718,0.661497837810074,0.6949663758287282,0.7241566453646476,0.6944297992074787
2013-01-13 11:00:00,0.7072584560474745,0.6406403992746902,0.6411740134712934,0.6753272095872066,0.6768815392732881,0.6620905657173844
2013-01-13 12:00:00,0.6486665427915747,0.5751119212960083,0.5844920528571951,0.6062889426269542,0.5709779647187124,0.5971073109668822
2013-01-13 13:00:00,0.5271558532426213,0.4728749080413124,0.45529517385409884,0.4920485314056712,0.4175067804575358,0.4721744823962804
2013-01-13 14:00:00,0.35655671127340244,0.3220156141703116,0.2936759749325299,0.3345167985277571,0.24001725440650817,0.29880313834683186
2013-01-13 15:00:00,0.14734435201715662,0.13317050727384133,0.09815602469454557,0.1404528985509082,0.06392794506010031,0.10052837984574539
2013-01-13 16:00:00,0.0002445822960484609,0.0022697079329441106,0.0,0.0037130531328673703,0.0,0.0
2013-01-13 17:00:00,0.0,0.0,0.0,0.0,0.0,0.0
2013-01-13 18:00:00,0.0,0.0,0.0,0.0,0.0,0.0
2013-01-13 19:00:00,0.0,0.0,0.0,0.0,0.0,0.0
2013-01-13 20:00:00,0.0,0.0,0.0,0.0,0.0,0.0
2013-01-13 21:00:00,0.0,0.0,0.0,0.0,0.0,0.0
2013-01-13 22:00:00,0.0,0.0,0.0,0.0,0.0,0.0
2013-01-13 23:00:00,0.0,0.0,0.0,0.0,0.0,0.0
2013-01-14 00:00:00,0.0,0.0,0.0,0.0,0.0,0.0
2013-01-14 01:00:00,0.0,0.0,0.0,0.0,0.0,0.0
2013-01-14 02:00:00,0.0,0.0,0.0,0.0,0.0,0.0
2013-01-14 03:00:00,0.0,0.0,0.0,0.0,0.0,0.0
2013-01-14 04:00:00,0.0,0.0,0.0,9.07254732473969e-06,0.014876318509194082,0.0
2013-01-14 05:00:00,0.11792953655420928,0.07682366048788752,0.14577762461188107,0.1063338153320656,0.1739839645646227,0.109840195154642
2013-01-14 06:00:00,0.3455434667379546,0.28331669692420625,0.3562710899145672,0.30404369057602243,0.3590336526674229,0.3228042868904632
2013-01-14 07:00:00,0.5380276207983304,0.48325272940452924,0.5343749988976919,0.4874948426887308,0.49073354762254456,0.5128167954448144
2013-01-14 08:00:00,0.6614456757151413,0.6123321544409298,0.6523158859237672,0.6077697753687644,0.5828196379351542,0.6325239477850203
2013-01-14 09:00:00,0.7376931454391695,0.6881510859834584,0.7194414103094103,0.6795860816871023,0.6356840421393333,0.7019217342019042
2013-01-14 10:00:00,0.7618117869016471,0.7203023032632846,0.732668818868707,0.6870553702485747,0.6615805762985507,0.7206854560193576
2013-01-14 11:00:00,0.7384245417171404,0.6966804206476077,0.6950175835281405,0.6882866055607652,0.6338885827873371,0.6912438672945018
2013-01-14 12:00:00,0.6633191405147905,0.6143049457054967,0.6072741826617385,0.612989238467734,0.5539008756003099,0.6102518789323552
2013-01-14 13:00:00,0.5360027608439759,0.49240272888289344,0.4792986761913627,0.4981598235834911,0.40713111463610846,0.47264551774813335
2013-01-14 14:00:00,0.36000499372598765,0.31819387894584233,0.2972320201594561,0.32418679203418727,0.17732915814613434,0.28347119680813976
2013-01-14 15:00:00,0.1470813014537746,0.12727991378652995,0.09899331877406853,0.13387873117860533,0.047396112465007356,0.08789958586968893
2013-01-14 16:00:00,0.00030953798683243416,0.001866283883643501,0.0,0.0044309921048997095,0.0,0.0
2013-01-14 17:00:00,0.0,0.0,0.0,0.0,0.0,0.0
2013-01-14 18:00:00,0.0,0.0,0.0,0.0,0.0,0.0
2013-01-14 19:00:00,0.0,0.0,0.0,0.0,0.0,0.0
2013-01-14 20:00:00,0.0,0.0,0.0,0.0,0.0,0.0
2013-01-14 21:00:00,0.0,0.0,0.0,0.0,0.0,0.0
2013-01-14 22:00:00,0.0,0.0,0.0,0.0,0.0,0.0
2013-01-14 23:00:00,0.0,0.0,0.0,0.0,0.0,0.0
2013-01-15 00:00:00,0.0,0.0,0.0,0.0,0.0,0.0
2013-01-15 01:00:00,0.0,0.0,0.0,0.0,0.0,0.0
2013-01-15 02:00:00,0.0,0.0,0.0,0.0,0.0,0.0
2013-01-15 03:00:00,0.0,0.0,0.0,0.0,0.0,0.0
2013-01-15 04:00:00,0.0,0.0,0.0,1.6988220008649845e-05,0.015718973338301568,0.0
2013-01-15 05:00:00,0.11119256591329962,0.07970013548635274,0.11476588933283423,0.09758789692562503,0.1776903714301347,0.10866646026204259
2013-01-15 06:00:00,0.32453937880400285,0.2890211115787127,0.31314269581210347,0.2866010997839175,0.37810645243334823,0.3243317235268471
2013-01-15 07:00:00,0.5289808720851373,0.48643344320292375,0.5043917449329931,0.477006670632913,0.5426228305200894,0.515354668314462
2013-01-15 08:00:00,0.658688533387821,0.6244302879209794,0.6260741774679882,0.5985390978797601,0.648863402948625,0.6470126616666914
2013-01-15 09:00:00,0.7362203645492592,0.7038004262728486,0.6858109559103484,0.6520903724543511,0.694126285517223,0.7135483808209562
2013-01-15 10:00:00,0.7494336868027518,0.7286385526670416,0.6849504955772217,0.653725661578572,0.6853364139878874,0.7315440397365188
2013-01-15 11:00:00,0.7175162256618052,0.7068842359976655,0.6479487611617887,0.6268706421510809,0.657154580498575,0.7051146574096927
2013-01-15 12:00:00,0.6429816497691612,0.6366271932559487,0.5637405101085847,0.5544561231918345,0.5654056125690438,0.6284329287653159
2013-01-15 13:00:00,0.5210215739442722,0.5174473885879615,0.41850971844023427,0.42211494164721164,0.41929862947754193,0.5003492243876865
2013-01-15 14:00:00,0.34636831838900756,0.3457391712414719,0.24979969827076098,0.2771255578465762,0.2297575040819497,0.32411080178327545
2013-01-15 15:00:00,0.14151002626253295,0.15224417686709316,0.08106045753766761,0.1108637331640751,0.05930112026883809,0.11490152729275806
2013-01-15 16:00:00,0.0005656477831171361,0.0032279248454401468,0.0,0.004328159719258872,0.0,0.0
2013-01-15 17:00:00,0.0,0.0,0.0,0.0,0.0,0.0
2013-01-15 18:00:00,0.0,0.0,0.0,0.0,0.0,0.0
2013-01-15 19:00:00,0.0,0.0,0.0,0.0,0.0,0.0
2013-01-15 20:00:00,0.0,0.0,0.0,0.0,0.0,0.0
2013-01-15 21:00:00,0.0,0.0,0.0,0.0,0.0,0.0
2013-01-15 22:00:00,0.0,0.0,0.0,0.0,0.0,0.0
2013-01-15 23:00:00,0.0,0.0,0.0,0.0,0.0,0.0
2013-01-16 00:00:00,0.0,0.0,0.0,0.0,0.0,0.0
2013-01-16 01:00:00,0.0,0.0,0.0,0.0,0.0,0.0
2013-01-16 02:00:00,0.0,0.0,0.0,0.0,0.0,0.0
2013-01-16 03:00:00,0.0,0.0,0.0,0.0,0.0,0.0
2013-01-16 04:00:00,0.0,0.0,0.0,0.0,0.015905107448987158,0.0
2013-01-16 05:00:00,0.1057681628467133,0.08013183924046893,0.11580429214349228,0.09891155871313594,0.18512726395265197,0.1115874070907151
2013-01-16 06:00:00,0.3212462399267127,0.2943390210390677,0.3145038767254405,0.2785117188841552,0.38948125331832223,0.32951675847715134
2013-01-16 07:00:00,0.5075539518250373,0.4901605390584292,0.50235697182642,0.44805390039686566,0.5536031385806044,0.5200741508666792
2013-01-16 08:00:00,0.6297807426168779,0.620951464752526,0.6276751665224066,0.5546702103026877,0.6565456394938772,0.6431692192066553
2013-01-16 09:00:00,0.7054115821117096,0.6971007582970579,0.6816732539908587,0.6155685596040285,0.7133102417993863,0.7132705741835752
2013-01-16 10:00:00,0.6904842559011196,0.7204618374205136,0.6833417216674252,0.6074494555530009,0.7237694170754466,0.7333573688010449
2013-01-16 11:00:00,0.634073831418572,0.6923213339142346,0.6550251241891003,0.5901747085136356,0.6799895878781672,0.706497202994651
2013-01-16 12:00:00,0.5326567690833506,0.6017894030080161,0.5811200870325502,0.5015714482002884,0.5967850228255682,0.6282079160386064
2013-01-16 13:00:00,0.438478095491278,0.4727516761889283,0.46435357016083295,0.41500442287980077,0.46031737317188015,0.5017909918971816
2013-01-16 14:00:00,0.31016312555500375,0.3168212836044197,0.2897349857096639,0.2854907302671203,0.2767656480392528,0.32367504050821233
2013-01-16 15:00:00,0.131752702673212,0.1394837337830199,0.09770379356167247,0.12409834052441801,0.07725622594934022,0.11832380824987515
2013-01-16 16:00:00,0.0004260258252497781,0.0025297355329065466,0.0,0.0028784863234574275,0.0,0.0
2013-01-16 17:00:00,0.0,0.0,0.0,0.0,0.0,0.0
2013-01-16 18:00:00,0.0,0.0,0.0,0.0,0.0,0.0
2013-01-16 19:00:00,0.0,0.0,0.0,0.0,0.0,0.0
2013-01-16 20:00:00,0.0,0.0,0.0,0.0,0.0,0.0
2013-01-16 21:00:00,0.0,0.0,0.0,0.0,0.0,0.0
2013-01-16 22:00:00,0.0,0.0,0.0,0.0,0.0,0.0
2013-01-16 23:00:00,0.0,0.0,0.0,0.0,0.0,0.0
2013-01-17 00:00:00,0.0,0.0,0.0,0.0,0.0,0.0
2013-01-17 01:00:00,0.0,0.0,0.0,0.0,0.0,0.0
2013-01-17 02:00:00,0.0,0.0,0.0,0.0,0.0,0.0
2013-01-17 03:00:00,0.0,0.0,0.0,0.0,0.0,0.0
2013-01-17 04:00:00,0.0,0.0,0.0,0.0,0.016459479987703668,0.0
2013-01-17 05:00:00,0.10811529034208167,0.07415845700268106,0.1443548468078496,0.10519318462329863,0.19529397630284556,0.11180584792819714
2013-01-17 06:00:00,0.3253819742433818,0.27703094327910444,0.3594503241108611,0.30178862920049637,0.40514065529263965,0.33016637722458453
2013-01-17 07:00:00,0.5256933605931203,0.4751741310416478,0.5430712695349866,0.4880044331913846,0.5730568479495568,0.5193361222923859
2013-01-17 08:00:00,0.6538253593051606,0.6027444366652595,0.6616393313482859,0.5971956835304209,0.6788250430501778,0.640221525768664
2013-01-17 09:00:00,0.7213743495891775,0.6884194770812437,0.7265862360328583,0.6613484707824878,0.7359401143519859,0.715101258543116
2013-01-17 10:00:00,0.730591322137475,0.7014912320385985,0.7451506990729245,0.6944384038844669,0.7421259551938608,0.7401704486369021
2013-01-17 11:00:00,0.711618028394304,0.6695079839534214,0.714526143670944,0.675448351462864,0.703131498113371,0.7141868332240635
2013-01-17 12:00:00,0.6356405674246177,0.6001784065641473,0.628491512784703,0.6018401753291538,0.6147566050786158,0.6387092931956293
2013-01-17 13:00:00,0.519282124299113,0.48639380136524263,0.4984511464460035,0.48329437652032825,0.4767948453072719,0.511113388993963
2013-01-17 14:00:00,0.35304044528235407,0.3176382568537651,0.3143718185745167,0.3274171923196695,0.28955351192777723,0.32970741016476973
2013-01-17 15:00:00,0.14440377520693734,0.140041429401653,0.10736405898085631,0.1400914421992137,0.08305007208620495,0.11871847823379454
2013-01-17 16:00:00,0.0005669117895136747,0.0035358382757840054,0.0,0.004226621560741954,0.0,0.0
2013-01-17 17:00:00,0.0,0.0,0.0,0.0,0.0,0.0
2013-01-17 18:00:00,0.0,0.0,0.0,0.0,0.0,0.0
2013-01-17 19:00:00,0.0,0.0,0.0,0.0,0.0,0.0
2013-01-17 20:00:00,0.0,0.0,0.0,0.0,0.0,0.0
2013-01-17 21:00:00,0.0,0.0,0.0,0.0,0.0,0.0
2013-01-17 22:00:00,0.0,0.0,0.0,0.0,0.0,0.0
2013-01-17 23:00:00,0.0,0.0,0.0,0.0,0.0,0.0
2013-01-18 00:00:00,0.0,0.0,0.0,0.0,0.0,0.0
2013-01-18 01:00:00,0.0,0.0,0.0,0.0,0.0,0.0
2013-01-18 02:00:00,0.0,0.0,0.0,0.0,0.0,0.0
2013-01-18 03:00:00,0.0,0.0,0.0,0.0,0.0,0.0
2013-01-18 04:00:00,0.0,0.0,0.0,0.0,0.01645878983984622,0.0
2013-01-18 05:00:00,0.11537605783192272,0.07699422460875846,0.14700355887204236,0.1116497321061941,0.19790786134097132,0.11123255850920381
2013-01-18 06:00:00,0.33864168037155984,0.2838164431078403,0.3676643497336114,0.31937413972673573,0.41163601585139264,0.32901312061795396
2013-01-18 07:00:00,0.529308634326043,0.48176938781263423,0.5519117167653546,0.49787985839548976,0.5795377362422405,0.5186818512168324
2013-01-18 08:00:00,0.6571507378004842,0.6130965410168301,0.6663282210725525,0.6187621896835913,0.6861468476170801,0.6419929893864619
2013-01-18 09:00:00,0.7367012449907628,0.6939834210701117,0.735183049489927,0.6834090597463648,0.7412173088765469,0.7166315183455405
2013-01-18 10:00:00,0.7411250313198132,0.7040876127881636,0.745587650816434,0.7086118410401154,0.7447458387331706,0.7305435189726565
2013-01-18 11:00:00,0.7152014769344816,0.6695789011634324,0.7162954999540232,0.6881584594940343,0.7066360232331313,0.6922252414734407
2013-01-18 12:00:00,0.6485802701888193,0.601601734591807,0.636827645561181,0.6197048922351435,0.619024516215401,0.6144888215983456
2013-01-18 13:00:00,0.5219172600723568,0.48396893809904384,0.5056504898135016,0.49150539239816715,0.4805052857961106,0.49635294948195213
2013-01-18 14:00:00,0.3563971581502358,0.3256057369893276,0.32421069871793073,0.33889289187193355,0.2930325632607581,0.3191978083590457
2013-01-18 15:00:00,0.14654858645818897,0.13840215495784217,0.11134573536593445,0.15046935168722989,0.08503581658676904,0.11339764358064479
2013-01-18 16:00:00,0.0004839332109819877,0.0037216620661999393,0.0,0.004906549837173515,0.0,0.0
2013-01-18 17:00:00,0.0,0.0,0.0,0.0,0.0,0.0
2013-01-18 18:00:00,0.0,0.0,0.0,0.0,0.0,0.0
2013-01-18 19:00:00,0.0,0.0,0.0,0.0,0.0,0.0
2013-01-18 20:00:00,0.0,0.0,0.0,0.0,0.0,0.0
2013-01-18 21:00:00,0.0,0.0,0.0,0.0,0.0,0.0
2013-01-18 22:00:00,0.0,0.0,0.0,0.0,0.0,0.0
2013-01-18 23:00:00,0.0,0.0,0.0,0.0,0.0,0.0
2013-01-19 00:00:00,0.0,0.0,0.0,0.0,0.0,0.0
2013-01-19 01:00:00,0.0,0.0,0.0,0.0,0.0,0.0
2013-01-19 02:00:00,0.0,0.0,0.0,0.0,0.0,0.0
2013-01-19 03:00:00,0.0,0.0,0.0,0.0,0.0,0.0
2013-01-19 04:00:00,0.0,0.0,0.0,0.0,0.016698549449075225,0.0
2013-01-19 05:00:00,0.11235735647220213,0.07424093172251003,0.1478651518802805,0.11381611167775944,0.1998825429184957,0.1093028783497056
2013-01-19 06:00:00,0.3379872648295448,0.2796075906579619,0.37012052351735425,0.3209058309981425,0.4140016497883219,0.32782450698280124
2013-01-19 07:00:00,0.5363014968869482,0.48086874843810173,0.5508096873269023,0.5015144930081291,0.5839186912562309,0.5173780995517538
2013-01-19 08:00:00,0.6790391257463563,0.6246465669738096,0.6815279181628713,0.639071270703243,0.6971689786086697,0.6514533496274114
2013-01-19 09:00:00,0.7413297712405782,0.6903562598674139,0.7387675121431644,0.702403222578974,0.7481022267304801,0.7171886683463613
2013-01-19 10:00:00,0.7553493306906128,0.6875239819315969,0.75027047864869,0.7181465619859754,0.7517349395527735,0.7333393363328531
2013-01-19 11:00:00,0.7368513202905522,0.6736317136899309,0.7199237434328857,0.7011620900431559,0.7123008462806624,0.7081687967985673
2013-01-19 12:00:00,0.6604729593399641,0.5936720189785607,0.6406111258342654,0.640399349855921,0.6233206168058186,0.6278449254475953
2013-01-19 13:00:00,0.5322775202796574,0.4952072081203058,0.5088981076159212,0.5064365957890864,0.484210479461336,0.49328065385785713
2013-01-19 14:00:00,0.36156737111544207,0.33008033803893416,0.3258019080427175,0.3455066770711987,0.2947222619047655,0.31258688062979806
2013-01-19 15:00:00,0.15564305016183216,0.14141679053324707,0.1142180625690671,0.1535391279944899,0.08622422710423544,0.11582900076483921
2013-01-19 16:00:00,0.0008863574084002609,0.004537770346405892,0.0,0.006322834070912781,0.0,0.0
2013-01-19 17:00:00,0.0,0.0,0.0,0.0,0.0,0.0
2013-01-19 18:00:00,0.0,0.0,0.0,0.0,0.0,0.0
2013-01-19 19:00:00,0.0,0.0,0.0,0.0,0.0,0.0
2013-01-19 20:00:00,0.0,0.0,0.0,0.0,0.0,0.0
2013-01-19 21:00:00,0.0,0.0,0.0,0.0,0.0,0.0
2013-01-19 22:00:00,0.0,0.0,0.0,0.0,0.0,0.0
2013-01-19 23:00:00,0.0,0.0,0.0,0.0,0.0,0.0
2013-01-20 00:00:00,0.0,0.0,0.0,0.0,0.0,0.0
2013-01-20 01:00:00,0.0,0.0,0.0,0.0,0.0,0.0
2013-01-20 02:00:00,0.0,0.0,0.0,0.0,0.0,0.0
2013-01-20 03:00:00,0.0,0.0,0.0,0.0,0.0,0.0
2013-01-20 04:00:00,0.0,0.0,0.0,0.0,0.015514594556267941,0.0
2013-01-20 05:00:00,0.11535584459369737,0.07774037165982191,0.13802488994306236,0.11526721223287344,0.1917844364638187,0.10951457986963163
2013-01-20 06:00:00,0.3408502134028502,0.28660403109323684,0.3563729485497616,0.32436112291478586,0.4076257871519462,0.3263272568803927
2013-01-20 07:00:00,0.5364561451884867,0.4819463888907902,0.5386443015473673,0.5071479612997378,0.5759394258641648,0.5141957484626284
2013-01-20 08:00:00,0.6678682419371929,0.6193801981407687,0.6694500195949068,0.6406828019999631,0.6867651004273798,0.6454434683972146
2013-01-20 09:00:00,0.7448078015069138,0.6991391759701813,0.7391733670758366,0.7092987561108688,0.7443125536744643,0.7181106826624394
2013-01-20 10:00:00,0.7609864486105128,0.7139016116193274,0.7504096463624275,0.7180616493916536,0.747248446514833,0.7385054269689219
2013-01-20 11:00:00,0.7313553898976466,0.6602796545398726,0.7187142888086514,0.7066820042163466,0.7092926622387717,0.710337226600149
2013-01-20 12:00:00,0.6612584124590567,0.5824051146474774,0.6413470915514131,0.6429542436755458,0.621929331756159,0.6328633366699356
2013-01-20 13:00:00,0.5327741179161605,0.4727422676670062,0.5099391408640734,0.5260973778690572,0.4836663491808253,0.5031455213656422
2013-01-20 14:00:00,0.3680699329375467,0.31848582650974744,0.3287589424850705,0.35784518156251516,0.2963994986115698,0.32670670587028655
2013-01-20 15:00:00,0.15040221971426224,0.14983152359369295,0.11482802822192409,0.1578673765474496,0.08760598179199712,0.11945854544843422
2013-01-20 16:00:00,0.0012309070330100578,0.005057365376332552,0.0,0.006958004821892374,0.0,0.0
2013-01-20 17:00:00,0.0,0.0,0.0,0.0,0.0,0.0
2013-01-20 18:00:00,0.0,0.0,0.0,0.0,0.0,0.0
2013-01-20 19:00:00,0.0,0.0,0.0,0.0,0.0,0.0
2013-01-20 20:00:00,0.0,0.0,0.0,0.0,0.0,0.0
2013-01-20 21:00:00,0.0,0.0,0.0,0.0,0.0,0.0
2013-01-20 22:00:00,0.0,0.0,0.0,0.0,0.0,0.0
2013-01-20 23:00:00,0.0,0.0,0.0,0.0,0.0,0.0
2013-01-21 00:00:00,0.0,0.0,0.0,0.0,0.0,0.0
2013-01-21 01:00:00,0.0,0.0,0.0,0.0,0.0,0.0
2013-01-21 02:00:00,0.0,0.0,0.0,0.0,0.0,0.0
2013-01-21 03:00:00,0.0,0.0,0.0,0.0,0.0,0.0
2013-01-21 04:00:00,0.0,0.0,0.0,0.0,0.014550245503295898,0.0
2013-01-21 05:00:00,0.11568130276547657,0.07819916882125207,0.14370907539344238,0.116519126126753,0.19467262071073335,0.10853142136362645
2013-01-21 06:00:00,0.34311844882628195,0.28749690522216415,0.36628509503024337,0.3299863999605796,0.40783918272110825,0.32852737774355706
2013-01-21 07:00:00,0.5360109555259415,0.4831720064727993,0.5514672708057152,0.5181083211550047,0.5791953247644244,0.5187639569090859
2013-01-21 08:00:00,0.668310334677852,0.6187312330320295,0.6705222025464737,0.6449278151942193,0.6840241542400614,0.6398624515060077
2013-01-21 09:00:00,0.7451822482160639,0.7009378019756441,0.737559612697559,0.7174129715369592,0.7430005572151838,0.7181619319546807
2013-01-21 10:00:00,0.7678179435064252,0.7313999967921708,0.7562100545324514,0.7369939994289502,0.750567580608033,0.741514755267467
2013-01-21 11:00:00,0.7473556908537272,0.6945712914879152,0.7257659097272968,0.7227823987255318,0.7114207818866306,0.7173681252685223
2013-01-21 12:00:00,0.6775233172401882,0.6133757982086376,0.6464151571544116,0.6521770812141183,0.623402630266381,0.6383465794577908
2013-01-21 13:00:00,0.5576558937494798,0.5049339002014419,0.5143838392525835,0.5358119085006269,0.4849041379070991,0.5116177701796013
2013-01-21 14:00:00,0.3806715444971692,0.3478863609772425,0.33052114704821395,0.3716801312316235,0.2960808376911241,0.33296790051498815
2013-01-21 15:00:00,0.16199909240349086,0.1538013771559453,0.11595213473398662,0.16202452268670992,0.08826717578434523,0.1207905709228506
2013-01-21 16:00:00,0.001818446057971544,0.006192239157558327,0.0,0.008142469555342298,0.0,0.0
2013-01-21 17:00:00,0.0,0.0,0.0,0.0,0.0,0.0
2013-01-21 18:00:00,0.0,0.0,0.0,0.0,0.0,0.0
2013-01-21 19:00:00,0.0,0.0,0.0,0.0,0.0,0.0
2013-01-21 20:00:00,0.0,0.0,0.0,0.0,0.0,0.0
2013-01-21 21:00:00,0.0,0.0,0.0,0.0,0.0,0.0
2013-01-21 22:00:00,0.0,0.0,0.0,0.0,0.0,0.0
2013-01-21 23:00:00,0.0,0.0,0.0,0.0,0.0,0.0
2013-01-22 00:00:00,0.0,0.0,0.0,0.0,0.0,0.0
2013-01-22 01:00:00,0.0,0.0,0.0,0.0,0.0,0.0
2013-01-22 02:00:00,0.0,0.0,0.0,0.0,0.0,0.0
2013-01-22 03:00:00,0.0,0.0,0.0,0.0,0.0,0.0
2013-01-22 04:00:00,0.0,0.0,0.0,0.0,0.014679907914437103,0.0
2013-01-22 05:00:00,0.11343258379802033,0.0770381539815043,0.14387149774267566,0.11592780767963104,0.1952590435236948,0.10613786005535128
2013-01-22 06:00:00,0.34131840714426614,0.28927195878883877,0.36549245353103166,0.3275327622330672,0.408812142840536,0.3230683481919175
2013-01-22 07:00:00,0.5412981826718987,0.48968837503930585,0.555451086271016,0.5172023298598467,0.578817278464501,0.5146974478406544
2013-01-22 08:00:00,0.6621350247355551,0.6159327781083228,0.6705179224546441,0.6445774824290881,0.6865479589189433,0.636767520992472
2013-01-22 09:00:00,0.7453380660280045,0.7022262602036697,0.736297291598313,0.7203345700265891,0.7397213573667645,0.7087876926742961
2013-01-22 10:00:00,0.7669511451472291,0.7321768577361478,0.7494893128175188,0.738367989535387,0.744840369342128,0.7295812412695011
2013-01-22 11:00:00,0.7470877161031706,0.7154428733193025,0.7206634368527318,0.7118473434295527,0.7076556012231733,0.7077031259217631
2013-01-22 12:00:00,0.6703246354613949,0.6297057836156672,0.6419179569779254,0.6387535479087219,0.6211901489944421,0.628562847008506
2013-01-22 13:00:00,0.5339522011733445,0.51701106756777,0.5111887763266116,0.5281056107491925,0.4843328985080797,0.5002575898977887
2013-01-22 14:00:00,0.3611517875724729,0.3433774342674335,0.3309034028047023,0.3611383983356759,0.2982059075928618,0.32202121388937394
2013-01-22 15:00:00,0.16138556744594226,0.15075743642357936,0.11677109806595977,0.1574497001921724,0.08953227507966235,0.11945173390240246
2013-01-22 16:00:00,0.0017620198507572887,0.006559026713003281,0.0,0.008347437098217279,0.0,0.0
2013-01-22 17:00:00,0.0,0.0,0.0,0.0,0.0,0.0
2013-01-22 18:00:00,0.0,0.0,0.0,0.0,0.0,0.0
2013-01-22 19:00:00,0.0,0.0,0.0,0.0,0.0,0.0
2013-01-22 20:00:00,0.0,0.0,0.0,0.0,0.0,0.0
2013-01-22 21:00:00,0.0,0.0,0.0,0.0,0.0,0.0
2013-01-22 22:00:00,0.0,0.0,0.0,0.0,0.0,0.0
2013-01-22 23:00:00,0.0,0.0,0.0,0.0,0.0,0.0
2013-01-23 00:00:00,0.0,0.0,0.0,0.0,0.0,0.0
2013-01-23 01:00:00,0.0,0.0,0.0,0.0,0.0,0.0
2013-01-23 02:00:00,0.0,0.0,0.0,0.0,0.0,0.0
2013-01-23 03:00:00,0.0,0.0,0.0,0.0,0.0,0.0
2013-01-23 04:00:00,0.0,0.0,0.0,0.0,0.014328198286608484,0.0
2013-01-23 05:00:00,0.10623504654525491,0.07553596257655414,0.14280433347829052,0.1139499603406095,0.19243631351530685,0.10405490788747382
2013-01-23 06:00:00,0.32707329664577545,0.2862700347915138,0.3639531552110585,0.32662214107690307,0.40649746387458485,0.3200830559421629
2013-01-23 07:00:00,0.5329014294502152,0.48467978738586964,0.5450856091428103,0.5118117874767583,0.5781815439654964,0.5115901585210568
2013-01-23 08:00:00,0.670890657182092,0.6253603284611483,0.6730857292840321,0.6426414448774943,0.6892005993148369,0.6446210821016134
2013-01-23 09:00:00,0.7454740259683422,0.6981975013932179,0.7351616811368601,0.7183996639110631,0.7419411152610323,0.7115890901094667
2013-01-23 10:00:00,0.7659835843217553,0.71771344612573,0.7446309603563124,0.7327084160928308,0.7446752857781447,0.7248631927795262
2013-01-23 11:00:00,0.7415831963698912,0.6912183228722425,0.7170801615596996,0.7098890773800122,0.7077894350662937,0.6992324365929099
2013-01-23 12:00:00,0.6618930497067355,0.6224272239566481,0.6390474282681332,0.6407955688299531,0.6214125892812188,0.6109140568877247
2013-01-23 13:00:00,0.5339473329225423,0.49139070341920843,0.5087611923655001,0.514350042237082,0.48502741124215953,0.4804885705116068
2013-01-23 14:00:00,0.3605331399215715,0.3284098658144319,0.32677777942782316,0.34734055321072455,0.298541774385096,0.3067416670496448
2013-01-23 15:00:00,0.14554064847162518,0.1361995980617523,0.1171200901874548,0.15150585063836236,0.09066914406017036,0.10895755433844737
2013-01-23 16:00:00,0.001090070592418534,0.0054406624229052705,0.0,0.0074076007035008724,0.0,0.0
2013-01-23 17:00:00,0.0,0.0,0.0,0.0,0.0,0.0
2013-01-23 18:00:00,0.0,0.0,0.0,0.0,0.0,0.0
2013-01-23 19:00:00,0.0,0.0,0.0,0.0,0.0,0.0
2013-01-23 20:00:00,0.0,0.0,0.0,0.0,0.0,0.0
2013-01-23 21:00:00,0.0,0.0,0.0,0.0,0.0,0.0
2013-01-23 22:00:00,0.0,0.0,0.0,0.0,0.0,0.0
2013-01-23 23:00:00,0.0,0.0,0.0,0.0,0.0,0.0
2013-01-24 00:00:00,0.0,0.0,0.0,0.0,0.0,0.0
2013-01-24 01:00:00,0.0,0.0,0.0,0.0,0.0,0.0
2013-01-24 02:00:00,0.0,0.0,0.0,0.0,0.0,0.0
2013-01-24 03:00:00,0.0,0.0,0.0,0.0,0.0,0.0
2013-01-24 04:00:00,0.0,0.0,0.0,0.0,0.01389710498560658,0.0
2013-01-24 05:00:00,0.10561153078102956,0.07502862473750645,0.1412803318228192,0.11224561303262305,0.19313151910666554,0.10579630282820199
2013-01-24 06:00:00,0.32818169315717477,0.28648069479840316,0.3557147361039673,0.32456225579303793,0.4033434213023606,0.3223421359349272
2013-01-24 07:00:00,0.5234934349934572,0.48503515087032373,0.5418057288789474,0.5106805423048386,0.5728378520961221,0.5149728023398723
2013-01-24 08:00:00,0.648911653413118,0.614670266094128,0.6632869044614244,0.6365626277023958,0.683025068796177,0.641937812131579
2013-01-24 09:00:00,0.7305436949027584,0.6995714489277824,0.7348054009315945,0.7032149174371136,0.7426303738680017,0.715786802952015
2013-01-24 10:00:00,0.7520151482713332,0.7265395662309284,0.7518228633589991,0.7303789734445484,0.750797218474519,0.7389810094633393
2013-01-24 11:00:00,0.6694125663340746,0.7003944501278159,0.7229286519685354,0.6877813921238455,0.7127536033992826,0.7150856775696233
2013-01-24 12:00:00,0.5473847416764017,0.6215572331532748,0.6409595313156149,0.6018667220549724,0.62503039952877,0.6297866720636175
2013-01-24 13:00:00,0.4221838114213771,0.5052717105318905,0.5092279279408156,0.4858206941456181,0.48731745546918476,0.505339173951022
2013-01-24 14:00:00,0.30218808882978765,0.3417572622029206,0.32618654424869675,0.33169693073358714,0.3003555673824735,0.3199488392333242
2013-01-24 15:00:00,0.11695170293904482,0.15626426371216082,0.11387372142135611,0.1466734062561459,0.0911647620432365,0.1171777555114367
2013-01-24 16:00:00,0.0014404658504666716,0.007495495133280476,0.0,0.007434651437146166,0.0,0.0
2013-01-24 17:00:00,0.0,0.0,0.0,0.0,0.0,0.0
2013-01-24 18:00:00,0.0,0.0,0.0,0.0,0.0,0.0
2013-01-24 19:00:00,0.0,0.0,0.0,0.0,0.0,0.0
2013-01-24 20:00:00,0.0,0.0,0.0,0.0,0.0,0.0
2013-01-24 21:00:00,0.0,0.0,0.0,0.0,0.0,0.0
2013-01-24 22:00:00,0.0,0.0,0.0,0.0,0.0,0.0
2013-01-24 23:00:00,0.0,0.0,0.0,0.0,0.0,0.0
2013-01-25 00:00:00,0.0,0.0,0.0,0.0,0.0,0.0
2013-01-25 01:00:00,0.0,0.0,0.0,0.0,0.0,0.0
2013-01-25 02:00:00,0.0,0.0,0.0,0.0,0.0,0.0
2013-01-25 03:00:00,0.0,0.0,0.0,0.0,0.0,0.0
2013-01-25 04:00:00,0.0,0.0,0.0,0.0,0.013959364084644463,0.0
2013-01-25 05:00:00,0.09312760855638211,0.0744471279055341,0.13295447954097725,0.10694866131619271,0.18978004042256194,0.1032195391857011
2013-01-25 06:00:00,0.31085791067134183,0.2853495110915816,0.351551875616517,0.31440181937859807,0.40573145672516553,0.32214772089520255
2013-01-25 07:00:00,0.4943242742166948,0.478963978470521,0.5264202463905334,0.5027554864658955,0.5727642762148609,0.5048128811915576
2013-01-25 08:00:00,0.6362198130572129,0.6130595414759122,0.6631515953043924,0.6337371029680534,0.6853628598763748,0.6441811222902816
2013-01-25 09:00:00,0.729240922510953,0.7037617433770885,0.7300101063709911,0.7096712375041437,0.7389323650024278,0.7195254843608764
2013-01-25 10:00:00,0.7209350633506986,0.7137170757140215,0.7405417700189473,0.7078044997722337,0.7427451041867429,0.7348945724584912
2013-01-25 11:00:00,0.6451299719042835,0.6358739272592667,0.7121997994238941,0.6594721126390471,0.7065259682135098,0.7066100774304513
2013-01-25 12:00:00,0.5672770690066742,0.5851069267507119,0.6352420331648014,0.5821178781256376,0.6207223928104241,0.6283580577707389
2013-01-25 13:00:00,0.4712087747066655,0.4832636128152727,0.502995925272416,0.4746982958195906,0.48428128618777777,0.5059919759711804
2013-01-25 14:00:00,0.30268650980314477,0.32171026337869135,0.32285240737416465,0.32942061464274774,0.2979642278900666,0.33232392965977925
2013-01-25 15:00:00,0.12629152217153386,0.15091622968721372,0.11006410537489987,0.14414624711575516,0.09006110588364773,0.12637405705829344
2013-01-25 16:00:00,0.0021323119150881585,0.0068938603849131265,0.0,0.008034393701637577,0.0,0.0
2013-01-25 17:00:00,0.0,0.0,0.0,0.0,0.0,0.0
2013-01-25 18:00:00,0.0,0.0,0.0,0.0,0.0,0.0
2013-01-25 19:00:00,0.0,0.0,0.0,0.0,0.0,0.0
2013-01-25 20:00:00,0.0,0.0,0.0,0.0,0.0,0.0
2013-01-25 21:00:00,0.0,0.0,0.0,0.0,0.0,0.0
2013-01-25 22:00:00,0.0,0.0,0.0,0.0,0.0,0.0
2013-01-25 23:00:00,0.0,0.0,0.0,0.0,0.0,0.0
2013-01-26 00:00:00,0.0,0.0,0.0,0.0,0.0,0.0
2013-01-26 01:00:00,0.0,0.0,0.0,0.0,0.0,0.0
2013-01-26 02:00:00,0.0,0.0,0.0,0.0,0.0,0.0
2013-01-26 03:00:00,0.0,0.0,0.0,0.0,0.0,0.0
2013-01-26 04:00:00,0.0,0.0,0.0,0.0,0.012672004659298635,0.0
2013-01-26 05:00:00,0.10181882955966275,0.06436625475978484,0.13830215593562936,0.10769620562659642,0.18872580058314864,0.1013521363894172
2013-01-26 06:00:00,0.3165568043743855,0.2609993056601462,0.35615206876158556,0.3133727092737574,0.39787254830151375,0.3159399126761049
2013-01-26 07:00:00,0.49591101188431713,0.4273427973927518,0.5394261898137594,0.48850780206579286,0.5709114460428769,0.502849771480653
2013-01-26 08:00:00,0.631405054645201,0.559089915689703,0.6597645648014584,0.6158707752454299,0.6806247194365136,0.624030412410094
2013-01-26 09:00:00,0.708279491299779,0.6404950592526887,0.7320118870435717,0.6818260257017024,0.7418785697924704,0.7023780026745209
2013-01-26 10:00:00,0.6825462919707692,0.6382464681972186,0.744944537494439,0.6830633234357563,0.7466973631729026,0.7137199691008311
2013-01-26 11:00:00,0.5895870609117583,0.5953224985154248,0.7157798400453839,0.6451057543780517,0.7095344002698852,0.6653560657123794
2013-01-26 12:00:00,0.5097610090199313,0.4899811427085666,0.6298526614123678,0.5749761312661315,0.6229609399864828,0.6004280062576881
2013-01-26 13:00:00,0.40997656992011167,0.3876213488789646,0.4907457448968412,0.47742859358555206,0.4860087415063605,0.4730668237990841
2013-01-26 14:00:00,0.26470947916756504,0.24040722935481024,0.3088104097117167,0.3124871814914689,0.3001532036692222,0.31234698816525447
2013-01-26 15:00:00,0.11891265264990819,0.10758843733681613,0.1128777601048841,0.1461063257504665,0.09205882799428988,0.11497290296367896
2013-01-26 16:00:00,0.0021416731063493085,0.0041971021344489635,0.0,0.008000273300130556,0.0,0.0
2013-01-26 17:00:00,0.0,0.0,0.0,0.0,0.0,0.0
2013-01-26 18:00:00,0.0,0.0,0.0,0.0,0.0,0.0
2013-01-26 19:00:00,0.0,0.0,0.0,0.0,0.0,0.0
2013-01-26 20:00:00,0.0,0.0,0.0,0.0,0.0,0.0
2013-01-26 21:00:00,0.0,0.0,0.0,0.0,0.0,0.0
2013-01-26 22:00:00,0.0,0.0,0.0,0.0,0.0,0.0
2013-01-26 23:00:00,0.0,0.0,0.0,0.0,0.0,0.0
2013-01-27 00:00:00,0.0,0.0,0.0,0.0,0.0,0.0
2013-01-27 01:00:00,0.0,0.0,0.0,0.0,0.0,0.0
2013-01-27 02:00:00,0.0,0.0,0.0,0.0,0.0,0.0
2013-01-27 03:00:00,0.0,0.0,0.0,0.0,0.0,0.0
2013-01-27 04:00:00,0.0,0.0,0.0,0.0,0.013554621713041712,0.0
2013-01-27 05:00:00,0.09898110482122731,0.0653982473555769,0.13754578736147208,0.10428920670595732,0.1911824223469569,0.10141483459568794
2013-01-27 06:00:00,0.3024204323883231,0.26403080095587306,0.35884877622460337,0.30433708485049865,0.40754862494475763,0.31561018457054674
2013-01-27 07:00:00,0.5087011866977577,0.4587434562007683,0.5457464405004908,0.4944739445190923,0.5789496707697016,0.508763314671838
2013-01-27 08:00:00,0.6478486548103732,0.6055464081023193,0.6739974590675164,0.6240274731026332,0.6944862799126965,0.6446049600499529
2013-01-27 09:00:00,0.712440838252713,0.6736209514346447,0.7344582717036614,0.701140909043524,0.7493051849580815,0.7085484736266389
2013-01-27 10:00:00,0.6993622478515913,0.6746336874708901,0.7481041869355929,0.6987950931898871,0.7550374439484627,0.7307919736028947
2013-01-27 11:00:00,0.6288530765959687,0.6234604175654673,0.7200097873556123,0.6821174763899631,0.7177689091654067,0.7047620055656083
2013-01-27 12:00:00,0.5365536197680403,0.5389943329891874,0.642443846466295,0.6024403629356666,0.6304414119736305,0.6263114573748311
2013-01-27 13:00:00,0.4438445873907844,0.41263200955247736,0.5128471592122505,0.49129585387250996,0.4931223579137169,0.5036758579561575
2013-01-27 14:00:00,0.30594299172916445,0.26711725207460557,0.333384598517945,0.34289843392710834,0.305828597187542,0.327030469321861
2013-01-27 15:00:00,0.1392573604316764,0.12015388315197499,0.12028370195933805,0.1479614280411847,0.09464923634363526,0.12050492270474587
2013-01-27 16:00:00,0.0023019433826555087,0.0058343894103918175,0.0,0.007890511770791843,0.0,0.0
2013-01-27 17:00:00,0.0,0.0,0.0,0.0,0.0,0.0
2013-01-27 18:00:00,0.0,0.0,0.0,0.0,0.0,0.0
2013-01-27 19:00:00,0.0,0.0,0.0,0.0,0.0,0.0
2013-01-27 20:00:00,0.0,0.0,0.0,0.0,0.0,0.0
2013-01-27 21:00:00,0.0,0.0,0.0,0.0,0.0,0.0
2013-01-27 22:00:00,0.0,0.0,0.0,0.0,0.0,0.0
2013-01-27 23:00:00,0.0,0.0,0.0,0.0,0.0,0.0
2013-01-28 00:00:00,0.0,0.0,0.0,0.0,0.0,0.0
2013-01-28 01:00:00,0.0,0.0,0.0,0.0,0.0,0.0
2013-01-28 02:00:00,0.0,0.0,0.0,0.0,0.0,0.0
2013-01-28 03:00:00,0.0,0.0,0.0,0.0,0.0,0.0
2013-01-28 04:00:00,0.0,0.0,0.0,0.0,0.013629723347644918,0.0
2013-01-28 05:00:00,0.09596591312225133,0.06929517179722375,0.14225256762385916,0.09512829964423665,0.1931561892593652,0.10267914102595446
2013-01-28 06:00:00,0.30201224948333466,0.26764755562186804,0.3644035870706409,0.2993529413337268,0.40934896858015224,0.31975325424690093
2013-01-28 07:00:00,0.49897639808814487,0.46993966561820033,0.5480993708607954,0.4876524629473201,0.5798837469218268,0.5093323633424877
2013-01-28 08:00:00,0.6396113551947419,0.5984653384005967,0.6665352588351444,0.619813315745876,0.6921405271420406,0.6356617725613947
2013-01-28 09:00:00,0.7134938144860166,0.6713275556200866,0.7368743197455361,0.6819334658926769,0.7504676873357542,0.710817462710998
2013-01-28 10:00:00,0.6663066312235273,0.6667051564398621,0.7469161956890631,0.695576153914791,0.7550513045282857,0.7222007616527099
2013-01-28 11:00:00,0.6103104537836316,0.6031234993258359,0.7186439099703321,0.6562406606163571,0.7183428586172237,0.6939773347262855
2013-01-28 12:00:00,0.5272797815350815,0.5239909532669966,0.6420933976183828,0.5755362057866634,0.6315513125159561,0.6146593309625591
2013-01-28 13:00:00,0.4463715642811487,0.4355463183061225,0.5127960667772528,0.4688595484022201,0.49391125587175083,0.48076062268883357
2013-01-28 14:00:00,0.3185804323464585,0.2974890001084055,0.33194172064017174,0.3254778171868856,0.3059537444204299,0.3079476101278862
2013-01-28 15:00:00,0.14212314951077754,0.1393792680645804,0.12242317647786567,0.14930498961175376,0.09563538422079788,0.1130559230102067
2013-01-28 16:00:00,0.002353014817160917,0.0074159189497780015,0.0,0.00837866708500674,0.0,0.0
2013-01-28 17:00:00,0.0,0.0,0.0,0.0,0.0,0.0
2013-01-28 18:00:00,0.0,0.0,0.0,0.0,0.0,0.0
2013-01-28 19:00:00,0.0,0.0,0.0,0.0,0.0,0.0
2013-01-28 20:00:00,0.0,0.0,0.0,0.0,0.0,0.0
2013-01-28 21:00:00,0.0,0.0,0.0,0.0,0.0,0.0
2013-01-28 22:00:00,0.0,0.0,0.0,0.0,0.0,0.0
2013-01-28 23:00:00,0.0,0.0,0.0,0.0,0.0,0.0
2013-01-29 00:00:00,0.0,0.0,0.0,0.0,0.0,0.0
2013-01-29 01:00:00,0.0,0.0,0.0,0.0,0.0,0.0
2013-01-29 02:00:00,0.0,0.0,0.0,0.0,0.0,0.0
2013-01-29 03:00:00,0.0,0.0,0.0,0.0,0.0,0.0
2013-01-29 04:00:00,0.0,0.0,0.0,0.0,0.007936276096700348,0.0
2013-01-29 05:00:00,0.10368762549221316,0.06771091813474434,0.13554328756094342,0.10426370479173246,0.1541963018828995,0.0918329239766201
2013-01-29 06:00:00,0.3230568212966506,0.2771495231853382,0.35179027003939534,0.31221614814746684,0.34872479760272407,0.309435577408055
2013-01-29 07:00:00,0.5181721384125548,0.47902660244819,0.5282552771396134,0.5013889105658885,0.5279648487122665,0.4984638280483463
2013-01-29 08:00:00,0.6497527498766755,0.60986430395652,0.6528673525310865,0.6261866998862373,0.663869289059019,0.6234209259305783
2013-01-29 09:00:00,0.732360323581907,0.6983899495937256,0.7239428364244967,0.6989432130285997,0.7400281694653986,0.7039031294919866
2013-01-29 10:00:00,0.7525159629829303,0.7167111975968327,0.7429781965464173,0.708514142238996,0.7523268919195434,0.7173878481540599
2013-01-29 11:00:00,0.6763022237343004,0.6574757854218403,0.7139089479910523,0.6802625033464945,0.7145242004765995,0.6913981051379322
2013-01-29 12:00:00,0.5756827828247371,0.5543549125603144,0.6374883123433077,0.6054800620816261,0.6272839927712363,0.6091288938820122
2013-01-29 13:00:00,0.44687720289495453,0.4580469352258443,0.5079090592991857,0.48211010258860926,0.4898253777673241,0.47349870758487683
2013-01-29 14:00:00,0.28537317257357353,0.30397322957327483,0.3288729397012688,0.3225983351196009,0.30333304008340733,0.2893868956376967
2013-01-29 15:00:00,0.11568915941097897,0.1385238789031118,0.11975712585592588,0.14310282679488992,0.0946256805564518,0.1082457895503423
2013-01-29 16:00:00,0.0018111447393195958,0.007246277398671604,0.0,0.0073200804723684496,0.0,0.0
2013-01-29 17:00:00,0.0,0.0,0.0,0.0,0.0,0.0
2013-01-29 18:00:00,0.0,0.0,0.0,0.0,0.0,0.0
2013-01-29 19:00:00,0.0,0.0,0.0,0.0,0.0,0.0
2013-01-29 20:00:00,0.0,0.0,0.0,0.0,0.0,0.0
2013-01-29 21:00:00,0.0,0.0,0.0,0.0,0.0,0.0
2013-01-29 22:00:00,0.0,0.0,0.0,0.0,0.0,0.0
2013-01-29 23:00:00,0.0,0.0,0.0,0.0,0.0,0.0
2013-01-30 00:00:00,0.0,0.0,0.0,0.0,0.0,0.0
2013-01-30 01:00:00,0.0,0.0,0.0,0.0,0.0,0.0
2013-01-30 02:00:00,0.0,0.0,0.0,0.0,0.0,0.0
2013-01-30 03:00:00,0.0,0.0,0.0,0.0,0.0,0.0
2013-01-30 04:00:00,0.0,0.0,0.0,0.0,0.01032309959047546,0.0
2013-01-30 05:00:00,0.08052195948238675,0.06645736356794511,0.12119998023268574,0.08249438681383256,0.1657658567681542,0.08908145249977238
2013-01-30 06:00:00,0.2558008180712706,0.26402323908948555,0.3155752488015992,0.24655778888425822,0.3712156578235619,0.2881966982795526
2013-01-30 07:00:00,0.43556444824874285,0.46176758228726983,0.4800287034432667,0.4125662232192128,0.5520656791496215,0.46428690485427326
2013-01-30 08:00:00,0.5830523031441364,0.6039494392250091,0.625563313578592,0.5488328589188928,0.6812869239610836,0.59862708468061
2013-01-30 09:00:00,0.6652903390765432,0.6833929414235757,0.68672005372611,0.6059162123235299,0.740099437670781,0.6857394740956058
2013-01-30 10:00:00,0.6545176678335881,0.6980925486278194,0.7044345563036851,0.6389839647678606,0.7436434571705943,0.703779774988728
2013-01-30 11:00:00,0.6320937454216699,0.6606175058772847,0.6866953334763015,0.5836227655150564,0.7073868242446099,0.6650054468650745
2013-01-30 12:00:00,0.5627635805693925,0.5930017331538732,0.6120165613442509,0.541724033648833,0.6216925171322204,0.5948614626664445
2013-01-30 13:00:00,0.45298366782380367,0.4864532881756288,0.4814346132572433,0.4423481720723926,0.48569814172396414,0.4736717556530113
2013-01-30 14:00:00,0.3247599241822369,0.3315003166783328,0.3071505045420803,0.30976123881813794,0.30116224646593176,0.2945404650441268
2013-01-30 15:00:00,0.1255391236883116,0.14371258995696926,0.11369664388607242,0.126209919858428,0.0940099651189388,0.10583155228915243
2013-01-30 16:00:00,0.0024904904960910486,0.008939319078446181,0.0,0.007855035603755771,0.0,0.0
2013-01-30 17:00:00,0.0,0.0,0.0,0.0,0.0,0.0
2013-01-30 18:00:00,0.0,0.0,0.0,0.0,0.0,0.0
2013-01-30 19:00:00,0.0,0.0,0.0,0.0,0.0,0.0
2013-01-30 20:00:00,0.0,0.0,0.0,0.0,0.0,0.0
2013-01-30 21:00:00,0.0,0.0,0.0,0.0,0.0,0.0
2013-01-30 22:00:00,0.0,0.0,0.0,0.0,0.0,0.0
2013-01-30 23:00:00,0.0,0.0,0.0,0.0,0.0,0.0
2013-01-31 00:00:00,0.0,0.0,0.0,0.0,0.0,0.0
2013-01-31 01:00:00,0.0,0.0,0.0,0.0,0.0,0.0
2013-01-31 02:00:00,0.0,0.0,0.0,0.0,0.0,0.0
2013-01-31 03:00:00,0.0,0.0,0.0,0.0,0.0,0.0
2013-01-31 04:00:00,0.0,0.0,0.0,0.0,0.011051422967732748,0.0
2013-01-31 05:00:00,0.08139436224154566,0.06197817184759314,0.12658008508096993,0.09192489720939939,0.1702860662595437,0.08651561410773091
2013-01-31 06:00:00,0.2729236729183124,0.24331458783098583,0.3279752338595261,0.2827626182137067,0.3822324760433588,0.2727452655549794
2013-01-31 07:00:00,0.49799985844152894,0.4601920327322456,0.5168997192107239,0.47142315270848784,0.5627424975958817,0.4648291633403604
2013-01-31 08:00:00,0.6387858645401978,0.6068313937812477,0.642683792885052,0.5977776552874576,0.6804871318962744,0.5721784745425963
2013-01-31 09:00:00,0.688220563042465,0.6825452557172891,0.7189955568796934,0.6474669442258919,0.7405148441886158,0.6708536338548807
2013-01-31 10:00:00,0.6398725978369502,0.7033216879512931,0.7324323805565488,0.6386539023808191,0.7481127388023971,0.6792907496369902
2013-01-31 11:00:00,0.6037736302268218,0.6613969256543526,0.6888673936482352,0.62322505850834,0.710460580525953,0.6455937785600235
2013-01-31 12:00:00,0.5667372350411407,0.5817089610633729,0.6068451343487741,0.5876847400444951,0.6198169909484603,0.5426059691224551
2013-01-31 13:00:00,0.461279162881039,0.45081076907758566,0.47462841964599856,0.49989205091068883,0.4818209310767926,0.39926069623487376
2013-01-31 14:00:00,0.3045629401274843,0.32841508813060466,0.3055872906696873,0.33944081116278907,0.2949176776885938,0.2512005864831852
2013-01-31 15:00:00,0.13068275119221492,0.15236225253538996,0.10783236162948479,0.1508975114294946,0.09051917664523562,0.09644801116371288
2013-01-31 16:00:00,0.003209728901012861,0.01094846333061496,0.0,0.009596250882238729,0.0,0.0
2013-01-31 17:00:00,0.0,0.0,0.0,0.0,0.0,0.0
2013-01-31 18:00:00,0.0,0.0,0.0,0.0,0.0,0.0
2013-01-31 19:00:00,0.0,0.0,0.0,0.0,0.0,0.0
2013-01-31 20:00:00,0.0,0.0,0.0,0.0,0.0,0.0
2013-01-31 21:00:00,0.0,0.0,0.0,0.0,0.0,0.0
2013-01-31 22:00:00,0.0,0.0,0.0,0.0,0.0,0.0
2013-01-31 23:00:00,0.0,0.0,0.0,0.0,0.0,0.0
2013-02-01 00:00:00,0.0,0.0,0.0,0.0,0.0,0.0
2013-02-01 01:00:00,0.0,0.0,0.0,0.0,0.0,0.0
2013-02-01 02:00:00,0.0,0.0,0.0,0.0,0.0,0.0
2013-02-01 03:00:00,0.0,0.0,0.0,0.0,0.0,0.0
2013-02-01 04:00:00,0.0,0.0,0.0,0.0,0.012414157129404954,0.0
2013-02-01 05:00:00,0.0945292953289277,0.0637016978424363,0.113088210979564,0.09048071572530889,0.18390372308458813,0.05629359001896038
2013-02-01 06:00:00,0.3020426840461764,0.2575599175389878,0.30136895311333867,0.29162096798059955,0.395471463709692,0.19373344126603576
2013-02-01 07:00:00,0.48350731371761835,0.4469734606046463,0.4698128986995237,0.4382205560845895,0.5668485493262333,0.3280658533435145
2013-02-01 08:00:00,0.5878816682602538,0.586035549730949,0.5716067670574616,0.551781370494442,0.676865505066772,0.43763180441952876
2013-02-01 09:00:00,0.6322909472937784,0.668473317365362,0.6455269770473798,0.6198233808327239,0.7318241801164768,0.5173218494741768
2013-02-01 10:00:00,0.605748418354086,0.6853343406133878,0.6637251303865263,0.6227196352554607,0.7388750733938713,0.5352127409858558
2013-02-01 11:00:00,0.5869776108476675,0.6579199538921396,0.6453947312888648,0.6204629575111428,0.7034775201183125,0.5211211419055964
2013-02-01 12:00:00,0.5555153317293025,0.6017352688460217,0.564706460312797,0.525551422640963,0.6155182721867685,0.4101600422197933
2013-02-01 13:00:00,0.44613980158677613,0.4948142787039721,0.4673978475249763,0.43226995161707055,0.484240794854003,0.3215464002504828
2013-02-01 14:00:00,0.3066741463780856,0.33434535395087883,0.3030369568658665,0.2913612855863963,0.3008424792438377,0.20016993254468568
2013-02-01 15:00:00,0.13154310670216932,0.1552551328006686,0.106655980981994,0.13374458630207237,0.09341979218841515,0.0699388943623618
2013-02-01 16:00:00,0.0023169922468144477,0.010533823632151487,0.0,0.007246494956018522,0.0,0.0
2013-02-01 17:00:00,0.0,0.0,0.0,0.0,0.0,0.0
2013-02-01 18:00:00,0.0,0.0,0.0,0.0,0.0,0.0
2013-02-01 19:00:00,0.0,0.0,0.0,0.0,0.0,0.0
2013-02-01 20:00:00,0.0,0.0,0.0,0.0,0.0,0.0
2013-02-01 21:00:00,0.0,0.0,0.0,0.0,0.0,0.0
2013-02-01 22:00:00,0.0,0.0,0.0,0.0,0.0,0.0
2013-02-01 23:00:00,0.0,0.0,0.0,0.0,0.0,0.0
2013-02-02 00:00:00,0.0,0.0,0.0,0.0,0.0,0.0
2013-02-02 01:00:00,0.0,0.0,0.0,0.0,0.0,0.0
2013-02-02 02:00:00,0.0,0.0,0.0,0.0,0.0,0.0
2013-02-02 03:00:00,0.0,0.0,0.0,0.0,0.0,0.0
2013-02-02 04:00:00,0.0,0.0,0.0,0.0,0.009740881979132875,0.0
2013-02-02 05:00:00,0.07261298146725742,0.049712828441855685,0.10058311173039505,0.08960902164591002,0.16510024846219148,0.03869896817038507
2013-02-02 06:00:00,0.24259150199849924,0.23018477336681148,0.27599073472841373,0.27064747586299104,0.36953729316539424,0.15150724522272221
2013-02-02 07:00:00,0.40510494942247566,0.40408874912206727,0.4158452773605851,0.44286637296377684,0.5440599932389131,0.292778277586538
2013-02-02 08:00:00,0.536783881033964,0.5689526554199346,0.4949703935853282,0.5662092953029265,0.665725376841903,0.3792080329532213
2013-02-02 09:00:00,0.6088048159716076,0.6647481930212893,0.5487336596506965,0.6206539659160794,0.7204051241519306,0.4054315882589482
2013-02-02 10:00:00,0.5948582147249857,0.6629554786272182,0.5879157808967863,0.6409817526221195,0.7080505481498695,0.47282070058240494
2013-02-02 11:00:00,0.5909170933368827,0.6370857841630286,0.5842326304693201,0.6109119987268441,0.6583308160813466,0.40427712046874203
2013-02-02 12:00:00,0.5420193453278749,0.5897118023857242,0.5556664398349687,0.564388565336702,0.5661456803790742,0.3712868067846551
2013-02-02 13:00:00,0.40822666183927653,0.4272113428339847,0.4040585352986404,0.3950528022926291,0.411269263634061,0.2426145985017409
2013-02-02 14:00:00,0.27068244967684835,0.3020541562418763,0.2654327993512722,0.27217086478125907,0.26377778227250026,0.13585437689471083
2013-02-02 15:00:00,0.1136487174188224,0.12874808004101249,0.08997956418757705,0.12262021825015938,0.08114623877106832,0.04983128977882006
2013-02-02 16:00:00,0.0010015389132559606,0.007485843122659448,0.0,0.006765130584719466,0.0,0.0
2013-02-02 17:00:00,0.0,0.0,0.0,0.0,0.0,0.0
2013-02-02 18:00:00,0.0,0.0,0.0,0.0,0.0,0.0
2013-02-02 19:00:00,0.0,0.0,0.0,0.0,0.0,0.0
2013-02-02 20:00:00,0.0,0.0,0.0,0.0,0.0,0.0
2013-02-02 21:00:00,0.0,0.0,0.0,0.0,0.0,0.0
2013-02-02 22:00:00,0.0,0.0,0.0,0.0,0.0,0.0
2013-02-02 23:00:00,0.0,0.0,0.0,0.0,0.0,0.0
2013-02-03 00:00:00,0.0,0.0,0.0,0.0,0.0,0.0
2013-02-03 01:00:00,0.0,0.0,0.0,0.0,0.0,0.0
2013-02-03 02:00:00,0.0,0.0,0.0,0.0,0.0,0.0
2013-02-03 03:00:00,0.0,0.0,0.0,0.0,0.0,0.0
2013-02-03 04:00:00,0.0,0.0,0.0,0.0,0.010372147163499839,0.0
2013-02-03 05:00:00,0.06422400934187542,0.05712759267983796,0.06617790241279133,0.09150323580430941,0.16918713661725576,0.05482502261282344
2013-02-03 06:00:00,0.20904098826099318,0.23410104853139493,0.19449817246852852,0.2738093388065433,0.37856600210865066,0.1871558893157177
2013-02-03 07:00:00,0.43880437342558753,0.43759469207313556,0.3601105043888445,0.46691131457099616,0.5402629005137103,0.3259248292469672
2013-02-03 08:00:00,0.5447360356987104,0.5720187293488685,0.4296361379744828,0.5872284152767772,0.6513361343614429,0.47961632707341034
2013-02-03 09:00:00,0.6093480957165602,0.6368690617850884,0.4971381338525647,0.6302930636395903,0.6874570045655402,0.5439334042775844
2013-02-03 10:00:00,0.6027519449097596,0.6683253126184839,0.5054003826527914,0.6185215709367181,0.6624128755196886,0.5403038979198503
2013-02-03 11:00:00,0.5920189753195059,0.636589821204549,0.47352983922052727,0.5927089695087573,0.6011706169942299,0.4762478852690953
2013-02-03 12:00:00,0.5105030421930478,0.543691544881975,0.39305440507146994,0.5159471953219865,0.5109527299429163,0.42742314903166856
2013-02-03 13:00:00,0.4142235893255442,0.43507188880188674,0.3169975872242932,0.42065745929726744,0.3623797002941176,0.33579162776356397
2013-02-03 14:00:00,0.2573497672884079,0.2804826213091947,0.18022705120497085,0.27244790640693,0.21894180486435794,0.19095763559277204
2013-02-03 15:00:00,0.11580669846737675,0.11425501062678935,0.0744855534406641,0.10954662315531134,0.06588336565974993,0.07552230019840447
2013-02-03 16:00:00,0.0029859632159446783,0.008091310786716746,0.0,0.006055470065437578,0.0,0.0
2013-02-03 17:00:00,0.0,0.0,0.0,0.0,0.0,0.0
2013-02-03 18:00:00,0.0,0.0,0.0,0.0,0.0,0.0
2013-02-03 19:00:00,0.0,0.0,0.0,0.0,0.0,0.0
2013-02-03 20:00:00,0.0,0.0,0.0,0.0,0.0,0.0
2013-02-03 21:00:00,0.0,0.0,0.0,0.0,0.0,0.0
2013-02-03 22:00:00,0.0,0.0,0.0,0.0,0.0,0.0
2013-02-03 23:00:00,0.0,0.0,0.0,0.0,0.0,0.0
2013-02-04 00:00:00,0.0,0.0,0.0,0.0,0.0,0.0
2013-02-04 01:00:00,0.0,0.0,0.0,0.0,0.0,0.0
2013-02-04 02:00:00,0.0,0.0,0.0,0.0,0.0,0.0
2013-02-04 03:00:00,0.0,0.0,0.0,0.0,0.0,0.0
2013-02-04 04:00:00,0.0,0.0,0.0,0.0,0.010894280401915072,0.0
2013-02-04 05:00:00,0.07467320504693103,0.051052229058656334,0.0947800237186956,0.08315572339035705,0.17532983852413045,0.07406366935280725
2013-02-04 06:00:00,0.23021854914253265,0.20396795961311814,0.22964823169039067,0.2537595700480693,0.3815108347382374,0.2527376431543133
2013-02-04 07:00:00,0.4123080326407981,0.3998540598813599,0.39332551730708665,0.43413699646157017,0.5527300963831743,0.4448900932400696
2013-02-04 08:00:00,0.5468804612283861,0.5597916615223643,0.5222657970155189,0.5272903644411816,0.6687054041428288,0.5773201203975071
2013-02-04 09:00:00,0.6344152184496392,0.6362643819909262,0.5763996569313923,0.6044374091612083,0.7220453467126808,0.6378745678861341
2013-02-04 10:00:00,0.6315185113198812,0.6876400507508564,0.6269981130444621,0.5779274065632701,0.7187872467951877,0.6242917472496288
2013-02-04 11:00:00,0.5643347218488105,0.6347674367573383,0.5690790481474399,0.5450378268570253,0.6632114332030076,0.5475468997355405
2013-02-04 12:00:00,0.5383328557600299,0.5893598792243119,0.4953557655407351,0.48371300883178464,0.5745376116358223,0.462442084500932
2013-02-04 13:00:00,0.4072034598709668,0.4906856986570557,0.38354446168487305,0.4035259244528635,0.43629093705189825,0.3708576150178791
2013-02-04 14:00:00,0.2943578460417355,0.3313481360245091,0.2569001755406843,0.2691410258633221,0.2720803919198422,0.2339944690370768
2013-02-04 15:00:00,0.13669346341479152,0.14916507877106808,0.10068973171450035,0.12471156626873599,0.08648843196271108,0.09353795307834105
2013-02-04 16:00:00,0.003767974791889209,0.010655719738385068,0.0,0.009563349276149907,0.0,0.0
2013-02-04 17:00:00,0.0,0.0,0.0,0.0,0.0,0.0
2013-02-04 18:00:00,0.0,0.0,0.0,0.0,0.0,0.0
2013-02-04 19:00:00,0.0,0.0,0.0,0.0,0.0,0.0
2013-02-04 20:00:00,0.0,0.0,0.0,0.0,0.0,0.0
2013-02-04 21:00:00,0.0,0.0,0.0,0.0,0.0,0.0
2013-02-04 22:00:00,0.0,0.0,0.0,0.0,0.0,0.0
2013-02-04 23:00:00,0.0,0.0,0.0,0.0,0.0,0.0
2013-02-05 00:00:00,0.0,0.0,0.0,0.0,0.0,0.0
2013-02-05 01:00:00,0.0,0.0,0.0,0.0,0.0,0.0
2013-02-05 02:00:00,0.0,0.0,0.0,0.0,0.0,0.0
2013-02-05 03:00:00,0.0,0.0,0.0,0.0,0.0,0.0
2013-02-05 04:00:00,0.0,0.0,0.0,0.0,0.012390455090813298,0.0
2013-02-05 05:00:00,0.09654343488512013,0.0699902898721933,0.12905770087313972,0.09906562685725523,0.1860157409759231,0.09501641194577266
2013-02-05 06:00:00,0.316570621859231,0.27816729308709975,0.335080231454281,0.30142164043348585,0.39772120199537603,0.3042313766045638
2013-02-05 07:00:00,0.5017920987986372,0.4727064664038597,0.5141371155031526,0.4798135128603435,0.5645588097280073,0.4962635953192611
2013-02-05 08:00:00,0.6399795391738486,0.6090534642144712,0.6262306440040182,0.609595036643179,0.6785273109069,0.6254602284251636
2013-02-05 09:00:00,0.6794983867746427,0.6815701565014097,0.6757076498300335,0.6332151770512887,0.7370112553952153,0.6984429839785048
2013-02-05 10:00:00,0.6622298093905028,0.7086073221276203,0.6613631973597753,0.6315411269198932,0.7435155207946603,0.7069459402972421
2013-02-05 11:00:00,0.6180459639907196,0.7008194554573784,0.6247960970561843,0.6091045800046432,0.7042107697491848,0.6769153510175169
2013-02-05 12:00:00,0.5948398170115149,0.6306122526771192,0.5726693603209598,0.5658492499161047,0.6127377686090286,0.6023547576867885
2013-02-05 13:00:00,0.48565896854417084,0.5096444850920047,0.46180230321761523,0.47411677766505145,0.4734613587470821,0.4859620112306217
2013-02-05 14:00:00,0.29273099648183143,0.3299171749759912,0.2880516087487709,0.31506096299327735,0.28324978743186974,0.31680533577957787
2013-02-05 15:00:00,0.12461150811331276,0.15777411087937582,0.10753853542772987,0.14766786819056707,0.08922383956715231,0.12096561454197631
2013-02-05 16:00:00,0.0024257379329115794,0.011201019570621145,0.0,0.01022091238233089,0.0,0.0
2013-02-05 17:00:00,0.0,0.0,0.0,0.0,0.0,0.0
2013-02-05 18:00:00,0.0,0.0,0.0,0.0,0.0,0.0
2013-02-05 19:00:00,0.0,0.0,0.0,0.0,0.0,0.0
2013-02-05 20:00:00,0.0,0.0,0.0,0.0,0.0,0.0
2013-02-05 21:00:00,0.0,0.0,0.0,0.0,0.0,0.0
2013-02-05 22:00:00,0.0,0.0,0.0,0.0,0.0,0.0
2013-02-05 23:00:00,0.0,0.0,0.0,0.0,0.0,0.0
2013-02-06 00:00:00,0.0,0.0,0.0,0.0,0.0,0.0
2013-02-06 01:00:00,0.0,0.0,0.0,0.0,0.0,0.0
2013-02-06 02:00:00,0.0,0.0,0.0,0.0,0.0,0.0
2013-02-06 03:00:00,0.0,0.0,0.0,0.0,0.0,0.0
2013-02-06 04:00:00,0.0,0.0,0.0,0.0,0.012850261717017369,0.0
2013-02-06 05:00:00,0.07481977866014732,0.06005128820656808,0.1280245462846541,0.0939625155605205,0.1899569684308727,0.09887815879522847
2013-02-06 06:00:00,0.2605573326213068,0.25084426015087175,0.3412506304392568,0.28163632824229484,0.4066999344762164,0.31294457631400574
2013-02-06 07:00:00,0.40817805053998474,0.44567598862965097,0.5202823941367782,0.4600870866377956,0.5772755160856237,0.5062125400185363
2013-02-06 08:00:00,0.5428081009386284,0.5826333468135646,0.6498661829197313,0.5833454229941462,0.6924300939961369,0.6285959691482371
2013-02-06 09:00:00,0.6222638939057542,0.6589294468313368,0.7248529192007459,0.654977340693515,0.7462584703640649,0.7114890236101526
2013-02-06 10:00:00,0.6204345287242082,0.6985958855552111,0.7229692866976679,0.6701864787997728,0.7530209161947952,0.736720128645849
2013-02-06 11:00:00,0.6036757866780366,0.6819606731608192,0.665567085955925,0.631767360033476,0.7174037946867841,0.7139027985919482
2013-02-06 12:00:00,0.5343498775226027,0.6131631303004661,0.5910409405692176,0.5855463999503935,0.6335840834473371,0.6400999713825977
2013-02-06 13:00:00,0.4659566103868676,0.5003885073499412,0.4789785789590306,0.470842080082322,0.4972732448426867,0.5166069076983032
2013-02-06 14:00:00,0.29428131902430177,0.3372074659938705,0.3184262999841555,0.31873962530670646,0.312002684055974,0.33857060625372476
2013-02-06 15:00:00,0.12667444830999172,0.15465369951751298,0.12280200063677456,0.13937849145094588,0.10027496736290677,0.13448753398985064
2013-02-06 16:00:00,0.0032907395176307534,0.01180127822329689,0.0,0.009589863878714074,0.0,0.0
2013-02-06 17:00:00,0.0,0.0,0.0,0.0,0.0,0.0
2013-02-06 18:00:00,0.0,0.0,0.0,0.0,0.0,0.0
2013-02-06 19:00:00,0.0,0.0,0.0,0.0,0.0,0.0
2013-02-06 20:00:00,0.0,0.0,0.0,0.0,0.0,0.0
2013-02-06 21:00:00,0.0,0.0,0.0,0.0,0.0,0.0
2013-02-06 22:00:00,0.0,0.0,0.0,0.0,0.0,0.0
2013-02-06 23:00:00,0.0,0.0,0.0,0.0,0.0,0.0
2013-02-07 00:00:00,0.0,0.0,0.0,0.0,0.0,0.0
2013-02-07 01:00:00,0.0,0.0,0.0,0.0,0.0,0.0
2013-02-07 02:00:00,0.0,0.0,0.0,0.0,0.0,0.0
2013-02-07 03:00:00,0.0,0.0,0.0,0.0,0.0,0.0
2013-02-07 04:00:00,0.0,0.0,0.0,0.0,0.013048221654791232,0.0
2013-02-07 05:00:00,0.08246874630575915,0.06396891728605404,0.13592114901044625,0.1022925721531771,0.1916302912422608,0.10273145033613662
2013-02-07 06:00:00,0.270443790754394,0.27315174165960177,0.35570129629439173,0.29230846948271866,0.4098430644359991,0.3218320204233448
2013-02-07 07:00:00,0.4690657986220779,0.48253891720223774,0.5391006393318425,0.4846676255389659,0.5829805734004084,0.5166047929381132
2013-02-07 08:00:00,0.607760780315834,0.6159955733055675,0.6635682395326893,0.6038431656140034,0.6932417241549733,0.6440694767595367
2013-02-07 09:00:00,0.6735834265296752,0.7030131514234914,0.7423030297898092,0.6809812187227435,0.7562468305825073,0.7243635495405354
2013-02-07 10:00:00,0.6924337083200345,0.7348982639239217,0.7564835958072814,0.702139389949715,0.7634672045259204,0.7497425154833323
2013-02-07 11:00:00,0.6464928053215561,0.7205009710154139,0.7295905822537778,0.6438049023712742,0.7271624728617717,0.7253167397692761
2013-02-07 12:00:00,0.5894271505584003,0.641590652888082,0.651889093859016,0.5732811515509992,0.641156989010417,0.650691048847332
2013-02-07 13:00:00,0.47414784802730225,0.5096788945108212,0.5227745703901031,0.4668777151315733,0.5040874697597394,0.5207989860148001
2013-02-07 14:00:00,0.34617913807197404,0.3514772054407315,0.3430337076494377,0.32236277647446776,0.31644059229017213,0.3448365283879948
2013-02-07 15:00:00,0.1474357095001201,0.16823873626286937,0.12747430085013922,0.14581826984175433,0.10250607214132337,0.13546557995039085
2013-02-07 16:00:00,0.004525958780868126,0.013069957584952411,0.0,0.008665550716423505,0.0,0.0
2013-02-07 17:00:00,0.0,0.0,0.0,0.0,0.0,0.0
2013-02-07 18:00:00,0.0,0.0,0.0,0.0,0.0,0.0
2013-02-07 19:00:00,0.0,0.0,0.0,0.0,0.0,0.0
2013-02-07 20:00:00,0.0,0.0,0.0,0.0,0.0,0.0
2013-02-07 21:00:00,0.0,0.0,0.0,0.0,0.0,0.0
2013-02-07 22:00:00,0.0,0.0,0.0,0.0,0.0,0.0
2013-02-07 23:00:00,0.0,0.0,0.0,0.0,0.0,0.0
2013-02-08 00:00:00,0.0,0.0,0.0,0.0,0.0,0.0
2013-02-08 01:00:00,0.0,0.0,0.0,0.0,0.0,0.0
2013-02-08 02:00:00,0.0,0.0,0.0,0.0,0.0,0.0
2013-02-08 03:00:00,0.0,0.0,0.0,0.0,0.0,0.0
2013-02-08 04:00:00,0.0,0.0,0.0,0.0,0.013429030321242026,0.0
2013-02-08 05:00:00,0.08821812751900777,0.06627657758222126,0.14233019833438912,0.10274191132739631,0.195431975860913,0.10424916261574249
2013-02-08 06:00:00,0.2948243068500449,0.2756484202424101,0.3654233066693378,0.31150480116501117,0.41568508972020357,0.3245468110841367
2013-02-08 07:00:00,0.47142412238920334,0.45684687085699155,0.556445832400266,0.47951594035704964,0.5913853105797544,0.5195580392887122
2013-02-08 08:00:00,0.6320778757986684,0.5890138613450813,0.6760801014455254,0.6168577284914158,0.7016159590865232,0.6478121713814325
2013-02-08 09:00:00,0.7266649888162086,0.6845944679707785,0.7502535262229509,0.7079647386660846,0.7646474889367089,0.7265459103607735
2013-02-08 10:00:00,0.7468879414407225,0.7250012321300002,0.7666671812988651,0.7137264240294338,0.7739104246910475,0.7503164212854815
2013-02-08 11:00:00,0.6709696765850931,0.7057283691348039,0.7400246496734637,0.6761694941186166,0.7376533441829849,0.7282621391346298
2013-02-08 12:00:00,0.5832786079198069,0.6091628153515449,0.6624371357014792,0.5959072077978751,0.650756760787606,0.6502191906130202
2013-02-08 13:00:00,0.4678104779195643,0.48761717480329614,0.5317607988477684,0.4958973389499698,0.5127063765474441,0.5288051161889982
2013-02-08 14:00:00,0.3250762264747543,0.33702666686990707,0.3493745795956969,0.34373259921758714,0.3227970496976821,0.3463908097980013
2013-02-08 15:00:00,0.152474956498629,0.16232892779497754,0.13173833307684996,0.15577221020717155,0.10543068581029884,0.13705856280185127
2013-02-08 16:00:00,0.005184818145206324,0.012667812640798151,0.0,0.010617758694375425,0.0,0.0
2013-02-08 17:00:00,0.0,0.0,0.0,0.0,0.0,0.0
2013-02-08 18:00:00,0.0,0.0,0.0,0.0,0.0,0.0
2013-02-08 19:00:00,0.0,0.0,0.0,0.0,0.0,0.0
2013-02-08 20:00:00,0.0,0.0,0.0,0.0,0.0,0.0
2013-02-08 21:00:00,0.0,0.0,0.0,0.0,0.0,0.0
2013-02-08 22:00:00,0.0,0.0,0.0,0.0,0.0,0.0
2013-02-08 23:00:00,0.0,0.0,0.0,0.0,0.0,0.0
2013-02-09 00:00:00,0.0,0.0,0.0,0.0,0.0,0.0
2013-02-09 01:00:00,0.0,0.0,0.0,0.0,0.0,0.0
2013-02-09 02:00:00,0.0,0.0,0.0,0.0,0.0,0.0
2013-02-09 03:00:00,0.0,0.0,0.0,0.0,0.0,0.0
2013-02-09 04:00:00,0.0,0.0,0.0,0.0,0.01372964949201097,0.0
2013-02-09 05:00:00,0.1038205835760924,0.07326002530279903,0.14859954620648638,0.10846539073707603,0.19809662618048007,0.10571151814551373
2013-02-09 06:00:00,0.3263897410231532,0.2860348646977392,0.37654503315462734,0.32613638757504115,0.4183375133559781,0.3256455513887106
2013-02-09 07:00:00,0.5227894659393718,0.48558899284717744,0.5686971861665864,0.5145079480420417,0.5928848146515254,0.5202683414885828
2013-02-09 08:00:00,0.663825907976626,0.625450474050016,0.6902734844541983,0.6509272823892664,0.7078335180236602,0.6525563625433819
2013-02-09 09:00:00,0.7441809402279638,0.7084489073379131,0.7621945080871512,0.7288124855143842,0.7671668791382066,0.7268082331533194
2013-02-09 10:00:00,0.7539673137645589,0.740494992745965,0.7763100685384414,0.7391702460249713,0.7747647915344527,0.7508054049081139
2013-02-09 11:00:00,0.6813350270776654,0.7175622399055457,0.7491043801537273,0.7072374061492764,0.738369512357722,0.7289266159518255
2013-02-09 12:00:00,0.592501331437964,0.6389483800447344,0.6703646519363392,0.6238706971774127,0.6512120842010708,0.6531213039030676
2013-02-09 13:00:00,0.46994338991936563,0.5023964722875686,0.5379370391880248,0.4871562055478664,0.51283722314507,0.5251526243106573
2013-02-09 14:00:00,0.329617957230897,0.36124292610046754,0.35514758897649623,0.34683449414683337,0.32289513851563106,0.3507827880744371
2013-02-09 15:00:00,0.14971522509298896,0.1712115786978627,0.13500657515199413,0.16164130903781623,0.1056241041843528,0.13866029432527416
2013-02-09 16:00:00,0.005029844344644716,0.014363427530191528,0.0,0.011531827991079187,0.0,0.0
2013-02-09 17:00:00,0.0,0.0,0.0,0.0,0.0,0.0
2013-02-09 18:00:00,0.0,0.0,0.0,0.0,0.0,0.0
2013-02-09 19:00:00,0.0,0.0,0.0,0.0,0.0,0.0
2013-02-09 20:00:00,0.0,0.0,0.0,0.0,0.0,0.0
2013-02-09 21:00:00,0.0,0.0,0.0,0.0,0.0,0.0
2013-02-09 22:00:00,0.0,0.0,0.0,0.0,0.0,0.0
2013-02-09 23:00:00,0.0,0.0,0.0,0.0,0.0,0.0
2013-02-10 00:00:00,0.0,0.0,0.0,0.0,0.0,0.0
2013-02-10 01:00:00,0.0,0.0,0.0,0.0,0.0,0.0
2013-02-10 02:00:00,0.0,0.0,0.0,0.0,0.0,0.0
2013-02-10 03:00:00,0.0,0.0,0.0,0.0,0.0,0.0
2013-02-10 04:00:00,0.0,0.0,0.0,0.0,0.012124929193814766,0.0
2013-02-10 05:00:00,0.10157471510953589,0.0710484662689583,0.14852993344670365,0.10659614876462722,0.18540926941949593,0.10553180149331125
2013-02-10 06:00:00,0.3068845514402607,0.27071714764322957,0.3760098813702184,0.30715752944115093,0.3978772850585105,0.3260316262737563
2013-02-10 07:00:00,0.5084404864688378,0.46783146863655317,0.563355655483076,0.5012963071183542,0.5768604634334992,0.5166069155799271
2013-02-10 08:00:00,0.6308314963761433,0.6033656045857148,0.6842518644535046,0.632632263676792,0.6926548530961137,0.6506897907421005
2013-02-10 09:00:00,0.725631471099182,0.6894012479148879,0.7542229885477718,0.7188686958791498,0.756153259605858,0.7264118276275164
2013-02-10 10:00:00,0.7460469485914895,0.6982292659386767,0.7709822974738906,0.7364113341684734,0.7661904180254523,0.7467365510149525
2013-02-10 11:00:00,0.6754141574121815,0.672962604463732,0.7434350009096587,0.7020382552736557,0.7271724363594807,0.723352049799816
2013-02-10 12:00:00,0.569525135294062,0.5730389172217109,0.6656360703363714,0.6219468622165991,0.6470754045353458,0.649161138136923
2013-02-10 13:00:00,0.4571634933402246,0.447391216328213,0.5342007700243009,0.5058861257513293,0.5086662477527664,0.5181241656899941
2013-02-10 14:00:00,0.30281675543628367,0.2784611752747132,0.350988813760594,0.34714439962351346,0.31924477174714283,0.33996794355993093
2013-02-10 15:00:00,0.14436731009747816,0.1389804384245273,0.13270823371637458,0.1599595909897605,0.10415176133968827,0.13381826987070147
2013-02-10 16:00:00,0.005451001613311703,0.013051030665222682,0.0,0.011290552236276322,0.0,0.0
2013-02-10 17:00:00,0.0,0.0,0.0,0.0,0.0,0.0
2013-02-10 18:00:00,0.0,0.0,0.0,0.0,0.0,0.0
2013-02-10 19:00:00,0.0,0.0,0.0,0.0,0.0,0.0
2013-02-10 20:00:00,0.0,0.0,0.0,0.0,0.0,0.0
2013-02-10 21:00:00,0.0,0.0,0.0,0.0,0.0,0.0
2013-02-10 22:00:00,0.0,0.0,0.0,0.0,0.0,0.0
2013-02-10 23:00:00,0.0,0.0,0.0,0.0,0.0,0.0
2013-02-11 00:00:00,0.0,0.0,0.0,0.0,0.0,0.0
2013-02-11 01:00:00,0.0,0.0,0.0,0.0,0.0,0.0
2013-02-11 02:00:00,0.0,0.0,0.0,0.0,0.0,0.0
2013-02-11 03:00:00,0.0,0.0,0.0,0.0,0.0,0.0
2013-02-11 04:00:00,0.0,0.0,0.0,0.0,0.010934302014105404,0.0
2013-02-11 05:00:00,0.1002338146523352,0.07048038325021894,0.1400718162053913,0.10283890749500899,0.17777185133646728,0.10488078671093537
2013-02-11 06:00:00,0.3049554130373695,0.2759856473908656,0.3537298685468743,0.30518197657742835,0.3829979406928298,0.3250363274961917
2013-02-11 07:00:00,0.5205312928407683,0.4873974600654364,0.549767204105974,0.4934266721131338,0.5697416001147595,0.5178769095127608
2013-02-11 08:00:00,0.6532553097444659,0.6214492094063713,0.6722723299218688,0.6229605757240221,0.6880973714790524,0.6427571909121929
2013-02-11 09:00:00,0.7396366675036632,0.7106985174119446,0.7413366666641809,0.7139638039633617,0.7439866506407097,0.7215267654798391
2013-02-11 10:00:00,0.7385986271006333,0.7419876668338529,0.7559897680338792,0.7301306227935842,0.7544875249541565,0.7444710785920284
2013-02-11 11:00:00,0.6794632025351824,0.7032858034731012,0.7282664136251156,0.6691329369832142,0.7179530187676784,0.7219784405343144
2013-02-11 12:00:00,0.5995848116701622,0.6404175200989156,0.6522799290258255,0.5505605590242363,0.6343064567115182,0.6459366474770537
2013-02-11 13:00:00,0.47003561058501403,0.5132493061779285,0.5166632723522,0.4587221348710871,0.49976813658175806,0.5221960494519473
2013-02-11 14:00:00,0.3194599264638945,0.348194525380451,0.3278923277822836,0.31439363759458566,0.31315789098684776,0.3461368922201719
2013-02-11 15:00:00,0.13753008431415076,0.1609751004529841,0.12686016799040248,0.1487350666028556,0.10230324337103053,0.13787120625376317
2013-02-11 16:00:00,0.004565883896146094,0.015039267443384413,0.0,0.010265291378539473,0.0,0.0
2013-02-11 17:00:00,0.0,0.0,0.0,0.0,0.0,0.0
2013-02-11 18:00:00,0.0,0.0,0.0,0.0,0.0,0.0
2013-02-11 19:00:00,0.0,0.0,0.0,0.0,0.0,0.0
2013-02-11 20:00:00,0.0,0.0,0.0,0.0,0.0,0.0
2013-02-11 21:00:00,0.0,0.0,0.0,0.0,0.0,0.0
2013-02-11 22:00:00,0.0,0.0,0.0,0.0,0.0,0.0
2013-02-11 23:00:00,0.0,0.0,0.0,0.0,0.0,0.0
2013-02-12 00:00:00,0.0,0.0,0.0,0.0,0.0,0.0
2013-02-12 01:00:00,0.0,0.0,0.0,0.0,0.0,0.0
2013-02-12 02:00:00,0.0,0.0,0.0,0.0,0.0,0.0
2013-02-12 03:00:00,0.0,0.0,0.0,0.0,0.0,0.0
2013-02-12 04:00:00,0.0,0.0,0.0,0.0,0.013002748661477678,0.0
2013-02-12 05:00:00,0.1012359605484121,0.07332847340301174,0.13755548839908735,0.10200830725729543,0.18265327307910553,0.10403791609361741
2013-02-12 06:00:00,0.3212830932569518,0.28759405389319737,0.3578708065530431,0.3061583419355018,0.39976021875437534,0.3205261511460905
2013-02-12 07:00:00,0.5184048852554489,0.49126682859065396,0.5455161015848476,0.48261198304581887,0.5758917810160984,0.5158238129034471
2013-02-12 08:00:00,0.6561949602840808,0.639796895479743,0.6782706592612011,0.6380703551667535,0.6945399144933293,0.6509362611871572
2013-02-12 09:00:00,0.7304331330366038,0.7150158128438999,0.7436940041625534,0.6902413897268298,0.7511154536726979,0.7236971801260141
2013-02-12 10:00:00,0.735279515737272,0.7400420506218441,0.756236486124449,0.6706000114105952,0.7561637793807828,0.7386288280222072
2013-02-12 11:00:00,0.6876656784812941,0.7131745995810579,0.72877296738746,0.6067323403229432,0.7203661041726507,0.7167199620873238
2013-02-12 12:00:00,0.5932397710151649,0.6251019736145516,0.6514298786473802,0.5597304130312138,0.6354946971718096,0.6460709069735776
2013-02-12 13:00:00,0.47760891463040744,0.5075568994417852,0.5212904738822636,0.46475746039707433,0.4972500093790692,0.5159878721658662
2013-02-12 14:00:00,0.3368111610515177,0.35316551055336654,0.33881981081765083,0.3314080959377624,0.31218328244813875,0.3414694697543446
2013-02-12 15:00:00,0.14848175403227282,0.16437172309905515,0.1265440417296097,0.15980271837239757,0.10150728182977654,0.13627052968334805
2013-02-12 16:00:00,0.00521376444198718,0.014720567146842547,0.0,0.010584939802510523,0.0,0.0
2013-02-12 17:00:00,0.0,0.0,0.0,0.0,0.0,0.0
2013-02-12 18:00:00,0.0,0.0,0.0,0.0,0.0,0.0
2013-02-12 19:00:00,0.0,0.0,0.0,0.0,0.0,0.0
2013-02-12 20:00:00,0.0,0.0,0.0,0.0,0.0,0.0
2013-02-12 21:00:00,0.0,0.0,0.0,0.0,0.0,0.0
2013-02-12 22:00:00,0.0,0.0,0.0,0.0,0.0,0.0
2013-02-12 23:00:00,0.0,0.0,0.0,0.0,0.0,0.0
2013-02-13 00:00:00,0.0,0.0,0.0,0.0,0.0,0.0
2013-02-13 01:00:00,0.0,0.0,0.0,0.0,0.0,0.0
2013-02-13 02:00:00,0.0,0.0,0.0,0.0,0.0,0.0
2013-02-13 03:00:00,0.0,0.0,0.0,0.0,0.0,0.0
2013-02-13 04:00:00,0.0,0.0,0.0,0.0,0.012788373422010287,0.0
2013-02-13 05:00:00,0.10557135363545564,0.07347448736489796,0.1407659100639581,0.10005761013851788,0.1886714150975323,0.10476501224461619
2013-02-13 06:00:00,0.3289237640328239,0.28491437449209106,0.3623347634146267,0.3002134450329994,0.4038126824138579,0.32229140033625747
2013-02-13 07:00:00,0.5215410312201889,0.4838506557412463,0.5500486752988706,0.48454356578523616,0.5791749936072138,0.5157563500544027
2013-02-13 08:00:00,0.6550109367859023,0.620117577588734,0.665467849224833,0.583654005311001,0.6925388650591884,0.6405322173641573
2013-02-13 09:00:00,0.7395220574214044,0.7026856595085907,0.7418394713333771,0.6521298144144244,0.7512137996099707,0.7208482559109028
2013-02-13 10:00:00,0.726510418679503,0.7247913733785201,0.756687637043657,0.6399200071545845,0.758794791939417,0.743194730862569
2013-02-13 11:00:00,0.6841915970534136,0.708890493391758,0.7264046050046665,0.6268737965187064,0.7218247265270954,0.7197506811753108
2013-02-13 12:00:00,0.6233102666132584,0.6233620160879401,0.6529993016426284,0.5758319198076736,0.6358780878858615,0.6466497434015168
2013-02-13 13:00:00,0.517342007561454,0.5172852358449551,0.5202860562234538,0.47157692718777905,0.49911702909287414,0.5195869186874856
2013-02-13 14:00:00,0.34520774840062657,0.32974839361917735,0.34065576454189694,0.3200760261367758,0.3129258035235641,0.34311090226044433
2013-02-13 15:00:00,0.16355011341674355,0.15473275179225637,0.12785188839429598,0.14300680803377855,0.10189022308818127,0.1348359935172773
2013-02-13 16:00:00,0.006658244623349003,0.014106311995659386,0.0,0.010469836010033711,0.0,0.0
2013-02-13 17:00:00,0.0,0.0,0.0,0.0,0.0,0.0
2013-02-13 18:00:00,0.0,0.0,0.0,0.0,0.0,0.0
2013-02-13 19:00:00,0.0,0.0,0.0,0.0,0.0,0.0
2013-02-13 20:00:00,0.0,0.0,0.0,0.0,0.0,0.0
2013-02-13 21:00:00,0.0,0.0,0.0,0.0,0.0,0.0
2013-02-13 22:00:00,0.0,0.0,0.0,0.0,0.0,0.0
2013-02-13 23:00:00,0.0,0.0,0.0,0.0,0.0,0.0
2013-02-14 00:00:00,0.0,0.0,0.0,0.0,0.0,0.0
2013-02-14 01:00:00,0.0,0.0,0.0,0.0,0.0,0.0
2013-02-14 02:00:00,0.0,0.0,0.0,0.0,0.0,0.0
2013-02-14 03:00:00,0.0,0.0,0.0,0.0,0.0,0.0
2013-02-14 04:00:00,0.0,0.0,0.0,0.0,0.012870297696720684,0.0
2013-02-14 05:00:00,0.1052763522138974,0.07108394041062954,0.13973957347707297,0.10213774930474849,0.1872888021442425,0.10534823689040045
2013-02-14 06:00:00,0.32866867605645267,0.27810170377430093,0.3578280802962205,0.3004199350839132,0.39905890715555026,0.3238352122661992
2013-02-14 07:00:00,0.5309015624071725,0.47738626005617096,0.5461020118097142,0.4916028061940016,0.5790496069943788,0.5172749339634546
2013-02-14 08:00:00,0.6581072155250361,0.6008536949471297,0.6682637698035977,0.619325457735586,0.6895905643593083,0.6442350696880123
2013-02-14 09:00:00,0.7258960980280598,0.6841785876656324,0.7398184895961595,0.6793717496757186,0.7511482493426912,0.7224745524448037
2013-02-14 10:00:00,0.7654844837417932,0.7189988151268573,0.7540243323189382,0.6963224068004447,0.7564366296684034,0.7456709308473582
2013-02-14 11:00:00,0.7371647205805701,0.6965836721895181,0.7264354339317882,0.67594132408171,0.7207387922356254,0.7237551471130849
2013-02-14 12:00:00,0.6703114295756653,0.6441462324057935,0.6498123702994518,0.5917445694866974,0.6338549213184758,0.6497599882635918
2013-02-14 13:00:00,0.5535241243248709,0.5220087860885514,0.5198207562534823,0.4882685874214146,0.49811243523140714,0.5246214949622818
2013-02-14 14:00:00,0.3855370316082513,0.3602179472205668,0.3392905446207128,0.33961445921143973,0.3116881396405406,0.3448118964765622
2013-02-14 15:00:00,0.17828357592122213,0.17052183538126728,0.1303635577245826,0.15965027283969047,0.10295409089355814,0.14030793792797291
2013-02-14 16:00:00,0.007336616046513077,0.014650828044409148,0.0,0.011405902519625246,0.0,3.9451125984871845e-07
2013-02-14 17:00:00,0.0,0.0,0.0,0.0,0.0,0.0
2013-02-14 18:00:00,0.0,0.0,0.0,0.0,0.0,0.0
2013-02-14 19:00:00,0.0,0.0,0.0,0.0,0.0,0.0
2013-02-14 20:00:00,0.0,0.0,0.0,0.0,0.0,0.0
2013-02-14 21:00:00,0.0,0.0,0.0,0.0,0.0,0.0
2013-02-14 22:00:00,0.0,0.0,0.0,0.0,0.0,0.0
2013-02-14 23:00:00,0.0,0.0,0.0,0.0,0.0,0.0
2013-02-15 00:00:00,0.0,0.0,0.0,0.0,0.0,0.0
2013-02-15 01:00:00,0.0,0.0,0.0,0.0,0.0,0.0
2013-02-15 02:00:00,0.0,0.0,0.0,0.0,0.0,0.0
2013-02-15 03:00:00,0.0,0.0,0.0,0.0,0.0,0.0
2013-02-15 04:00:00,0.0,0.0,0.0,0.0,0.014457838425039617,0.0
2013-02-15 05:00:00,0.11062462063663892,0.07226206432809602,0.14256131832902305,0.106031551258096,0.1949079532101466,0.10772423506879585
2013-02-15 06:00:00,0.3377957190059912,0.2762183982491794,0.3674022599804894,0.3147797344366648,0.4118409503741287,0.32398601691615425
2013-02-15 07:00:00,0.5383762532037079,0.4784763340870575,0.5551923760410779,0.4980886226498058,0.5840215432057408,0.5159160172059399
2013-02-15 08:00:00,0.66750037302909,0.6222662928580933,0.6755244618687049,0.6317739202354488,0.6926347880885557,0.647190336374515
2013-02-15 09:00:00,0.7512639499722571,0.7017588194260683,0.7475959580254874,0.6997608635596846,0.7538651092908354,0.7273526046068982
2013-02-15 10:00:00,0.7747879680778587,0.7187767570854181,0.7620938793129953,0.7178052207137581,0.7597394012786451,0.7471699599846106
2013-02-15 11:00:00,0.751274173582953,0.6856633315487448,0.735199826616982,0.6964900167061385,0.7247645436561045,0.7237513559471318
2013-02-15 12:00:00,0.6796473981346383,0.6314820883500264,0.65847436784441,0.6293590494996577,0.6403871032337595,0.6535059663689208
2013-02-15 13:00:00,0.5622880634744954,0.5083401200558766,0.5293832589564498,0.5135928356557676,0.5046110039997381,0.526552223341552
2013-02-15 14:00:00,0.38296402613898306,0.3521060956691795,0.3501395410011991,0.3563435081753538,0.31858621656220293,0.3528841825093807
2013-02-15 15:00:00,0.17180311026321132,0.17159388921686522,0.1336713990611415,0.15941462837904496,0.10478620889457049,0.14125578490509394
2013-02-15 16:00:00,0.007998048153460885,0.016589214790560768,0.0,0.013167794629315117,0.0,4.585119494731642e-07
2013-02-15 17:00:00,0.0,0.0,0.0,0.0,0.0,0.0
2013-02-15 18:00:00,0.0,0.0,0.0,0.0,0.0,0.0
2013-02-15 19:00:00,0.0,0.0,0.0,0.0,0.0,0.0
2013-02-15 20:00:00,0.0,0.0,0.0,0.0,0.0,0.0
2013-02-15 21:00:00,0.0,0.0,0.0,0.0,0.0,0.0
2013-02-15 22:00:00,0.0,0.0,0.0,0.0,0.0,0.0
2013-02-15 23:00:00,0.0,0.0,0.0,0.0,0.0,0.0
2013-02-16 00:00:00,0.0,0.0,0.0,0.0,0.0,0.0
2013-02-16 01:00:00,0.0,0.0,0.0,0.0,0.0,0.0
2013-02-16 02:00:00,0.0,0.0,0.0,0.0,0.0,0.0
2013-02-16 03:00:00,0.0,0.0,0.0,0.0,0.0,0.0
2013-02-16 04:00:00,0.0,0.0,0.0,0.0,0.014921089917733566,0.0
2013-02-16 05:00:00,0.11307270344288044,0.07537020941797505,0.14859513046535497,0.10889536803181968,0.19704656828473718,0.10984651648548736
2013-02-16 06:00:00,0.34389416243159454,0.28834759225246126,0.374787478012087,0.3200274971316125,0.41469717718409715,0.3320635116221451
2013-02-16 07:00:00,0.5467720102341778,0.4903763585896633,0.5615251224535378,0.5148339695124055,0.5878346173015772,0.526392598649705
2013-02-16 08:00:00,0.676480726872298,0.62520867884713,0.6773667307198661,0.639309919696484,0.6921743196503612,0.654666805242486
2013-02-16 09:00:00,0.7587200286798593,0.715261479213857,0.7482858886449724,0.7144936251998955,0.754997721212615,0.728998995420013
2013-02-16 10:00:00,0.7846928205640723,0.7476877372008104,0.7681475419061408,0.7307940703043564,0.7661040510662208,0.7566736583869316
2013-02-16 11:00:00,0.7641620781691791,0.7190872666737876,0.7386603072167603,0.7121184832351991,0.7294950897214492,0.7339653040934918
2013-02-16 12:00:00,0.6952833798023628,0.6364194047204896,0.6612547198141098,0.6477384688503623,0.6425635118494809,0.6610814359041277
2013-02-16 13:00:00,0.5685425624231953,0.5280725763690582,0.5295987519944136,0.5141837203760853,0.5056139473836079,0.5355904105159176
2013-02-16 14:00:00,0.38785366681771644,0.36675609029017076,0.34572749093892724,0.3613709840337953,0.31758268005619206,0.3568692515170487
2013-02-16 15:00:00,0.17713880728377418,0.17417924757194325,0.1303818658568993,0.16221015400717162,0.10456206858505927,0.14362218192602275
2013-02-16 16:00:00,0.007890552058284532,0.015846851050864978,0.0,0.011603240843061455,0.0,4.66647105158945e-07
2013-02-16 17:00:00,0.0,0.0,0.0,0.0,0.0,0.0
2013-02-16 18:00:00,0.0,0.0,0.0,0.0,0.0,0.0
2013-02-16 19:00:00,0.0,0.0,0.0,0.0,0.0,0.0
2013-02-16 20:00:00,0.0,0.0,0.0,0.0,0.0,0.0
2013-02-16 21:00:00,0.0,0.0,0.0,0.0,0.0,0.0
2013-02-16 22:00:00,0.0,0.0,0.0,0.0,0.0,0.0
2013-02-16 23:00:00,0.0,0.0,0.0,0.0,0.0,0.0
2013-02-17 00:00:00,0.0,0.0,0.0,0.0,0.0,0.0
2013-02-17 01:00:00,0.0,0.0,0.0,0.0,0.0,0.0
2013-02-17 02:00:00,0.0,0.0,0.0,0.0,0.0,0.0
2013-02-17 03:00:00,0.0,0.0,0.0,0.0,0.0,0.0
2013-02-17 04:00:00,0.0,0.0,0.0,0.0,0.015162621908759635,0.0
2013-02-17 05:00:00,0.11477170517740304,0.07823600014887952,0.14736593583566696,0.11251254122986516,0.19866632966150294,0.11033526604052149
2013-02-17 06:00:00,0.34958140628641393,0.2960051148446573,0.37301384932916765,0.3288925470746656,0.41821523567738006,0.3322626299462524
2013-02-17 07:00:00,0.5509363401541708,0.4991847495459371,0.5613194221241784,0.5199206120734096,0.5941848424089118,0.5289197291933079
2013-02-17 08:00:00,0.6823682540560956,0.6365858825344615,0.6823892937671237,0.6513929516076662,0.7061446735821294,0.6552770772282167
2013-02-17 09:00:00,0.7639906414663838,0.7192555707592937,0.7507342126425355,0.7237827841491399,0.7626725620784872,0.732202092728268
2013-02-17 10:00:00,0.7868889148922165,0.7474173008343277,0.7664226326381598,0.7480477989632801,0.7688993562822328,0.7558191285209392
2013-02-17 11:00:00,0.7691983893703723,0.7349273234756137,0.7398259655787102,0.7182481132801494,0.7333036046229681,0.732330321589748
2013-02-17 12:00:00,0.7014284272883322,0.6741554736113058,0.6633145197753135,0.6523126751106838,0.6481086622186958,0.6600209323833767
2013-02-17 13:00:00,0.5762269380586335,0.5516559888559182,0.534135067692649,0.5338279407333324,0.5111891725542529,0.5344581439094641
2013-02-17 14:00:00,0.4049522703066424,0.3894976588578152,0.35308053026484637,0.36638155841628445,0.3230773728697057,0.3569861830602928
2013-02-17 15:00:00,0.1847415367700294,0.18607519212393464,0.13573371495170003,0.17551623930122975,0.1068939646553101,0.1443733161992266
2013-02-17 16:00:00,0.008744898773653796,0.017658418277485242,0.0,0.012831503873788709,0.0,6.889702634581171e-05
2013-02-17 17:00:00,0.0,0.0,0.0,0.0,0.0,0.0
2013-02-17 18:00:00,0.0,0.0,0.0,0.0,0.0,0.0
2013-02-17 19:00:00,0.0,0.0,0.0,0.0,0.0,0.0
2013-02-17 20:00:00,0.0,0.0,0.0,0.0,0.0,0.0
2013-02-17 21:00:00,0.0,0.0,0.0,0.0,0.0,0.0
2013-02-17 22:00:00,0.0,0.0,0.0,0.0,0.0,0.0
2013-02-17 23:00:00,0.0,0.0,0.0,0.0,0.0,0.0
2013-02-18 00:00:00,0.0,0.0,0.0,0.0,0.0,0.0
2013-02-18 01:00:00,0.0,0.0,0.0,0.0,0.0,0.0
2013-02-18 02:00:00,0.0,0.0,0.0,0.0,0.0,0.0
2013-02-18 03:00:00,0.0,0.0,0.0,0.0,0.0,0.0
2013-02-18 04:00:00,0.0,0.0,0.0,0.0,0.015853864063272424,0.0
2013-02-18 05:00:00,0.11689093042912697,0.07874601683938318,0.15113132145841135,0.1126155601978866,0.20056490207388997,0.11258670335582549
2013-02-18 06:00:00,0.3496383920730705,0.2943590498660339,0.3792385982627756,0.32197381798590174,0.41951952558240624,0.3358416019193931
2013-02-18 07:00:00,0.5501945099589244,0.49552233815075847,0.5654141756474143,0.5158498018119221,0.5927156778913766,0.5295634848279939
2013-02-18 08:00:00,0.6802225030571226,0.6302666578319637,0.6863645796720064,0.6495475699260462,0.701907229262507,0.6571787011790976
2013-02-18 09:00:00,0.7601144065814509,0.7120532758001656,0.7592582811788382,0.7154400365401976,0.7631753071756706,0.7347914843909005
2013-02-18 10:00:00,0.7769117658017602,0.7344562311696907,0.7737111874720297,0.7265896717219033,0.768817701466026,0.7583276322156407
2013-02-18 11:00:00,0.7606645378402601,0.7237670365506794,0.7461927983067038,0.7286399472872176,0.7326000689141512,0.7355780205946367
2013-02-18 12:00:00,0.6984905976314589,0.6590389596607109,0.6689079677139655,0.6485893040362207,0.6464762964234186,0.6627442011484828
2013-02-18 13:00:00,0.5746410890099792,0.5410461545547578,0.5386258761569579,0.5546733044841152,0.5092242184424975,0.5373794930561527
2013-02-18 14:00:00,0.3950312654992851,0.36869438511918035,0.35654107401458673,0.3764790424689571,0.32118454620779996,0.3589443924202757
2013-02-18 15:00:00,0.17841526346838602,0.17673497538758676,0.13770003403562212,0.1800507589801018,0.10612791764399726,0.14556693770485746
2013-02-18 16:00:00,0.008540295354680679,0.016971616959943685,0.0,0.014025081801720072,0.0,8.919285983179003e-05
2013-02-18 17:00:00,0.0,0.0,0.0,0.0,0.0,0.0
2013-02-18 18:00:00,0.0,0.0,0.0,0.0,0.0,0.0
2013-02-18 19:00:00,0.0,0.0,0.0,0.0,0.0,0.0
2013-02-18 20:00:00,0.0,0.0,0.0,0.0,0.0,0.0
2013-02-18 21:00:00,0.0,0.0,0.0,0.0,0.0,0.0
2013-02-18 22:00:00,0.0,0.0,0.0,0.0,0.0,0.0
2013-02-18 23:00:00,0.0,0.0,0.0,0.0,0.0,0.0
2013-02-19 00:00:00,0.0,0.0,0.0,0.0,0.0,0.0
2013-02-19 01:00:00,0.0,0.0,0.0,0.0,0.0,0.0
2013-02-19 02:00:00,0.0,0.0,0.0,0.0,0.0,0.0
2013-02-19 03:00:00,0.0,0.0,0.0,0.0,0.0,0.0
2013-02-19 04:00:00,0.0,0.0,0.0,0.0,0.01417524534368053,0.0
2013-02-19 05:00:00,0.11665291369264126,0.07930358166825084,0.1466395491115442,0.11403369704779699,0.1848153858700205,0.11454558177251667
2013-02-19 06:00:00,0.3500653145390507,0.2952696940688873,0.3704900764817115,0.327339154797849,0.39782867133466787,0.33351989112283337
2013-02-19 07:00:00,0.5473161178469038,0.4943716585570645,0.5583309672349618,0.5143310801518459,0.57650619171283,0.5241856667103361
2013-02-19 08:00:00,0.6780675979433036,0.631632676299633,0.6795192533041459,0.6502213946974688,0.694885143649999,0.6544709841738486
2013-02-19 09:00:00,0.7471905327761644,0.7174269967279552,0.7476743240710438,0.7190511696721216,0.7570399394587662,0.7326053609015057
2013-02-19 10:00:00,0.774496094186682,0.7463790087455205,0.761900912516649,0.7422922183493463,0.7612989843996955,0.7569853404375523
2013-02-19 11:00:00,0.7429813121857413,0.7057742008393625,0.7352224700881123,0.7071340734221908,0.7251357725292592,0.7319515994811691
2013-02-19 12:00:00,0.6666856933026656,0.6295953856179544,0.6574552173263398,0.6452320939464208,0.6396084994630098,0.6597218600714385
2013-02-19 13:00:00,0.5643879012759949,0.5297905526615492,0.5271876683185981,0.5381051449196371,0.5032531490956402,0.5321918495525056
2013-02-19 14:00:00,0.37669907226962857,0.3638474937352851,0.34768026671434704,0.3701372061579979,0.3160904760097222,0.3542015399217744
2013-02-19 15:00:00,0.1753887265481818,0.17960926968169563,0.13349116805566685,0.17365847298879614,0.10360252401792087,0.1431765371444351
2013-02-19 16:00:00,0.00783898905094128,0.016503174628778945,0.0,0.012366255786965626,0.0,8.306511460834044e-05
2013-02-19 17:00:00,0.0,0.0,0.0,0.0,0.0,0.0
2013-02-19 18:00:00,0.0,0.0,0.0,0.0,0.0,0.0
2013-02-19 19:00:00,0.0,0.0,0.0,0.0,0.0,0.0
2013-02-19 20:00:00,0.0,0.0,0.0,0.0,0.0,0.0
2013-02-19 21:00:00,0.0,0.0,0.0,0.0,0.0,0.0
2013-02-19 22:00:00,0.0,0.0,0.0,0.0,0.0,0.0
2013-02-19 23:00:00,0.0,0.0,0.0,0.0,0.0,0.0
2013-02-20 00:00:00,0.0,0.0,0.0,0.0,0.0,0.0
2013-02-20 01:00:00,0.0,0.0,0.0,0.0,0.0,0.0
2013-02-20 02:00:00,0.0,0.0,0.0,0.0,0.0,0.0
2013-02-20 03:00:00,0.0,0.0,0.0,0.0,0.0,0.0
2013-02-20 04:00:00,0.0,0.0,0.0,0.0,0.016058666592724882,0.0
2013-02-20 05:00:00,0.11259305115830967,0.07834721272209223,0.14182897761560428,0.11268864300903612,0.19250279411183766,0.10999062578504559
2013-02-20 06:00:00,0.3426137350478558,0.2919212894502301,0.36194079245990685,0.32380495305083795,0.40737718122234273,0.32330464969068307
2013-02-20 07:00:00,0.53758654005387,0.48831929709408206,0.5442575570989984,0.5123453801790283,0.5781321201271393,0.5111775849912531
2013-02-20 08:00:00,0.6668017409666052,0.6260119104396925,0.6666619257265086,0.6333747976524386,0.6880231460176679,0.6375822670291403
2013-02-20 09:00:00,0.7430187903874509,0.7087989308977247,0.7370920968191002,0.6930936541410265,0.7502521351075608,0.7084828463933972
2013-02-20 10:00:00,0.7708929039965859,0.7274188743993848,0.7516532034294113,0.7241405044142084,0.7560221165589501,0.7358189276045864
2013-02-20 11:00:00,0.7370147985000627,0.6911566330875705,0.7103544784743164,0.7055678194352334,0.7186454989872206,0.7192616038969193
2013-02-20 12:00:00,0.665597707065258,0.6256751686777378,0.6392021508951187,0.6351585336632772,0.6318792062694298,0.645848590913544
2013-02-20 13:00:00,0.5357351291558885,0.5021031804279361,0.5081660518509759,0.5289285571715676,0.49221039122457305,0.5037385556573084
2013-02-20 14:00:00,0.36348073312326207,0.34971752457342464,0.3409283241994007,0.35710160495999854,0.3119823139192747,0.3400704484535405
2013-02-20 15:00:00,0.15831397868346997,0.1594182767555932,0.12938913381284473,0.16419726618794278,0.10264360676863364,0.13413980923575977
2013-02-20 16:00:00,0.006850902897522639,0.014866209299499084,0.0,0.011984626670658836,0.0,0.0001328520172487897
2013-02-20 17:00:00,0.0,0.0,0.0,0.0,0.0,0.0
2013-02-20 18:00:00,0.0,0.0,0.0,0.0,0.0,0.0
2013-02-20 19:00:00,0.0,0.0,0.0,0.0,0.0,0.0
2013-02-20 20:00:00,0.0,0.0,0.0,0.0,0.0,0.0
2013-02-20 21:00:00,0.0,0.0,0.0,0.0,0.0,0.0
2013-02-20 22:00:00,0.0,0.0,0.0,0.0,0.0,0.0
2013-02-20 23:00:00,0.0,0.0,0.0,0.0,0.0,0.0
2013-02-21 00:00:00,0.0,0.0,0.0,0.0,0.0,0.0
2013-02-21 01:00:00,0.0,0.0,0.0,0.0,0.0,0.0
2013-02-21 02:00:00,0.0,0.0,0.0,0.0,0.0,0.0
2013-02-21 03:00:00,0.0,0.0,0.0,0.0,0.0,0.0
2013-02-21 04:00:00,0.0,0.0,0.0,0.0,0.014967844111437475,0.0
2013-02-21 05:00:00,0.1068297652674518,0.0748861736573383,0.14261329148395138,0.10323397338314336,0.1870778464389372,0.10748918188171815
2013-02-21 06:00:00,0.3302164796171147,0.28404667116129856,0.3549228700204277,0.3037165478700039,0.39537868520164177,0.3213914956282512
2013-02-21 07:00:00,0.5195479150052644,0.4883865509848227,0.53137846397062,0.4893023923357608,0.5825878273735122,0.5076764380778697
2013-02-21 08:00:00,0.6504136209632239,0.6189017091385453,0.6521348024600928,0.6079816724024779,0.6934899109100279,0.6260869609412008
2013-02-21 09:00:00,0.7264819751548158,0.6957123585319164,0.7198360801387162,0.6736930416399155,0.7535099632290244,0.7021462427401374
2013-02-21 10:00:00,0.6880172361209841,0.7161878165585136,0.7118480860931923,0.6884972009508604,0.7557214458654782,0.7241223294675513
2013-02-21 11:00:00,0.6593850825972318,0.6705660474955146,0.689416223672232,0.6596427509393173,0.7170274087493134,0.7093179496977565
2013-02-21 12:00:00,0.58312117602032,0.5723520811616848,0.6107952974691501,0.6037362543932905,0.6279068052234046,0.6068761531591286
2013-02-21 13:00:00,0.4768506892417704,0.4812510870170565,0.4969560618522708,0.4973111038678595,0.4937253413372797,0.4912164581654061
2013-02-21 14:00:00,0.33045846883273783,0.3176540674618973,0.3233751500762893,0.342167140004789,0.30919062924931207,0.30912314451883555
2013-02-21 15:00:00,0.14521256857625559,0.14542559926087786,0.1246342004630302,0.1577647255925586,0.10117021945806394,0.1257289010926405
2013-02-21 16:00:00,0.005499965558995541,0.013239697053315841,0.0,0.011470920530571922,0.0,0.0002283546254517786
2013-02-21 17:00:00,0.0,0.0,0.0,0.0,0.0,0.0
2013-02-21 18:00:00,0.0,0.0,0.0,0.0,0.0,0.0
2013-02-21 19:00:00,0.0,0.0,0.0,0.0,0.0,0.0
2013-02-21 20:00:00,0.0,0.0,0.0,0.0,0.0,0.0
2013-02-21 21:00:00,0.0,0.0,0.0,0.0,0.0,0.0
2013-02-21 22:00:00,0.0,0.0,0.0,0.0,0.0,0.0
2013-02-21 23:00:00,0.0,0.0,0.0,0.0,0.0,0.0
2013-02-22 00:00:00,0.0,0.0,0.0,0.0,0.0,0.0
2013-02-22 01:00:00,0.0,0.0,0.0,0.0,0.0,0.0
2013-02-22 02:00:00,0.0,0.0,0.0,0.0,0.0,0.0
2013-02-22 03:00:00,0.0,0.0,0.0,0.0,0.0,0.0
2013-02-22 04:00:00,0.0,0.0,0.0,0.0,0.01723211643241232,0.0
2013-02-22 05:00:00,0.10446772786225415,0.0796130670505084,0.14166036317267094,0.108499216161801,0.1983595295418257,0.10819543051610866
2013-02-22 06:00:00,0.3248487605637521,0.2962909789304934,0.3594333278247365,0.31787915940744454,0.4114307613459785,0.3217787309591741
2013-02-22 07:00:00,0.5330965470967773,0.49540023387715626,0.5388134971595568,0.5101342066001903,0.588412787163696,0.5069739108645609
2013-02-22 08:00:00,0.6579980914758357,0.6286230678161598,0.6593285536215572,0.6413265001653724,0.6979503609490186,0.6343579268412513
2013-02-22 09:00:00,0.7191730623311915,0.6967347768669876,0.7356166854292953,0.7089575021133622,0.7584359648519763,0.708732199293519
2013-02-22 10:00:00,0.6875452957581603,0.6967663385155365,0.7502702497642654,0.7178931517504173,0.7618949339958168,0.7184316260252273
2013-02-22 11:00:00,0.649826515921319,0.6843987763947742,0.7099215860856078,0.684393945273842,0.724528157269951,0.6882137625643632
2013-02-22 12:00:00,0.603291254473799,0.6188027479780719,0.621571810837576,0.6248620908479166,0.6387583318135761,0.6082930121281334
2013-02-22 13:00:00,0.48106014714087947,0.49681834295828065,0.4830321696640678,0.5134538388103396,0.5022576564177479,0.4897758698148536
2013-02-22 14:00:00,0.325489828544904,0.34392315397207246,0.31698783818920806,0.3582924096704264,0.3167155470486181,0.327528482788392
2013-02-22 15:00:00,0.14845928589338703,0.1667434315890366,0.12290334196870753,0.16444854751963714,0.10412511265557423,0.1345916282729768
2013-02-22 16:00:00,0.006991027046083896,0.0174282803231969,0.0,0.01302068174943096,0.0,0.0003651011155858141
2013-02-22 17:00:00,0.0,0.0,0.0,0.0,0.0,0.0
2013-02-22 18:00:00,0.0,0.0,0.0,0.0,0.0,0.0
2013-02-22 19:00:00,0.0,0.0,0.0,0.0,0.0,0.0
2013-02-22 20:00:00,0.0,0.0,0.0,0.0,0.0,0.0
2013-02-22 21:00:00,0.0,0.0,0.0,0.0,0.0,0.0
2013-02-22 22:00:00,0.0,0.0,0.0,0.0,0.0,0.0
2013-02-22 23:00:00,0.0,0.0,0.0,0.0,0.0,0.0
2013-02-23 00:00:00,0.0,0.0,0.0,0.0,0.0,0.0
2013-02-23 01:00:00,0.0,0.0,0.0,0.0,0.0,0.0
2013-02-23 02:00:00,0.0,0.0,0.0,0.0,0.0,0.0
2013-02-23 03:00:00,0.0,0.0,0.0,0.0,0.0,0.0
2013-02-23 04:00:00,0.0,0.0,0.0,2.1798787539694513e-05,0.01706456068648103,0.0
2013-02-23 05:00:00,0.11267317913238245,0.07658602687470634,0.1453270835085013,0.11312819439033128,0.1953694566891025,0.11219796817697701
2013-02-23 06:00:00,0.3343879976730907,0.2785272662081195,0.3600022047795726,0.3249132602716686,0.40980952197305154,0.3287774303275699
2013-02-23 07:00:00,0.5303474480289403,0.47530887505476116,0.5500967010407556,0.5147817396354407,0.5854620086915114,0.5212858368581429
2013-02-23 08:00:00,0.6563715916030443,0.6016992671805936,0.6728384979879095,0.6423040889611772,0.6950223403317731,0.6400277577920817
2013-02-23 09:00:00,0.732836657176127,0.6906372506421672,0.7415257914479185,0.7113334270436387,0.7553589272286381,0.7233355635154148
2013-02-23 10:00:00,0.7545792374074587,0.7039742094658464,0.7556958714922951,0.7376849591897756,0.7584951605776201,0.7417208487156361
2013-02-23 11:00:00,0.7160805255391886,0.6838736604093462,0.7270616975247232,0.7102102999974883,0.7214414250993193,0.7193961093371373
2013-02-23 12:00:00,0.631172879499947,0.6326343628768237,0.6465915174135617,0.6389547508091277,0.6299390169456188,0.6479213891533971
2013-02-23 13:00:00,0.4976147727932645,0.5035850265995576,0.5071764321334912,0.5260118684220753,0.49329620134601976,0.5199894048885119
2013-02-23 14:00:00,0.3455144109308761,0.3515559149538249,0.33768878656939755,0.36639846516921054,0.30599417727900063,0.3481431942074987
2013-02-23 15:00:00,0.1606780571310234,0.16337765057972303,0.1309823625407518,0.1681801042234174,0.10042284440719229,0.1387486783523552
2013-02-23 16:00:00,0.00778973477310096,0.01703839843321222,0.0,0.013292613455285844,0.0,0.00037784045888405836
2013-02-23 17:00:00,0.0,0.0,0.0,0.0,0.0,0.0
2013-02-23 18:00:00,0.0,0.0,0.0,0.0,0.0,0.0
2013-02-23 19:00:00,0.0,0.0,0.0,0.0,0.0,0.0
2013-02-23 20:00:00,0.0,0.0,0.0,0.0,0.0,0.0
2013-02-23 21:00:00,0.0,0.0,0.0,0.0,0.0,0.0
2013-02-23 22:00:00,0.0,0.0,0.0,0.0,0.0,0.0
2013-02-23 23:00:00,0.0,0.0,0.0,0.0,0.0,0.0
2013-02-24 00:00:00,0.0,0.0,0.0,0.0,0.0,0.0
2013-02-24 01:00:00,0.0,0.0,0.0,0.0,0.0,0.0
2013-02-24 02:00:00,0.0,0.0,0.0,0.0,0.0,0.0
2013-02-24 03:00:00,0.0,0.0,0.0,0.0,0.0,0.0
2013-02-24 04:00:00,0.0,0.0,0.0,4.804360567508655e-05,0.015298861309683979,0.0
2013-02-24 05:00:00,0.11979195757072926,0.08405807179331372,0.1450023482637815,0.11985984615487874,0.1858811396829965,0.11587943927986187
2013-02-24 06:00:00,0.3518110570318824,0.3023593871575937,0.3649668573768493,0.33864878421522243,0.39449337959744446,0.329300185534278
2013-02-24 07:00:00,0.551826451399446,0.5047260211795355,0.5481222255812697,0.5293057441965819,0.5787166421885117,0.5255505142458957
2013-02-24 08:00:00,0.6781246851910487,0.6408857723421602,0.6662863459595926,0.6588692465874182,0.6905496883091083,0.6504469111023156
2013-02-24 09:00:00,0.7621098123386636,0.7229479214665199,0.7439142782068024,0.7363760759405794,0.7513218288199476,0.7295431551951542
2013-02-24 10:00:00,0.7855485393888003,0.7529545260702136,0.7592317211227517,0.7549405544231657,0.7522468608773043,0.7549353078159926
2013-02-24 11:00:00,0.7668606525098683,0.741766561615119,0.7309531493027045,0.7309604058019471,0.7159506210405652,0.7310870751219611
2013-02-24 12:00:00,0.6967691129249043,0.6785001081187968,0.6439740448613648,0.6655256733562187,0.6339673725089088,0.6595917193275568
2013-02-24 13:00:00,0.5765795119633086,0.5657048198663114,0.5201134572023268,0.552010468284326,0.5014114108911352,0.5338629887972588
2013-02-24 14:00:00,0.4025767452783088,0.39973653379952523,0.34381832859339334,0.38454923713771416,0.3150680274837222,0.35701150936954856
2013-02-24 15:00:00,0.18226933365756215,0.19405079685516602,0.13032272575922318,0.18082002718177675,0.10342908849340873,0.14520496470106167
2013-02-24 16:00:00,0.009544531258627753,0.02019837197709453,0.0,0.01461278636686771,0.0,0.0004484325797027756
2013-02-24 17:00:00,0.0,0.0,0.0,0.0,0.0,0.0
2013-02-24 18:00:00,0.0,0.0,0.0,0.0,0.0,0.0
2013-02-24 19:00:00,0.0,0.0,0.0,0.0,0.0,0.0
2013-02-24 20:00:00,0.0,0.0,0.0,0.0,0.0,0.0
2013-02-24 21:00:00,0.0,0.0,0.0,0.0,0.0,0.0
2013-02-24 22:00:00,0.0,0.0,0.0,0.0,0.0,0.0
2013-02-24 23:00:00,0.0,0.0,0.0,0.0,0.0,0.0
2013-02-25 00:00:00,0.0,0.0,0.0,0.0,0.0,0.0
2013-02-25 01:00:00,0.0,0.0,0.0,0.0,0.0,0.0
2013-02-25 02:00:00,0.0,0.0,0.0,0.0,0.0,0.0
2013-02-25 03:00:00,0.0,0.0,0.0,0.0,0.0,0.0
2013-02-25 04:00:00,0.0,0.0,0.0,5.0436304542904786e-05,0.01865539346220844,0.0
2013-02-25 05:00:00,0.11932794784710435,0.08451238690882137,0.13866024186530101,0.11750865732214782,0.1983466365958019,0.11843278517679369
2013-02-25 06:00:00,0.3499433752602345,0.3007522602562315,0.35707252123171945,0.33384805420551694,0.4139975005565737,0.3380242469289985
2013-02-25 07:00:00,0.5461646638146472,0.5018466234225697,0.5472658667679536,0.5260949106159832,0.5907932413542026,0.5281449710938194
2013-02-25 08:00:00,0.6781749140004892,0.6403769435603381,0.6693293510579589,0.6533408209335141,0.6987009065418402,0.6575316663054709
2013-02-25 09:00:00,0.752300160961609,0.7246832551135308,0.741451777375817,0.7296241693458948,0.758609449841253,0.7349787168134488
2013-02-25 10:00:00,0.7704618366264994,0.7544237062055791,0.7568637048287666,0.7480678823342591,0.7646378267682689,0.7576097675776993
2013-02-25 11:00:00,0.7468105645095697,0.7412089724815103,0.7120522595430185,0.725811973630614,0.728714100338443,0.7341198149954127
2013-02-25 12:00:00,0.687830710836479,0.6731158473757827,0.6385856418711034,0.6690370124828965,0.6436440672638774,0.6614928456260402
2013-02-25 13:00:00,0.5520810318669161,0.5504800115808554,0.5162028808957796,0.5365335906623699,0.5059913734626772,0.5360528639926643
2013-02-25 14:00:00,0.3864005991633701,0.3884422479080145,0.3312974157328045,0.36279508317242903,0.3177130204724787,0.359263113404142
2013-02-25 15:00:00,0.1725835131991944,0.1852995408105,0.12840877311307444,0.16847772693690843,0.10443243360672355,0.14667566573774327
2013-02-25 16:00:00,0.00821101416370873,0.018652216067150135,0.0,0.012572347742418478,0.0,0.0005906204786824547
2013-02-25 17:00:00,0.0,0.0,0.0,0.0,0.0,0.0
2013-02-25 18:00:00,0.0,0.0,0.0,0.0,0.0,0.0
2013-02-25 19:00:00,0.0,0.0,0.0,0.0,0.0,0.0
2013-02-25 20:00:00,0.0,0.0,0.0,0.0,0.0,0.0
2013-02-25 21:00:00,0.0,0.0,0.0,0.0,0.0,0.0
2013-02-25 22:00:00,0.0,0.0,0.0,0.0,0.0,0.0
2013-02-25 23:00:00,0.0,0.0,0.0,0.0,0.0,0.0
2013-02-26 00:00:00,0.0,0.0,0.0,0.0,0.0,0.0
2013-02-26 01:00:00,0.0,0.0,0.0,0.0,0.0,0.0
2013-02-26 02:00:00,0.0,0.0,0.0,0.0,0.0,0.0
2013-02-26 03:00:00,0.0,0.0,0.0,0.0,0.0,0.0
2013-02-26 04:00:00,0.0,0.0,0.0,5.0165420688493554e-05,0.019398620756768743,0.0
2013-02-26 05:00:00,0.12055761522218085,0.08498358404665343,0.15098274000172743,0.11952821600037668,0.20217979827726076,0.12340132789494507
2013-02-26 06:00:00,0.3421336849617461,0.28998162704588987,0.3620655220007154,0.33289063925120466,0.41227968721249436,0.33982283827309934
2013-02-26 07:00:00,0.5340549913486116,0.48849134370089303,0.5435985399936507,0.5202135215151156,0.5830445121204895,0.5280271295665165
2013-02-26 08:00:00,0.6731892449927326,0.6337428187679421,0.6734958919288515,0.6559561991559417,0.6964826090587098,0.6608344846805491
2013-02-26 09:00:00,0.7603108134908213,0.7054699518035228,0.7469992754200016,0.7263042523470467,0.7569342650852319,0.7395200302281291
2013-02-26 10:00:00,0.7898226503909728,0.7274563496017618,0.7601518184676355,0.7448715511794437,0.7663402594226149,0.7638204463697806
2013-02-26 11:00:00,0.7686216822491411,0.7145334454022668,0.7349669181689079,0.7219550685901888,0.7295827461393181,0.7399227595500693
2013-02-26 12:00:00,0.6987853949049178,0.6464946618337986,0.6401005979371526,0.6361514694595156,0.6433102315218037,0.6671366897248207
2013-02-26 13:00:00,0.5663225756190486,0.5418534719967574,0.5055578840143445,0.52696978673107,0.5045324465612131,0.5410150886965288
2013-02-26 14:00:00,0.39593240398119833,0.3808352283576807,0.33482124039142686,0.3731206663267898,0.31687615444362405,0.3612125978319206
2013-02-26 15:00:00,0.1763062494015575,0.17996065984616602,0.12790678228601599,0.1772905555828857,0.10325720792600579,0.14611574525630872
2013-02-26 16:00:00,0.00862933982963393,0.01791632848495897,0.0,0.013503004696574315,0.0,0.0007141577638774924
2013-02-26 17:00:00,0.0,0.0,0.0,0.0,0.0,0.0
2013-02-26 18:00:00,0.0,0.0,0.0,0.0,0.0,0.0
2013-02-26 19:00:00,0.0,0.0,0.0,0.0,0.0,0.0
2013-02-26 20:00:00,0.0,0.0,0.0,0.0,0.0,0.0
2013-02-26 21:00:00,0.0,0.0,0.0,0.0,0.0,0.0
2013-02-26 22:00:00,0.0,0.0,0.0,0.0,0.0,0.0
2013-02-26 23:00:00,0.0,0.0,0.0,0.0,0.0,0.0
2013-02-27 00:00:00,0.0,0.0,0.0,0.0,0.0,0.0
2013-02-27 01:00:00,0.0,0.0,0.0,0.0,0.0,0.0
2013-02-27 02:00:00,0.0,0.0,0.0,0.0,0.0,0.0
2013-02-27 03:00:00,0.0,0.0,0.0,0.0,0.0,0.0
2013-02-27 04:00:00,0.0,0.0,0.0,5.26763656901566e-05,0.020432161537163738,0.0
2013-02-27 05:00:00,0.12242621804473074,0.08306401550012195,0.15549169553358966,0.12033055506628398,0.2049705523346499,0.12389088400360733
2013-02-27 06:00:00,0.35438879710108623,0.2908001985544622,0.3770717964955129,0.3409311338960583,0.42078539044173535,0.34685267427881716
2013-02-27 07:00:00,0.5532672693512398,0.48555360661905667,0.5653096475244157,0.5353916024532944,0.5929668593091154,0.5378835645341744
2013-02-27 08:00:00,0.6973165017436803,0.6312380928613639,0.6952619709854188,0.6720212747126751,0.7080642368715854,0.6713703086427174
2013-02-27 09:00:00,0.7638012572072259,0.6940712066378124,0.7540561976615097,0.7444779158570662,0.7615604174432846,0.7387864418314121
2013-02-27 10:00:00,0.7763213771975761,0.7099939741152747,0.7702506751603102,0.7571302637803745,0.7693325513843878,0.7609838281839529
2013-02-27 11:00:00,0.7539362441110852,0.683157194927189,0.7409592775211123,0.731459959101824,0.7317715519854288,0.7368529483837324
2013-02-27 12:00:00,0.6787127104840558,0.6158829128613558,0.6631770799542794,0.661969379060718,0.6451140427405851,0.6635034827352054
2013-02-27 13:00:00,0.5467446331815079,0.5035691772715224,0.5324303129703963,0.5404785817575575,0.5069056690672041,0.5326931680461744
2013-02-27 14:00:00,0.3393446223201656,0.34161531027162645,0.3479711114535228,0.3659385931187636,0.31690591442191857,0.3540013541187703
2013-02-27 15:00:00,0.15683112376543137,0.16732541765300965,0.1321221212677208,0.17416727257126427,0.10317762176206176,0.1444548039360895
2013-02-27 16:00:00,0.00736941134633481,0.016920561614227208,0.0,0.012253667350721175,0.0,0.0007964538045349228
2013-02-27 17:00:00,0.0,0.0,0.0,0.0,0.0,0.0
2013-02-27 18:00:00,0.0,0.0,0.0,0.0,0.0,0.0
2013-02-27 19:00:00,0.0,0.0,0.0,0.0,0.0,0.0
2013-02-27 20:00:00,0.0,0.0,0.0,0.0,0.0,0.0
2013-02-27 21:00:00,0.0,0.0,0.0,0.0,0.0,0.0
2013-02-27 22:00:00,0.0,0.0,0.0,0.0,0.0,0.0
2013-02-27 23:00:00,0.0,0.0,0.0,0.0,0.0,0.0
2013-02-28 00:00:00,0.0,0.0,0.0,0.0,0.0,0.0
2013-02-28 01:00:00,0.0,0.0,0.0,0.0,0.0,0.0
2013-02-28 02:00:00,0.0,0.0,0.0,0.0,0.0,0.0
2013-02-28 03:00:00,0.0,0.0,0.0,0.0,0.0,0.0
2013-02-28 04:00:00,0.0,0.0,0.0,0.00012571313143119322,0.017564693398488315,0.0
2013-02-28 05:00:00,0.12149099510700834,0.0781842950160884,0.15243163941474502,0.12179798957404696,0.18142662547945143,0.12135354126283984
2013-02-28 06:00:00,0.3433508534797731,0.27750885318263063,0.3701187732459712,0.34069618248442424,0.3922998005749478,0.3362886851649044
2013-02-28 07:00:00,0.5317673004773013,0.48341813452612237,0.5550280301670717,0.5278459981138852,0.5747190505253129,0.52552619034191
2013-02-28 08:00:00,0.67436708011113,0.6238136907906761,0.6792603949945416,0.6622939607257119,0.7019359897288714,0.6544441460337953
2013-02-28 09:00:00,0.7513778492118001,0.7049498401391947,0.7501145791669572,0.7287247894277122,0.7634626679956682,0.7305654117613258
2013-02-28 10:00:00,0.7474740132798979,0.7072493819903153,0.7619962795398998,0.7398143816242275,0.7683575338901473,0.7426618764478964
2013-02-28 11:00:00,0.6849732593466984,0.6817014525070403,0.7337235715975383,0.7025901907365452,0.7307939765516462,0.7200506794887787
2013-02-28 12:00:00,0.588760391924872,0.593155388302682,0.6556084704918043,0.6387944441339282,0.6424201751757312,0.6256922177803941
2013-02-28 13:00:00,0.4755702608209287,0.49086102508806984,0.5191693325701047,0.5215654990220858,0.5050421641993185,0.5006354033389304
2013-02-28 14:00:00,0.3338558412026923,0.33797043660683523,0.33841638864648416,0.3545482317661279,0.3155757503576373,0.31486860690970553
2013-02-28 15:00:00,0.14821860216048263,0.16381605308076172,0.12760350096417672,0.1626086533596064,0.10200796189786726,0.13266618900518926
2013-02-28 16:00:00,0.007704025078378412,0.016948141291176846,0.0,0.011754473933770007,0.0,0.0006069758714888905
2013-02-28 17:00:00,0.0,0.0,0.0,0.0,0.0,0.0
2013-02-28 18:00:00,0.0,0.0,0.0,0.0,0.0,0.0
2013-02-28 19:00:00,0.0,0.0,0.0,0.0,0.0,0.0
2013-02-28 20:00:00,0.0,0.0,0.0,0.0,0.0,0.0
2013-02-28 21:00:00,0.0,0.0,0.0,0.0,0.0,0.0
2013-02-28 22:00:00,0.0,0.0,0.0,0.0,0.0,0.0
2013-02-28 23:00:00,0.0,0.0,0.0,0.0,0.0,0.0
2013-03-01 00:00:00,0.0,0.0,0.0,0.0,0.0,0.0
2013-03-01 01:00:00,0.0,0.0,0.0,0.0,0.0,0.0
2013-03-01 02:00:00,0.0,0.0,0.0,0.0,0.0,0.0
2013-03-01 03:00:00,0.0,0.0,0.0,0.0,0.0,0.0
2013-03-01 04:00:00,0.0,0.0,0.0,0.00018314812235842485,0.017703747511614184,0.0
2013-03-01 05:00:00,0.11314163931343543,0.08342139976445186,0.14598637097503103,0.11945893946664171,0.1808946386244763,0.12214463136703041
2013-03-01 06:00:00,0.32063187400596743,0.2910978255927432,0.3494073733393419,0.3253090359487423,0.38897387581556825,0.3318487714705617
2013-03-01 07:00:00,0.5250964047914044,0.49447473558247457,0.5331170432026316,0.5193679874240642,0.5659553956327399,0.5175593098262754
2013-03-01 08:00:00,0.6647687602482274,0.630156760093854,0.6675673728220899,0.6520059225756734,0.694757544827222,0.651876713926841
2013-03-01 09:00:00,0.7300815114082793,0.7103818119262166,0.7417845730043163,0.7156358395899902,0.7581539951062866,0.731190068158147
2013-03-01 10:00:00,0.7153266524030804,0.731138185239856,0.7529072211149256,0.7024120187453604,0.7611785232263233,0.7521034371233755
2013-03-01 11:00:00,0.6457794668083752,0.7001559784104013,0.7137423109585709,0.6587323937563381,0.7233215226996345,0.7125145284630156
2013-03-01 12:00:00,0.5961133783055015,0.6136641096927948,0.6393403376203186,0.5877165768637383,0.636259641186538,0.6364207036584365
2013-03-01 13:00:00,0.4642127897150806,0.4895452790066298,0.4902456309864635,0.4856880231518094,0.4947572326222643,0.4909311016061326
2013-03-01 14:00:00,0.3188810257752626,0.33549226167785245,0.31911073115016064,0.33604302640954686,0.3057725399253675,0.3180234500048563
2013-03-01 15:00:00,0.1447898795875513,0.1627791742447401,0.11771291768319021,0.1555132942140415,0.09784511007467663,0.1313224319349406
2013-03-01 16:00:00,0.006013102678465156,0.01676023276185953,0.0,0.010180823491590767,0.0,0.0005599858386328321
2013-03-01 17:00:00,0.0,0.0,0.0,0.0,0.0,0.0
2013-03-01 18:00:00,0.0,0.0,0.0,0.0,0.0,0.0
2013-03-01 19:00:00,0.0,0.0,0.0,0.0,0.0,0.0
2013-03-01 20:00:00,0.0,0.0,0.0,0.0,0.0,0.0
2013-03-01 21:00:00,0.0,0.0,0.0,0.0,0.0,0.0
2013-03-01 22:00:00,0.0,0.0,0.0,0.0,0.0,0.0
2013-03-01 23:00:00,0.0,0.0,0.0,0.0,0.0,0.0
2013-03-02 00:00:00,0.0,0.0,0.0,0.0,0.0,0.0
2013-03-02 01:00:00,0.0,0.0,0.0,0.0,0.0,0.0
2013-03-02 02:00:00,0.0,0.0,0.0,0.0,0.0,0.0
2013-03-02 03:00:00,0.0,0.0,0.0,0.0,0.0,0.0
2013-03-02 04:00:00,0.0,0.0,0.0,0.00017994321257640148,0.020033673062582982,0.0
2013-03-02 05:00:00,0.10382005654511792,0.08046133345010573,0.14264919296698705,0.10175471890074309,0.1872044526044232,0.11989772862081585
2013-03-02 06:00:00,0.3036074516793735,0.28276162547113487,0.3529322287019228,0.28202364169256694,0.39344258121836273,0.3302532532087104
2013-03-02 07:00:00,0.5041789770737686,0.48246828382767254,0.5378271936411329,0.4721299486233785,0.5823410415888591,0.5102186195498273
2013-03-02 08:00:00,0.6334135397177316,0.6276399585111277,0.6651856365197598,0.596593314274435,0.6982335333718614,0.642927224031743
2013-03-02 09:00:00,0.6548341722757807,0.7124239624353611,0.7284155566680629,0.668854926202254,0.7569713609287922,0.722635321866525
2013-03-02 10:00:00,0.6292392732840475,0.7188159807261045,0.7366029975612216,0.6618832720221529,0.7593084451746684,0.7246273658865838
2013-03-02 11:00:00,0.5622070521112897,0.6803528069520998,0.680568591758954,0.6467259350857393,0.7181536621100528,0.6970154535946818
2013-03-02 12:00:00,0.5110066657133542,0.5994881236060426,0.6015087500539152,0.5648935853267835,0.6262568526345225,0.6037722769140883
2013-03-02 13:00:00,0.43948896859434605,0.4760405546230581,0.4777803152941402,0.4537368953014298,0.48759223690773146,0.47798991173417665
2013-03-02 14:00:00,0.29754947548148847,0.33674241498136026,0.29911075710777113,0.31633896868167816,0.3007534489840098,0.3159403546084897
2013-03-02 15:00:00,0.11809287337647059,0.1561378410930902,0.111104986615163,0.14636062004664127,0.0961785478551253,0.12392329125468611
2013-03-02 16:00:00,0.005433655720097341,0.016056365109125486,0.0,0.010362082179252686,0.0,0.0006338421420058038
2013-03-02 17:00:00,0.0,0.0,0.0,0.0,0.0,0.0
2013-03-02 18:00:00,0.0,0.0,0.0,0.0,0.0,0.0
2013-03-02 19:00:00,0.0,0.0,0.0,0.0,0.0,0.0
2013-03-02 20:00:00,0.0,0.0,0.0,0.0,0.0,0.0
2013-03-02 21:00:00,0.0,0.0,0.0,0.0,0.0,0.0
2013-03-02 22:00:00,0.0,0.0,0.0,0.0,0.0,0.0
2013-03-02 23:00:00,0.0,0.0,0.0,0.0,0.0,0.0
2013-03-03 00:00:00,0.0,0.0,0.0,0.0,0.0,0.0
2013-03-03 01:00:00,0.0,0.0,0.0,0.0,0.0,0.0
2013-03-03 02:00:00,0.0,0.0,0.0,0.0,0.0,0.0
2013-03-03 03:00:00,0.0,0.0,0.0,0.0,0.0,0.0
2013-03-03 04:00:00,0.0,0.0,1.1255102845178977e-07,0.0001826514177365639,0.0228848761633546,0.0
2013-03-03 05:00:00,0.11487847774713301,0.09211004747513134,0.15116143918398312,0.11023995779374332,0.20868070444682849,0.12302918329929723
2013-03-03 06:00:00,0.3247848024534862,0.3037548268723558,0.34999112217284467,0.30849269199416535,0.4191447780245997,0.33200065145982083
2013-03-03 07:00:00,0.5042232949141175,0.49772916313323384,0.5310890997087031,0.472830009908204,0.5877783102994472,0.5185238496238609
2013-03-03 08:00:00,0.6253428834791125,0.6303429447391933,0.6455129571492859,0.5836578093204025,0.7005099127137924,0.6480898358900669
2013-03-03 09:00:00,0.6562812848854004,0.7061375342621028,0.6936110652177989,0.6294760775003148,0.7609077775005562,0.7239953929957621
2013-03-03 10:00:00,0.6627983475059366,0.7361378918748045,0.7193150584044772,0.6378292793940397,0.7670240055102028,0.7432815392672805
2013-03-03 11:00:00,0.6416078542318789,0.6966201990045995,0.6802403037372304,0.6386120383885961,0.7262327248574733,0.7103443970371294
2013-03-03 12:00:00,0.6141760884153783,0.6296414616112121,0.6146335893832952,0.5846088201202202,0.6376096625531724,0.6258580955299898
2013-03-03 13:00:00,0.47631550236705505,0.509581599330668,0.4770779630077371,0.4642547694588973,0.4969637879021613,0.4906142666313661
2013-03-03 14:00:00,0.34215364212482363,0.3331740373184923,0.30807058762129635,0.33177291554822613,0.3068374668220647,0.30544321006936354
2013-03-03 15:00:00,0.13123146338962874,0.1561610379467691,0.10839613082271056,0.14554347956565117,0.09962286765321984,0.12140651595643272
2013-03-03 16:00:00,0.004951157059499797,0.01624015849665038,0.0,0.008863303781034707,0.0,0.0008339673202842086
2013-03-03 17:00:00,0.0,0.0,0.0,0.0,0.0,0.0
2013-03-03 18:00:00,0.0,0.0,0.0,0.0,0.0,0.0
2013-03-03 19:00:00,0.0,0.0,0.0,0.0,0.0,0.0
2013-03-03 20:00:00,0.0,0.0,0.0,0.0,0.0,0.0
2013-03-03 21:00:00,0.0,0.0,0.0,0.0,0.0,0.0
2013-03-03 22:00:00,0.0,0.0,0.0,0.0,0.0,0.0
2013-03-03 23:00:00,0.0,0.0,0.0,0.0,0.0,0.0
2013-03-04 00:00:00,0.0,0.0,0.0,0.0,0.0,0.0
2013-03-04 01:00:00,0.0,0.0,0.0,0.0,0.0,0.0
2013-03-04 02:00:00,0.0,0.0,0.0,0.0,0.0,0.0
2013-03-04 03:00:00,0.0,0.0,0.0,0.0,0.0,0.0
2013-03-04 04:00:00,0.0,0.0,6.838644647265938e-06,0.0003094199282873681,0.023485300038273843,0.0
2013-03-04 05:00:00,0.1076509453022097,0.07873531986153649,0.14691477051108243,0.10804258274861318,0.2071481089281828,0.12443436978235818
2013-03-04 06:00:00,0.31131176428435037,0.2785110808637061,0.36050321003810243,0.3059123960104361,0.42394310330163,0.34038528045111643
2013-03-04 07:00:00,0.47865947969263783,0.4594369656244233,0.5481003451321104,0.4612150060928536,0.5944243791946531,0.5295524009554946
2013-03-04 08:00:00,0.6089075417748563,0.5931884956236722,0.6652759410099247,0.5618479591243491,0.7018885804642577,0.6537678604524799
2013-03-04 09:00:00,0.6500880708587764,0.6620529171546222,0.7184161761917771,0.6311387875554917,0.7612681989855631,0.7280914935338528
2013-03-04 10:00:00,0.6851239075119178,0.6873766918938631,0.7247768234949795,0.6481924273573233,0.7689601001107615,0.7459066772018428
2013-03-04 11:00:00,0.6619847001010832,0.6578237992185879,0.7038998014428951,0.6266003462125246,0.7295036216858184,0.7168113153319301
2013-03-04 12:00:00,0.5900110818418421,0.5998524459122413,0.616760073950587,0.5661700340948828,0.6386223764571065,0.6309129246972311
2013-03-04 13:00:00,0.4757450415965651,0.45432374802664616,0.501905453416071,0.45856592939334273,0.5013777449887878,0.5009336559274788
2013-03-04 14:00:00,0.324431549332495,0.32162859064268784,0.3274784633503575,0.30084947096082487,0.31239416350437527,0.31623043738627904
2013-03-04 15:00:00,0.13555108679806988,0.14982545578080175,0.12459507812355029,0.14345746429649264,0.10092167782932893,0.12801346040536252
2013-03-04 16:00:00,0.004935260270629464,0.014668564161137413,0.0,0.008752463036650308,0.0,0.0007488158642722593
2013-03-04 17:00:00,0.0,0.0,0.0,0.0,0.0,0.0
2013-03-04 18:00:00,0.0,0.0,0.0,0.0,0.0,0.0
2013-03-04 19:00:00,0.0,0.0,0.0,0.0,0.0,0.0
2013-03-04 20:00:00,0.0,0.0,0.0,0.0,0.0,0.0
2013-03-04 21:00:00,0.0,0.0,0.0,0.0,0.0,0.0
2013-03-04 22:00:00,0.0,0.0,0.0,0.0,0.0,0.0
2013-03-04 23:00:00,0.0,0.0,0.0,0.0,0.0,0.0
2013-03-05 00:00:00,0.0,0.0,0.0,0.0,0.0,0.0
2013-03-05 01:00:00,0.0,0.0,0.0,0.0,0.0,0.0
2013-03-05 02:00:00,0.0,0.0,0.0,0.0,0.0,0.0
2013-03-05 03:00:00,0.0,0.0,0.0,0.0,0.0,0.0
2013-03-05 04:00:00,0.0,0.0,0.00025945248884035813,0.00041335960240686134,0.024274951646112954,0.0
2013-03-05 05:00:00,0.11683168741921435,0.09019417553416911,0.1639169574071841,0.12112239361561135,0.2099649283984449,0.1313932696394359
2013-03-05 06:00:00,0.33166535543361536,0.2996445926178812,0.3828660255259647,0.3297643104262189,0.4234793333889049,0.34950872984222425
2013-03-05 07:00:00,0.5099279807938725,0.4814025213743415,0.5661908627110522,0.49238884232559715,0.5949738516223164,0.5292747643047132
2013-03-05 08:00:00,0.6525218203804947,0.6236827364926862,0.6897049430641854,0.6321136482277162,0.7063282900476638,0.6637779416754493
2013-03-05 09:00:00,0.7156796748196865,0.7031127268412236,0.7582477739831976,0.6850401329689216,0.764456735288803,0.7381998790901586
2013-03-05 10:00:00,0.691438273886706,0.7021500181646648,0.7678633736613856,0.6799444297031123,0.7668079656751062,0.7557549550106568
2013-03-05 11:00:00,0.6753822718454855,0.6737230947312219,0.738774585489248,0.6630884127282969,0.7291299529329845,0.7145203514863103
2013-03-05 12:00:00,0.6128146422825527,0.6112148253785765,0.6580097398817174,0.6168960043337497,0.6414563139654988,0.6324642858930851
2013-03-05 13:00:00,0.5037091044756096,0.5119955082874653,0.5242474845805691,0.505585380103857,0.502667601813968,0.5038863186131217
2013-03-05 14:00:00,0.34224140902871075,0.34029138817588733,0.3389738611114493,0.35292870006290744,0.31374120040616005,0.319652655309087
2013-03-05 15:00:00,0.14698057709618506,0.15830817336913394,0.1290461805301346,0.15610508966862258,0.10148148509554564,0.12431565444772552
2013-03-05 16:00:00,0.005477757810172725,0.016527498492656834,0.0,0.00923798149763123,0.0,0.0009362263001687207
2013-03-05 17:00:00,0.0,0.0,0.0,0.0,0.0,0.0
2013-03-05 18:00:00,0.0,0.0,0.0,0.0,0.0,0.0
2013-03-05 19:00:00,0.0,0.0,0.0,0.0,0.0,0.0
2013-03-05 20:00:00,0.0,0.0,0.0,0.0,0.0,0.0
2013-03-05 21:00:00,0.0,0.0,0.0,0.0,0.0,0.0
2013-03-05 22:00:00,0.0,0.0,0.0,0.0,0.0,0.0
2013-03-05 23:00:00,0.0,0.0,0.0,0.0,0.0,0.0
2013-03-06 00:00:00,0.0,0.0,0.0,0.0,0.0,0.0
2013-03-06 01:00:00,0.0,0.0,0.0,0.0,0.0,0.0
2013-03-06 02:00:00,0.0,0.0,0.0,0.0,0.0,0.0
2013-03-06 03:00:00,0.0,0.0,0.0,0.0,0.0,0.0
2013-03-06 04:00:00,0.0,0.0,0.0004520805655538422,0.00041164659291064186,0.02272384788378527,0.0
2013-03-06 05:00:00,0.10844464655440442,0.08883194607617412,0.16006543598106338,0.11111411952520948,0.19643580638150884,0.12926560551225957
2013-03-06 06:00:00,0.3106115453916117,0.3004575083998097,0.38163415395911326,0.3088890826640223,0.4155574417483261,0.34888231076517834
2013-03-06 07:00:00,0.47937078685018797,0.49031074428588967,0.560820207318569,0.45609137743400907,0.5858428288633762,0.5304079050130954
2013-03-06 08:00:00,0.6321414547902398,0.6251198784811738,0.6885887739288652,0.573001006523415,0.7045506880111505,0.6539699598861207
2013-03-06 09:00:00,0.6919320528233572,0.7019017188066635,0.7485461900768436,0.6135060776727421,0.7612077586439971,0.7340534279914299
2013-03-06 10:00:00,0.6989301136071923,0.70950891622391,0.7655473551847571,0.6204341292864576,0.7670723281759909,0.7521712452700738
2013-03-06 11:00:00,0.6404513819904354,0.6815385492384065,0.7346476053879468,0.5921736898964246,0.7237188904607925,0.7157349231677167
2013-03-06 12:00:00,0.5813275820233682,0.6146057317034579,0.6548193630781423,0.529470726729528,0.6360576546582324,0.6472566622011166
2013-03-06 13:00:00,0.4624811214923154,0.5021147637984101,0.5079283928689347,0.4323119455803709,0.4971357334324521,0.5073872328594391
2013-03-06 14:00:00,0.3054643282779561,0.34919784116705227,0.32955164460317865,0.305779795016474,0.3117685729902641,0.3368887181503408
2013-03-06 15:00:00,0.12957235047479918,0.15444141850350598,0.12597361035535248,0.1367118358009295,0.09942978006430456,0.13423735006454957
2013-03-06 16:00:00,0.006847057475378133,0.017226479965884448,0.0,0.009261508774487425,0.0,0.0011371146803478794
2013-03-06 17:00:00,0.0,0.0,0.0,0.0,0.0,0.0
2013-03-06 18:00:00,0.0,0.0,0.0,0.0,0.0,0.0
2013-03-06 19:00:00,0.0,0.0,0.0,0.0,0.0,0.0
2013-03-06 20:00:00,0.0,0.0,0.0,0.0,0.0,0.0
2013-03-06 21:00:00,0.0,0.0,0.0,0.0,0.0,0.0
2013-03-06 22:00:00,0.0,0.0,0.0,0.0,0.0,0.0
2013-03-06 23:00:00,0.0,0.0,0.0,0.0,0.0,0.0
2013-03-07 00:00:00,0.0,0.0,0.0,0.0,0.0,0.0
2013-03-07 01:00:00,0.0,0.0,0.0,0.0,0.0,0.0
2013-03-07 02:00:00,0.0,0.0,0.0,0.0,0.0,0.0
2013-03-07 03:00:00,0.0,0.0,0.0,0.0,0.0,0.0
2013-03-07 04:00:00,0.0,0.0,0.0008517128606804806,0.0004967529799015378,0.024706858924913467,0.0
2013-03-07 05:00:00,0.10710337365835183,0.08740282729473407,0.15508609253956596,0.10780819049269584,0.20391673780360645,0.1285660794971484
2013-03-07 06:00:00,0.3197773236971753,0.295767586061088,0.37408264552180537,0.30905391920129816,0.41909700451406634,0.34040605604437574
2013-03-07 07:00:00,0.5258073128375989,0.49593516675390936,0.555965889837493,0.4835777871507601,0.5909316893462371,0.5276302249228348
2013-03-07 08:00:00,0.650401738381364,0.6207310442318188,0.6692599367357949,0.5706295950483773,0.7046153604593101,0.6526094510799236
2013-03-07 09:00:00,0.7031284285531768,0.6914406463436806,0.6976407099967051,0.6219548927662722,0.7582898622022765,0.7326149489361562
2013-03-07 10:00:00,0.6572257292896059,0.7061119335316259,0.6672220434871287,0.6145995815430704,0.7615885432392737,0.7503585799357592
2013-03-07 11:00:00,0.6409786470202373,0.6872151832830777,0.6427340219147268,0.6027645410387409,0.7210275443819959,0.7202512572172817
2013-03-07 12:00:00,0.5727142331828001,0.606071671415754,0.5741651811729818,0.5449536139926878,0.6302518077936982,0.6480536264969466
2013-03-07 13:00:00,0.4547929014861267,0.4697940132256311,0.45365773944822185,0.4617733199368299,0.48665441398468845,0.5143077091502734
2013-03-07 14:00:00,0.3054092569224688,0.3077741227603254,0.3000020102044889,0.3078917200913289,0.3014103098028784,0.33616551037688597
2013-03-07 15:00:00,0.11863748370596276,0.12714591057149294,0.10859933020589167,0.1298731662332103,0.09519604374634165,0.12192848726483178
2013-03-07 16:00:00,0.006219930490548022,0.013658873984006059,0.0,0.008600690045967101,0.0,0.0010220630182323101
2013-03-07 17:00:00,0.0,0.0,0.0,0.0,0.0,0.0
2013-03-07 18:00:00,0.0,0.0,0.0,0.0,0.0,0.0
2013-03-07 19:00:00,0.0,0.0,0.0,0.0,0.0,0.0
2013-03-07 20:00:00,0.0,0.0,0.0,0.0,0.0,0.0
2013-03-07 21:00:00,0.0,0.0,0.0,0.0,0.0,0.0
2013-03-07 22:00:00,0.0,0.0,0.0,0.0,0.0,0.0
2013-03-07 23:00:00,0.0,0.0,0.0,0.0,0.0,0.0
2013-03-08 00:00:00,0.0,0.0,0.0,0.0,0.0,0.0
2013-03-08 01:00:00,0.0,0.0,0.0,0.0,0.0,0.0
2013-03-08 02:00:00,0.0,0.0,0.0,0.0,0.0,0.0
2013-03-08 03:00:00,0.0,0.0,0.0,0.0,0.0,0.0
2013-03-08 04:00:00,0.0,0.0,0.001342556083190884,0.0006602316008611321,0.025442037273477082,8.384579706508785e-07
2013-03-08 05:00:00,0.09474670350807349,0.07224197212698283,0.14228061288479718,0.09093194686025699,0.20710983149916337,0.12446971614709897
2013-03-08 06:00:00,0.26867154450421366,0.2589823628310359,0.3617561043271063,0.25156291863004954,0.42132397951302164,0.3323266038128407
2013-03-08 07:00:00,0.47412878730600533,0.45746068157747005,0.5336151194063722,0.40964319905652247,0.5942931764082103,0.5175138277962046
2013-03-08 08:00:00,0.6003684093326177,0.5927059130194908,0.6626832500992564,0.5240645461408545,0.7013066409790693,0.6434442342194154
2013-03-08 09:00:00,0.5877398626622704,0.6166887423861703,0.6968351559908672,0.5755775966300666,0.7600310516824421,0.6989408920882983
2013-03-08 10:00:00,0.5922830977593225,0.6452315722400794,0.6986699737207778,0.6025006455164683,0.7572187140769466,0.6926513041706938
2013-03-08 11:00:00,0.5723928429133083,0.5949561302555733,0.6315752086703412,0.5727710131989656,0.7184192685911273,0.6773447069148065
2013-03-08 12:00:00,0.5346534308646556,0.5302663923163771,0.5524531038820559,0.5180105884871481,0.6293629793640291,0.5766288671287415
2013-03-08 13:00:00,0.4363731209963829,0.40128416193588473,0.43547829250098324,0.41582189803130487,0.4949216582055205,0.4644758082502062
2013-03-08 14:00:00,0.28613475449388265,0.25299516173661407,0.2718635020508238,0.27799635437503006,0.3073277958782296,0.27117296022722115
2013-03-08 15:00:00,0.10461834684402999,0.10729289871723073,0.09901431571298583,0.1164860233967851,0.09836376148382087,0.09302630406880093
2013-03-08 16:00:00,0.002779738469510287,0.010249460465635706,0.0,0.0063263863171622485,0.0,0.0006854201642020711
2013-03-08 17:00:00,0.0,0.0,0.0,0.0,0.0,0.0
2013-03-08 18:00:00,0.0,0.0,0.0,0.0,0.0,0.0
2013-03-08 19:00:00,0.0,0.0,0.0,0.0,0.0,0.0
2013-03-08 20:00:00,0.0,0.0,0.0,0.0,0.0,0.0
2013-03-08 21:00:00,0.0,0.0,0.0,0.0,0.0,0.0
2013-03-08 22:00:00,0.0,0.0,0.0,0.0,0.0,0.0
2013-03-08 23:00:00,0.0,0.0,0.0,0.0,0.0,0.0
2013-03-09 00:00:00,0.0,0.0,0.0,0.0,0.0,0.0
2013-03-09 01:00:00,0.0,0.0,0.0,0.0,0.0,0.0
2013-03-09 02:00:00,0.0,0.0,0.0,0.0,0.0,0.0
2013-03-09 03:00:00,0.0,0.0,0.0,0.0,0.0,0.0
2013-03-09 04:00:00,0.0,0.0,0.0023093287061595386,0.0007467852534253998,0.026723508764205994,3.224156398789197e-05
2013-03-09 05:00:00,0.10182751943145663,0.06221064881030441,0.1548103027436167,0.11325273862755157,0.21418909696437183,0.11388409479051013
2013-03-09 06:00:00,0.3030997327512807,0.22673455540805607,0.37402793276235313,0.3142970673979861,0.42644962896013094,0.3153303253659597
2013-03-09 07:00:00,0.4651180056889618,0.42255622553916933,0.549742614039089,0.49034867364095674,0.5981624602810298,0.4875069276352333
2013-03-09 08:00:00,0.5835141691335778,0.5490291638338292,0.6751397152364903,0.6115811828588372,0.7042915421496624,0.6015708177118054
2013-03-09 09:00:00,0.6416549765111547,0.621066273618282,0.7292276165751193,0.6628145527283246,0.7599123483176738,0.6723486755117345
2013-03-09 10:00:00,0.6139097529242633,0.6669460607371561,0.7545272894414965,0.6516575418888647,0.7648178394494624,0.7002545173092961
2013-03-09 11:00:00,0.619400213471505,0.6455949804933082,0.7090468543413394,0.6474253451464528,0.7258184068452108,0.6804461340123759
2013-03-09 12:00:00,0.5228769153654347,0.553679236984468,0.6192927958628828,0.5741928401637139,0.6370763102172917,0.5719676783530554
2013-03-09 13:00:00,0.4435480952521562,0.4591650645990717,0.481244298858512,0.4686960311570614,0.49670587562915713,0.4259245854631545
2013-03-09 14:00:00,0.2988177052963327,0.31094325309279663,0.3186458013565428,0.32332005370134487,0.3101399972773499,0.25850645943418554
2013-03-09 15:00:00,0.11607155605903448,0.1317227094498453,0.11337974882035465,0.1402866958728915,0.09822774721048762,0.09984977107457738
2013-03-09 16:00:00,0.004318238855494097,0.014366931216396017,0.0,0.0079752007875368,0.0,0.000654623189904439
2013-03-09 17:00:00,0.0,0.0,0.0,0.0,0.0,0.0
2013-03-09 18:00:00,0.0,0.0,0.0,0.0,0.0,0.0
2013-03-09 19:00:00,0.0,0.0,0.0,0.0,0.0,0.0
2013-03-09 20:00:00,0.0,0.0,0.0,0.0,0.0,0.0
2013-03-09 21:00:00,0.0,0.0,0.0,0.0,0.0,0.0
2013-03-09 22:00:00,0.0,0.0,0.0,0.0,0.0,0.0
2013-03-09 23:00:00,0.0,0.0,0.0,0.0,0.0,0.0
2013-03-10 00:00:00,0.0,0.0,0.0,0.0,0.0,0.0
2013-03-10 01:00:00,0.0,0.0,0.0,0.0,0.0,0.0
2013-03-10 02:00:00,0.0,0.0,0.0,0.0,0.0,0.0
2013-03-10 03:00:00,0.0,0.0,0.0,0.0,0.0,0.0
2013-03-10 04:00:00,0.0,0.0,0.0031713688990328186,0.0008039481983915932,0.02683899185010939,7.459842889770649e-05
2013-03-10 05:00:00,0.07620377302592667,0.08247311257243631,0.1604806265847013,0.1139254677561315,0.21148399878577426,0.10783102654969048
2013-03-10 06:00:00,0.23485042485785082,0.2801188483673489,0.3745969823381354,0.30586873485782806,0.418657354351611,0.3273600718856491
2013-03-10 07:00:00,0.3737509356584084,0.4512262825007959,0.55112709317459,0.47603236701674245,0.5894920324177055,0.45269439946579426
2013-03-10 08:00:00,0.5471437773429563,0.5993839913974749,0.676838158597383,0.619556776512278,0.6980289029955512,0.5918704260095613
2013-03-10 09:00:00,0.6230107363342778,0.6577967006506824,0.7453020679552174,0.6913202779517449,0.756083138491808,0.6745304396329309
2013-03-10 10:00:00,0.6567681166616489,0.6757428489087072,0.7526224267474093,0.6903408064322296,0.758995426419304,0.6725081823013599
2013-03-10 11:00:00,0.5632211545979419,0.6186108075673983,0.7223545214934383,0.5890100288367395,0.7201768337899014,0.6421252529076655
2013-03-10 12:00:00,0.5155452285052388,0.5810467481026833,0.6413173082508349,0.5673537064781206,0.6314500196569627,0.5617060171946093
2013-03-10 13:00:00,0.41414605424664613,0.4511861743624534,0.5092657630489538,0.4583387019657578,0.4934221984405464,0.434720705210063
2013-03-10 14:00:00,0.268527460920987,0.3003978855537718,0.31568035251313475,0.3021779903298317,0.30600085519185655,0.2620931359410379
2013-03-10 15:00:00,0.10867972967241624,0.13825988818273077,0.11747721039657383,0.13210580539351047,0.096623333485465,0.09390496057154686
2013-03-10 16:00:00,0.0034330653880914573,0.014640371234632582,0.0,0.006810537307238115,0.0,0.0010219930181888175
2013-03-10 17:00:00,0.0,0.0,0.0,0.0,0.0,0.0
2013-03-10 18:00:00,0.0,0.0,0.0,0.0,0.0,0.0
2013-03-10 19:00:00,0.0,0.0,0.0,0.0,0.0,0.0
2013-03-10 20:00:00,0.0,0.0,0.0,0.0,0.0,0.0
2013-03-10 21:00:00,0.0,0.0,0.0,0.0,0.0,0.0
2013-03-10 22:00:00,0.0,0.0,0.0,0.0,0.0,0.0
2013-03-10 23:00:00,0.0,0.0,0.0,0.0,0.0,0.0
2013-03-11 00:00:00,0.0,0.0,0.0,0.0,0.0,0.0
2013-03-11 01:00:00,0.0,0.0,0.0,0.0,0.0,0.0
2013-03-11 02:00:00,0.0,0.0,0.0,0.0,0.0,0.0
2013-03-11 03:00:00,0.0,0.0,0.0,0.0,0.0,0.0
2013-03-11 04:00:00,0.0,0.0,0.0024839333047865296,0.0009848608433241255,0.020744279117706658,0.00016103549574491633
2013-03-11 05:00:00,0.0944837520864424,0.09130824877574847,0.1236668264029846,0.09008884584851266,0.17855112428583203,0.11359334493368875
2013-03-11 06:00:00,0.2929603679185251,0.2973704015394325,0.31127736830144626,0.24543437809132393,0.36331586487137846,0.3026297255062958
2013-03-11 07:00:00,0.44263618747857814,0.48810551563532484,0.5042078790993162,0.3798218656984438,0.5275967640609072,0.4880001812517131
2013-03-11 08:00:00,0.5402642275817964,0.6056133463915901,0.6127565481363476,0.4780931537940687,0.6500726843433229,0.6204788196644838
2013-03-11 09:00:00,0.5783192096145711,0.6430540807667716,0.6135872674077195,0.5288629978766392,0.7150001564845307,0.6687585908582837
2013-03-11 10:00:00,0.6004434281393093,0.6805695215131219,0.6448203369615698,0.584340917922728,0.720021658252574,0.6913145539791089
2013-03-11 11:00:00,0.5841002812519707,0.6447278883768166,0.5775669100508904,0.5714231265232886,0.6424535768932004,0.6332284805047695
2013-03-11 12:00:00,0.5102949394191375,0.566005765890363,0.5021673487046417,0.5193559654255069,0.5490421981332835,0.5800120615086649
2013-03-11 13:00:00,0.3956781207898772,0.4354754082107019,0.39520546450409927,0.3901807309086842,0.4278518253716021,0.46691258576706174
2013-03-11 14:00:00,0.22996295945731615,0.29378134429025116,0.22479268457451979,0.25884223455805627,0.24394174253605758,0.2726505203839339
2013-03-11 15:00:00,0.08904512134359296,0.13522709615202164,0.07917124508574522,0.11933677520469341,0.07100103119967666,0.10800245723893907
2013-03-11 16:00:00,0.003052103330266643,0.013393292026114216,0.0,0.006743182267905012,0.0,0.001294077675574819
2013-03-11 17:00:00,0.0,0.0,0.0,0.0,0.0,0.0
2013-03-11 18:00:00,0.0,0.0,0.0,0.0,0.0,0.0
2013-03-11 19:00:00,0.0,0.0,0.0,0.0,0.0,0.0
2013-03-11 20:00:00,0.0,0.0,0.0,0.0,0.0,0.0
2013-03-11 21:00:00,0.0,0.0,0.0,0.0,0.0,0.0
2013-03-11 22:00:00,0.0,0.0,0.0,0.0,0.0,0.0
2013-03-11 23:00:00,0.0,0.0,0.0,0.0,0.0,0.0
2013-03-12 00:00:00,0.0,0.0,0.0,0.0,0.0,0.0
2013-03-12 01:00:00,0.0,0.0,0.0,0.0,0.0,0.0
2013-03-12 02:00:00,0.0,0.0,0.0,0.0,0.0,0.0
2013-03-12 03:00:00,0.0,0.0,0.0,0.0,0.0,0.0
2013-03-12 04:00:00,0.0,0.0,0.0029890699868890037,0.0009757457618303866,0.01921676858539157,0.0002936504100996567
2013-03-12 05:00:00,0.0903525797852086,0.08807165327663162,0.1253830466611368,0.10098427944570083,0.16596683209412855,0.13257562240296894
2013-03-12 06:00:00,0.2719667976988859,0.2874272061145557,0.31581474024829287,0.29066416108185217,0.3461246342190011,0.3451366463640419
2013-03-12 07:00:00,0.45935631457859794,0.4744472221193929,0.44761166168092376,0.4570549018904382,0.49736271301966406,0.522120364187432
2013-03-12 08:00:00,0.5503412809649899,0.5781901376705408,0.5278514040569842,0.5538453677030861,0.5918073564146393,0.6292903521929905
2013-03-12 09:00:00,0.6118722716793862,0.6434924339611156,0.5872617639148445,0.6286411820183064,0.6471032753245302,0.6817713883464979
2013-03-12 10:00:00,0.6719634665782108,0.6651247580676403,0.5850437096447992,0.659158655057019,0.6264874672854999,0.6890609625075811
2013-03-12 11:00:00,0.6180211816376583,0.6390061925436874,0.5686709519005317,0.5910470310623887,0.5841427709568145,0.665695209818784
2013-03-12 12:00:00,0.5545790941972207,0.5411433088888734,0.5212379067127152,0.536212348737961,0.4940586960243037,0.6037269257383087
2013-03-12 13:00:00,0.444066687825454,0.42410466791867146,0.41744117645932205,0.4354533624259563,0.3984032561662977,0.47452964285803906
2013-03-12 14:00:00,0.2862083814796613,0.28350358588396,0.26631098791518365,0.28018553784153966,0.2314818757178776,0.28836616273606497
2013-03-12 15:00:00,0.10480288718018424,0.12758656158954887,0.09028852160334291,0.1163795722828785,0.06934130017477469,0.11955734849344847
2013-03-12 16:00:00,0.0028092176611829046,0.01177708945504137,0.0,0.00625344091440082,0.0,0.0011449619040808684
2013-03-12 17:00:00,0.0,0.0,0.0,0.0,0.0,0.0
2013-03-12 18:00:00,0.0,0.0,0.0,0.0,0.0,0.0
2013-03-12 19:00:00,0.0,0.0,0.0,0.0,0.0,0.0
2013-03-12 20:00:00,0.0,0.0,0.0,0.0,0.0,0.0
2013-03-12 21:00:00,0.0,0.0,0.0,0.0,0.0,0.0
2013-03-12 22:00:00,0.0,0.0,0.0,0.0,0.0,0.0
2013-03-12 23:00:00,0.0,0.0,0.0,0.0,0.0,0.0
2013-03-13 00:00:00,0.0,0.0,0.0,0.0,0.0,0.0
2013-03-13 01:00:00,0.0,0.0,0.0,0.0,0.0,0.0
2013-03-13 02:00:00,0.0,0.0,0.0,0.0,0.0,0.0
2013-03-13 03:00:00,0.0,0.0,0.0,0.0,0.0,0.0
2013-03-13 04:00:00,0.0,0.0,0.00304058806366941,0.0008594508425141558,0.021982892043396585,0.0005878128789127542
2013-03-13 05:00:00,0.09263444650944475,0.0745364986991879,0.1088710530987154,0.09486983149891037,0.16415190845199212,0.1303650287531843
2013-03-13 06:00:00,0.2334846801448997,0.23563840968641103,0.23844521253936354,0.23651939057938376,0.345430255607228,0.33116316506973187
2013-03-13 07:00:00,0.3824397834990615,0.40223360276167536,0.39151596081169937,0.33711555146999733,0.49910096876334764,0.5135981664461322
2013-03-13 08:00:00,0.4788755529525448,0.5334997062623794,0.47231959583598393,0.420158813231791,0.5934033554305476,0.6258293757301051
2013-03-13 09:00:00,0.5273992477189788,0.5900514902414731,0.5115319948242669,0.504357583871977,0.6576630025350262,0.6776884666522947
2013-03-13 10:00:00,0.5130268052877587,0.5984441489824343,0.5416527806636025,0.5103742158026643,0.6671716132594202,0.7021894570302222
2013-03-13 11:00:00,0.5236615129267423,0.5915538645409791,0.5796257328450813,0.49602758255612356,0.6199331238399495,0.6679834144076596
2013-03-13 12:00:00,0.4527223400169076,0.5082061102124671,0.5038230715746718,0.42871357418649136,0.5219497745128236,0.5867893858375374
2013-03-13 13:00:00,0.39079746392386455,0.4162215743486292,0.4114926289185395,0.36612306689963,0.39371209764429765,0.4583631133982435
2013-03-13 14:00:00,0.2162260689031355,0.2863140416560018,0.26849528061076383,0.22714445012786805,0.24948324343186046,0.31260392248959024
2013-03-13 15:00:00,0.09769042734255047,0.1266297326999824,0.10026279693786537,0.10025329311026696,0.07720338049404463,0.1184797505722087
2013-03-13 16:00:00,0.00277581632596253,0.01158801963670245,0.0,0.006503044491193981,0.0,0.0010603859323071833
2013-03-13 17:00:00,0.0,0.0,0.0,0.0,0.0,0.0
2013-03-13 18:00:00,0.0,0.0,0.0,0.0,0.0,0.0
2013-03-13 19:00:00,0.0,0.0,0.0,0.0,0.0,0.0
2013-03-13 20:00:00,0.0,0.0,0.0,0.0,0.0,0.0
2013-03-13 21:00:00,0.0,0.0,0.0,0.0,0.0,0.0
2013-03-13 22:00:00,0.0,0.0,0.0,0.0,0.0,0.0
2013-03-13 23:00:00,0.0,0.0,0.0,0.0,0.0,0.0
2013-03-14 00:00:00,0.0,0.0,0.0,0.0,0.0,0.0
2013-03-14 01:00:00,0.0,0.0,0.0,0.0,0.0,0.0
2013-03-14 02:00:00,0.0,0.0,0.0,0.0,0.0,0.0
2013-03-14 03:00:00,0.0,0.0,0.0,0.0,0.0,0.0
2013-03-14 04:00:00,0.0,0.0,0.003993621007815512,0.0009295956186241769,0.024475591556067332,0.0008412013744441765
2013-03-14 05:00:00,0.10985899927650311,0.0878677921635774,0.11871717574495987,0.09332927667608376,0.18018973013255457,0.1400618992289064
2013-03-14 06:00:00,0.2979277076374783,0.27378453016511484,0.27207015018561553,0.23804557132308685,0.36048795900641883,0.353892645699415
2013-03-14 07:00:00,0.44822388525458035,0.44930659717584065,0.41925974752683737,0.3951425197207151,0.5247920464361283,0.5371536040742956
2013-03-14 08:00:00,0.5448725834963931,0.567992580490508,0.4745621723628349,0.48786379145966274,0.6246714202934065,0.6587654041371919
2013-03-14 09:00:00,0.6185380194353931,0.6357163656548106,0.5223236898147038,0.570341340656471,0.6881949772938138,0.7318969395299991
2013-03-14 10:00:00,0.6526232500656696,0.6562984960624327,0.5219547485477731,0.6090175913505887,0.7064116597220443,0.7515829839092913
2013-03-14 11:00:00,0.6406303484699476,0.6545576208704005,0.580304430229003,0.5914582379612325,0.6815442397933651,0.7244435360724683
2013-03-14 12:00:00,0.5711613157102594,0.6137990471099685,0.4419724203836981,0.512268115119654,0.5722265470688597,0.6331964268265254
2013-03-14 13:00:00,0.4357669449646348,0.49405909895085937,0.3997714477799475,0.40304455220168206,0.45625775162130533,0.5104947233928182
2013-03-14 14:00:00,0.2784742382503324,0.32889382196122713,0.238812919472098,0.24627478250784612,0.27697967243345917,0.3277591557661698
2013-03-14 15:00:00,0.1320394377081635,0.1550583517831123,0.09790967552607295,0.11185498287923502,0.08541173525906873,0.1330744699188797
2013-03-14 16:00:00,0.003824634243521234,0.012119319639456092,0.0,0.005467971328383984,0.0,0.0010336607113294479
2013-03-14 17:00:00,0.0,0.0,0.0,0.0,0.0,0.0
2013-03-14 18:00:00,0.0,0.0,0.0,0.0,0.0,0.0
2013-03-14 19:00:00,0.0,0.0,0.0,0.0,0.0,0.0
2013-03-14 20:00:00,0.0,0.0,0.0,0.0,0.0,0.0
2013-03-14 21:00:00,0.0,0.0,0.0,0.0,0.0,0.0
2013-03-14 22:00:00,0.0,0.0,0.0,0.0,0.0,0.0
2013-03-14 23:00:00,0.0,0.0,0.0,0.0,0.0,0.0
2013-03-15 00:00:00,0.0,0.0,0.0,0.0,0.0,0.0
2013-03-15 01:00:00,0.0,0.0,0.0,0.0,0.0,0.0
2013-03-15 02:00:00,0.0,0.0,0.0,0.0,0.0,0.0
2013-03-15 03:00:00,0.0,0.0,0.0,0.0,0.0,0.0
2013-03-15 04:00:00,0.0,0.0,0.006147228964880799,0.0012810072766583475,0.028544934577725764,0.001075822001852916
2013-03-15 05:00:00,0.11893493221743064,0.0868440070099265,0.1405656347912953,0.11249334133891918,0.212849697685113,0.13509598592474945
2013-03-15 06:00:00,0.3226815201126848,0.28613530799408,0.3510022787083771,0.2930719135719505,0.4166662465633787,0.3411052509774707
2013-03-15 07:00:00,0.48312079502350475,0.4318381674146662,0.4986379806491971,0.45172686019397573,0.5782278259841708,0.5057273252700263
2013-03-15 08:00:00,0.5747844666154608,0.5540739190070259,0.5984148057003666,0.5690910677136869,0.6820292361685617,0.619577004080041
2013-03-15 09:00:00,0.6249157881398856,0.6350870969696266,0.6784980149534746,0.6485605587470351,0.7399034704869308,0.6836487346921859
2013-03-15 10:00:00,0.6482721469697573,0.6620217278145076,0.6508368546973358,0.677403625961627,0.7403781878500234,0.684900668181543
2013-03-15 11:00:00,0.5975660842692248,0.6039329472348232,0.6216061489922993,0.6040568178130765,0.6896647157066276,0.6647714781329996
2013-03-15 12:00:00,0.541033521072222,0.5516821998516469,0.5824650054385825,0.5558994435349918,0.6027469911068362,0.5808725374693214
2013-03-15 13:00:00,0.450158560587955,0.4549139268690681,0.4690525410375795,0.4464884333428935,0.4626138143902973,0.4525486953993426
2013-03-15 14:00:00,0.3047697828514554,0.3014099102151845,0.3077226317289361,0.29134959925291987,0.2742236698442664,0.28136904126155243
2013-03-15 15:00:00,0.12847460770589386,0.13742782085753064,0.11481515974638405,0.1266321685667839,0.08517952311125168,0.10775020242149372
2013-03-15 16:00:00,0.004198445869960188,0.011650645205177187,0.0,0.006959072988301646,0.0,0.0010971682276100187
2013-03-15 17:00:00,0.0,0.0,0.0,0.0,0.0,0.0
2013-03-15 18:00:00,0.0,0.0,0.0,0.0,0.0,0.0
2013-03-15 19:00:00,0.0,0.0,0.0,0.0,0.0,0.0
2013-03-15 20:00:00,0.0,0.0,0.0,0.0,0.0,0.0
2013-03-15 21:00:00,0.0,0.0,0.0,0.0,0.0,0.0
2013-03-15 22:00:00,0.0,0.0,0.0,0.0,0.0,0.0
2013-03-15 23:00:00,0.0,0.0,0.0,0.0,0.0,0.0
2013-03-16 00:00:00,0.0,0.0,0.0,0.0,0.0,0.0
2013-03-16 01:00:00,0.0,0.0,0.0,0.0,0.0,0.0
2013-03-16 02:00:00,0.0,0.0,0.0,0.0,0.0,0.0
2013-03-16 03:00:00,0.0,0.0,0.0,0.0,0.0,0.0
2013-03-16 04:00:00,0.0,0.0,0.00766063109689178,0.0013100441540103466,0.024661179952724557,0.0014904446719726237
2013-03-16 05:00:00,0.13248347064326546,0.1015367218436981,0.1498779799553095,0.12098343453563908,0.18810107493930447,0.13961135570723773
2013-03-16 06:00:00,0.3580049164302694,0.3091259085226831,0.3593123584135435,0.3193969836015273,0.37489834984748643,0.34864805864767123
2013-03-16 07:00:00,0.5393191677579313,0.4918009336213295,0.5234746539596362,0.4772312152172636,0.5380561896673243,0.5286952491503277
2013-03-16 08:00:00,0.6244805004592436,0.5983188536353017,0.6257245377478104,0.5760695731995128,0.643644375426841,0.6314867047535392
2013-03-16 09:00:00,0.6400559670902557,0.6352314897180755,0.6827826690114468,0.638607653091199,0.70815463607622,0.6835691591546263
2013-03-16 10:00:00,0.6031423285058332,0.6239300052002689,0.6294899854548247,0.6108462126702059,0.6874546479820334,0.6947527341916769
2013-03-16 11:00:00,0.5768656259666728,0.615064114714099,0.6057962121336385,0.6079992242062378,0.6507153332808797,0.6740865916428999
2013-03-16 12:00:00,0.5342939168367816,0.5601339487902884,0.5565147092992344,0.544440342196912,0.5713215162766271,0.5901092259194026
2013-03-16 13:00:00,0.42401462079045193,0.45567069755093803,0.43806843386567423,0.43675101134255784,0.4345228976537157,0.4719973480378361
2013-03-16 14:00:00,0.2950929958193459,0.29733955611138013,0.2772996333000357,0.3091200186072694,0.2553846017084026,0.2867175467957964
2013-03-16 15:00:00,0.13184016578795643,0.14487136662898015,0.10204267433220814,0.12650684330171993,0.07742575141440135,0.11512583053158276
2013-03-16 16:00:00,0.004732955664567522,0.011918833857663645,0.0,0.007788299657847008,0.0,0.0009623677750432595
2013-03-16 17:00:00,0.0,0.0,0.0,0.0,0.0,0.0
2013-03-16 18:00:00,0.0,0.0,0.0,0.0,0.0,0.0
2013-03-16 19:00:00,0.0,0.0,0.0,0.0,0.0,0.0
2013-03-16 20:00:00,0.0,0.0,0.0,0.0,0.0,0.0
2013-03-16 21:00:00,0.0,0.0,0.0,0.0,0.0,0.0
2013-03-16 22:00:00,0.0,0.0,0.0,0.0,0.0,0.0
2013-03-16 23:00:00,0.0,0.0,0.0,0.0,0.0,0.0
2013-03-17 00:00:00,0.0,0.0,0.0,0.0,0.0,0.0
2013-03-17 01:00:00,0.0,0.0,0.0,0.0,0.0,0.0
2013-03-17 02:00:00,0.0,0.0,0.0,0.0,0.0,0.0
2013-03-17 03:00:00,0.0,0.0,0.0,0.0,0.0,0.0
2013-03-17 04:00:00,0.0,0.0,0.00888084724929812,0.0016043409565259102,0.023562337418771093,0.0016736459082337606
2013-03-17 05:00:00,0.12098379208642564,0.08846298893963539,0.164185065845521,0.09956842245341478,0.17553016260661916,0.14242731338684705
2013-03-17 06:00:00,0.31073932054117787,0.2717041162440742,0.3652406930627427,0.2675174655842217,0.35757065323778503,0.35276017374204294
2013-03-17 07:00:00,0.5100231231379738,0.4807407305391422,0.5174273535226734,0.4268191958274963,0.514284512945162,0.5371000113994238
2013-03-17 08:00:00,0.6343932914572463,0.6024587779823668,0.6266017011391897,0.5565382308137201,0.6171172993356985,0.6471342264900575
2013-03-17 09:00:00,0.6372578739042019,0.6598269787983182,0.6947570038917597,0.6126775418825064,0.6483263974339152,0.7173751867943065
2013-03-17 10:00:00,0.6081851023627273,0.6431809788361239,0.7063084126274557,0.629180343564598,0.634419572085934,0.701906248798752
2013-03-17 11:00:00,0.5873530797518051,0.6345072603540421,0.6546003973213121,0.5950701018002093,0.5929212727641839,0.6709904356502122
2013-03-17 12:00:00,0.5627487492478179,0.5829664868740927,0.5717959395029276,0.5503716646567075,0.5057852634887946,0.6075282269413428
2013-03-17 13:00:00,0.45604183298932016,0.4582182397717462,0.4373249665785792,0.42235118355294055,0.39095207084899103,0.4654218284924399
2013-03-17 14:00:00,0.28784126970195395,0.3179896979043299,0.27882604631019386,0.2632488705755322,0.23121889730675546,0.28401329085437216
2013-03-17 15:00:00,0.10558195330894951,0.13510898230356935,0.10200055187977848,0.10508346480931538,0.06904345199673578,0.10914665868331899
2013-03-17 16:00:00,0.003215173641104775,0.012418431366074746,0.0,0.0049918486020844146,0.0,0.0013130730810044708
2013-03-17 17:00:00,0.0,0.0,0.0,0.0,0.0,0.0
2013-03-17 18:00:00,0.0,0.0,0.0,0.0,0.0,0.0
2013-03-17 19:00:00,0.0,0.0,0.0,0.0,0.0,0.0
2013-03-17 20:00:00,0.0,0.0,0.0,0.0,0.0,0.0
2013-03-17 21:00:00,0.0,0.0,0.0,0.0,0.0,0.0
2013-03-17 22:00:00,0.0,0.0,0.0,0.0,0.0,0.0
2013-03-17 23:00:00,0.0,0.0,0.0,0.0,0.0,0.0
2013-03-18 00:00:00,0.0,0.0,0.0,0.0,0.0,0.0
2013-03-18 01:00:00,0.0,0.0,0.0,0.0,0.0,0.0
2013-03-18 02:00:00,0.0,0.0,0.0,0.0,0.0,0.0
2013-03-18 03:00:00,0.0,0.0,0.0,0.0,0.0,0.0
2013-03-18 04:00:00,0.0,0.0,0.009814985467606003,0.0013489727188811585,0.02300634335871766,0.0021915761394503026
2013-03-18 05:00:00,0.11567451046414079,0.1069751221216179,0.15321108458107696,0.08993647759961354,0.18059869520518043,0.14019833874730078
2013-03-18 06:00:00,0.32846790896260963,0.32265606291627125,0.3443641371040957,0.25360227563712295,0.3610269578595112,0.3522193442542176
2013-03-18 07:00:00,0.5008659915447907,0.49871568301447006,0.5186467851753276,0.36602852103199995,0.4922408793690748,0.5306421705989625
2013-03-18 08:00:00,0.6048269995284394,0.6256751028432447,0.6312798900531791,0.49334091790725265,0.59065717256415,0.6449858255093556
2013-03-18 09:00:00,0.6354263273626125,0.6870302217958042,0.6924934362004228,0.5882727743347379,0.6541563872110497,0.7026406705858672
2013-03-18 10:00:00,0.6533539042881067,0.7011022750473215,0.6894152661879376,0.6254291022142653,0.6738289858505353,0.7122852044194479
2013-03-18 11:00:00,0.6291731344722827,0.6901766608296729,0.6306716231984736,0.5932860156745656,0.6418107746481777,0.683152478572391
2013-03-18 12:00:00,0.5300819396853135,0.6173742963051176,0.5442466163604868,0.5035964324567632,0.5621480428377637,0.6016554749073388
2013-03-18 13:00:00,0.4183326822106022,0.5152841196433402,0.4073979969770231,0.39839529764621506,0.42228443042335806,0.46750880240704135
2013-03-18 14:00:00,0.26087079390343665,0.3607438835232675,0.25805814464573845,0.247947399349423,0.2446310309343258,0.30598344685083767
2013-03-18 15:00:00,0.11381834348575551,0.17227289724821634,0.09373196349068902,0.09800929187544999,0.0775168404583312,0.1215949768311885
2013-03-18 16:00:00,0.00470581631340151,0.016031402397148023,0.0,0.00640947520193308,0.0,0.0015560555077584204
2013-03-18 17:00:00,0.0,0.0,0.0,0.0,0.0,0.0
2013-03-18 18:00:00,0.0,0.0,0.0,0.0,0.0,0.0
2013-03-18 19:00:00,0.0,0.0,0.0,0.0,0.0,0.0
2013-03-18 20:00:00,0.0,0.0,0.0,0.0,0.0,0.0
2013-03-18 21:00:00,0.0,0.0,0.0,0.0,0.0,0.0
2013-03-18 22:00:00,0.0,0.0,0.0,0.0,0.0,0.0
2013-03-18 23:00:00,0.0,0.0,0.0,0.0,0.0,0.0
2013-03-19 00:00:00,0.0,0.0,0.0,0.0,0.0,0.0
2013-03-19 01:00:00,0.0,0.0,0.0,0.0,0.0,0.0
2013-03-19 02:00:00,0.0,0.0,0.0,0.0,0.0,0.0
2013-03-19 03:00:00,0.0,0.0,0.0,0.0,0.0,0.0
2013-03-19 04:00:00,0.0,0.0,0.008271222487701617,0.0009354815807090924,0.020301632891898153,0.0022731276456073876
2013-03-19 05:00:00,0.1389335684870942,0.11537902969938825,0.13346836546401353,0.08614201846409299,0.1485612463483524,0.13540602009802788
2013-03-19 06:00:00,0.3568010155551106,0.33562303244595393,0.3171948749144282,0.23765083085482708,0.3094873731441986,0.3428617814944165
2013-03-19 07:00:00,0.5337175462396598,0.5314185307765794,0.4488586514464924,0.3790596331892545,0.422126081630534,0.5007326206279911
2013-03-19 08:00:00,0.6382801747513227,0.6565681452820137,0.5749142503821084,0.4941766393526574,0.5244634272551919,0.5953977866423904
2013-03-19 09:00:00,0.6900967701591869,0.7345539883335755,0.607338058485415,0.5472973785777234,0.6142719288252281,0.6428388537611932
2013-03-19 10:00:00,0.6968917116874631,0.7603836631053031,0.6176449983358288,0.5685829318869391,0.6027685983256719,0.6593413126543194
2013-03-19 11:00:00,0.6545225702643706,0.7368301874265667,0.5340272970450177,0.5468309348608701,0.5523727305569671,0.6385052976051189
2013-03-19 12:00:00,0.5747314693128642,0.6785537792972065,0.49081837061832717,0.46471159033350046,0.5038921569804874,0.5830328507335415
2013-03-19 13:00:00,0.4671718515269772,0.5513532930912164,0.379923696522393,0.37080891830447194,0.3723214022027453,0.4540752097148002
2013-03-19 14:00:00,0.3211734645077506,0.3896602143040605,0.24583930238084267,0.23158611046774147,0.2210575832715451,0.2870505978149948
2013-03-19 15:00:00,0.11856709655242512,0.1824584022578501,0.0778340002526552,0.08617278961346886,0.06393426539590535,0.1146284336052525
2013-03-19 16:00:00,0.005109028355896513,0.017158043907288586,0.0,0.006125655904031317,0.0,0.0015820917986717185
2013-03-19 17:00:00,0.0,0.0,0.0,0.0,0.0,0.0
2013-03-19 18:00:00,0.0,0.0,0.0,0.0,0.0,0.0
2013-03-19 19:00:00,0.0,0.0,0.0,0.0,0.0,0.0
2013-03-19 20:00:00,0.0,0.0,0.0,0.0,0.0,0.0
2013-03-19 21:00:00,0.0,0.0,0.0,0.0,0.0,0.0
2013-03-19 22:00:00,0.0,0.0,0.0,0.0,0.0,0.0
2013-03-19 23:00:00,0.0,0.0,0.0,0.0,0.0,0.0
2013-03-20 00:00:00,0.0,0.0,0.0,0.0,0.0,0.0
2013-03-20 01:00:00,0.0,0.0,0.0,0.0,0.0,0.0
2013-03-20 02:00:00,0.0,0.0,0.0,0.0,0.0,0.0
2013-03-20 03:00:00,0.0,0.0,0.0,0.0,0.0,0.0
2013-03-20 04:00:00,0.00010149642355644497,0.0,0.007469355812431853,0.0007716718156024604,0.01648812333137987,0.0027043669753291453
2013-03-20 05:00:00,0.13598662764083336,0.11600159891414166,0.12894633400090555,0.0858486926058178,0.12185262388819226,0.14243618367051925
2013-03-20 06:00:00,0.3492053634587312,0.3361619630667713,0.2994632397712915,0.23481810630879643,0.25313301496951474,0.33839310232246717
2013-03-20 07:00:00,0.5041035453903875,0.5309494641551384,0.46897609093959275,0.4094351658094172,0.43926236522806483,0.520065865988435
2013-03-20 08:00:00,0.5925994872380718,0.6565208545931172,0.5136184805982499,0.5223801474230847,0.5457565562936905,0.6125654103602056
2013-03-20 09:00:00,0.6213120664522679,0.7309480717294684,0.558145418164328,0.536931948291479,0.5920571630222103,0.6925499784342414
2013-03-20 10:00:00,0.6313660856559409,0.7534651447045732,0.6276446025952211,0.5449996335411488,0.6230690201938826,0.6931627401584433
2013-03-20 11:00:00,0.6305263673046194,0.7372011981676818,0.5556266932006633,0.5107043494997918,0.5809960898585456,0.6632806845755387
2013-03-20 12:00:00,0.5480081423151235,0.6679374258702694,0.5022304526000397,0.42812225685913463,0.5171218096904191,0.5655736273579739
2013-03-20 13:00:00,0.4104062667652735,0.5431934204714286,0.3837415335121082,0.31996677178449134,0.3907546826372986,0.4241780009570777
2013-03-20 14:00:00,0.2375026940217518,0.3754050864498329,0.2086407682982773,0.18601616954282538,0.2172775259130094,0.2656670983206199
2013-03-20 15:00:00,0.09764019137703059,0.18335401268733095,0.060347056899402104,0.07028907356988875,0.056210250244721496,0.10138517135806849
2013-03-20 16:00:00,0.004337265096339031,0.017337589859171217,0.0,0.004552231686462211,0.0,0.0015406366550758496
2013-03-20 17:00:00,0.0,0.0,0.0,0.0,0.0,0.0
2013-03-20 18:00:00,0.0,0.0,0.0,0.0,0.0,0.0
2013-03-20 19:00:00,0.0,0.0,0.0,0.0,0.0,0.0
2013-03-20 20:00:00,0.0,0.0,0.0,0.0,0.0,0.0
2013-03-20 21:00:00,0.0,0.0,0.0,0.0,0.0,0.0
2013-03-20 22:00:00,0.0,0.0,0.0,0.0,0.0,0.0
2013-03-20 23:00:00,0.0,0.0,0.0,0.0,0.0,0.0
2013-03-21 00:00:00,0.0,0.0,0.0,0.0,0.0,0.0
2013-03-21 01:00:00,0.0,0.0,0.0,0.0,0.0,0.0
2013-03-21 02:00:00,0.0,0.0,0.0,0.0,0.0,0.0
2013-03-21 03:00:00,0.0,0.0,0.0,0.0,0.0,0.0
2013-03-21 04:00:00,0.0001012559412084993,0.0,0.008637982606681856,0.000979234436446767,0.01859196545882359,0.002782224961341474
2013-03-21 05:00:00,0.1278205169175794,0.11913154316186081,0.14018613449189568,0.08008390040546538,0.12713710109988877,0.13619089481433824
2013-03-21 06:00:00,0.3359356556994467,0.3407257056968743,0.301362007796412,0.2322729099137629,0.2522349340505092,0.33366739016089675
2013-03-21 07:00:00,0.4741175704845107,0.5250321274966542,0.41727306376456713,0.3795531835344184,0.4068551784241719,0.4860672310288023
2013-03-21 08:00:00,0.5740957933627127,0.6503094545096002,0.5225618120941212,0.4944563576172871,0.48941745375852347,0.5928999013619721
2013-03-21 09:00:00,0.6360149232295649,0.7290524819203038,0.6122387425787423,0.5450958708760026,0.5710282833336584,0.6578752435913469
2013-03-21 10:00:00,0.6674558055472682,0.7466827203409929,0.6284178301032513,0.5615784471990727,0.5932022066171886,0.6982498784142486
2013-03-21 11:00:00,0.6253759704972844,0.7320746045623363,0.5671279059826884,0.5570629805734516,0.5607225928329154,0.6473546386610382
2013-03-21 12:00:00,0.5457001259856551,0.6627034846132986,0.4819792156182377,0.4959820025514079,0.48520849514024134,0.5839067513081898
2013-03-21 13:00:00,0.38778833213436675,0.5404872265391675,0.35819995855840236,0.3609621839912316,0.37059853212194993,0.45505813681991386
2013-03-21 14:00:00,0.27433034210567125,0.3789918963601793,0.2011628767144138,0.2635752793875484,0.20754887711860537,0.2833100070904487
2013-03-21 15:00:00,0.10645640320399434,0.1814242569699775,0.06353240389219834,0.10587304531361033,0.05849613930747157,0.11328663293098858
2013-03-21 16:00:00,0.004918950520269252,0.01659541842464067,0.0,0.006559895285028096,0.0,0.0014474230523686311
2013-03-21 17:00:00,0.0,0.0,0.0,0.0,0.0,0.0
2013-03-21 18:00:00,0.0,0.0,0.0,0.0,0.0,0.0
2013-03-21 19:00:00,0.0,0.0,0.0,0.0,0.0,0.0
2013-03-21 20:00:00,0.0,0.0,0.0,0.0,0.0,0.0
2013-03-21 21:00:00,0.0,0.0,0.0,0.0,0.0,0.0
2013-03-21 22:00:00,0.0,0.0,0.0,0.0,0.0,0.0
2013-03-21 23:00:00,0.0,0.0,0.0,0.0,0.0,0.0
2013-03-22 00:00:00,0.0,0.0,0.0,0.0,0.0,0.0
2013-03-22 01:00:00,0.0,0.0,0.0,0.0,0.0,0.0
2013-03-22 02:00:00,0.0,0.0,0.0,0.0,0.0,0.0
2013-03-22 03:00:00,0.0,0.0,0.0,0.0,0.0,0.0
2013-03-22 04:00:00,0.0005597811771600352,0.0,0.01070966721286067,0.0009503632273674849,0.01185532148610722,0.003164090868238806
2013-03-22 05:00:00,0.1314915590814936,0.11654982593105995,0.14404457588875968,0.09256782952261722,0.09377633339559376,0.14024581744654346
2013-03-22 06:00:00,0.3415780706430514,0.33254873161967974,0.31476361715540585,0.22913929406948402,0.20313152546921776,0.34462948529895376
2013-03-22 07:00:00,0.48725165837774514,0.5170043096003359,0.43765000747339927,0.30945349631792607,0.3508726529524397,0.5118495501496806
2013-03-22 08:00:00,0.5860965555223662,0.6400423139196237,0.5440049223275892,0.4142138928056095,0.4885477796831522,0.6156119893283835
2013-03-22 09:00:00,0.6492564781315215,0.7014165700564571,0.5973206543332783,0.53120568528675,0.5390839581804857,0.6532141321964868
2013-03-22 10:00:00,0.5980818962843608,0.7198490522580407,0.594877708110164,0.5238502378962202,0.556343986870596,0.6950395350247262
2013-03-22 11:00:00,0.573507521188467,0.7103196391727682,0.6155989632211669,0.49538024929577673,0.5081161213391576,0.6719631987347209
2013-03-22 12:00:00,0.4827850853895257,0.6137842227603876,0.4941301552094129,0.4515579716244306,0.40710985253873716,0.5635020902007198
2013-03-22 13:00:00,0.4105805446057703,0.5107380873468416,0.4032110268359945,0.35053276018073815,0.32318723248700054,0.45320713975706833
2013-03-22 14:00:00,0.2637973318937659,0.3421152240778572,0.2188006057646538,0.2226182816272637,0.1567249291348553,0.26658060040379666
2013-03-22 15:00:00,0.10364889742181078,0.16114609672770583,0.0716815548633761,0.09110755775027539,0.044400992257676464,0.10529601397776343
2013-03-22 16:00:00,0.0041761979253668305,0.014841091560414025,0.0,0.004935783850856735,0.0,0.0013178265770369558
2013-03-22 17:00:00,0.0,0.0,0.0,0.0,0.0,0.0
2013-03-22 18:00:00,0.0,0.0,0.0,0.0,0.0,0.0
2013-03-22 19:00:00,0.0,0.0,0.0,0.0,0.0,0.0
2013-03-22 20:00:00,0.0,0.0,0.0,0.0,0.0,0.0
2013-03-22 21:00:00,0.0,0.0,0.0,0.0,0.0,0.0
2013-03-22 22:00:00,0.0,0.0,0.0,0.0,0.0,0.0
2013-03-22 23:00:00,0.0,0.0,0.0,0.0,0.0,0.0
2013-03-23 00:00:00,0.0,0.0,0.0,0.0,0.0,0.0
2013-03-23 01:00:00,0.0,0.0,0.0,0.0,0.0,0.0
2013-03-23 02:00:00,0.0,0.0,0.0,0.0,0.0,0.0
2013-03-23 03:00:00,0.0,0.0,0.0,0.0,0.0,0.0
2013-03-23 04:00:00,0.0004639741670253151,0.0,0.010101678779892704,0.002138176186541963,0.01748539271696188,0.0035380704217757935
2013-03-23 05:00:00,0.12041365758161993,0.11629778455637217,0.1549830767135958,0.09284046531806527,0.15249731281486875,0.14507779391612002
2013-03-23 06:00:00,0.318581272736319,0.33472671060815273,0.3588691691423968,0.26841004275571234,0.3136651337298549,0.3474539633503223
2013-03-23 07:00:00,0.46187635726328047,0.5139421762755435,0.38361635468330046,0.38705379130623935,0.42899608226760844,0.5236808339914057
2013-03-23 08:00:00,0.5540355921570026,0.6167486697930181,0.4885708957307113,0.46857952332057584,0.546500939805818,0.6095444804011418
2013-03-23 09:00:00,0.6133174904199984,0.6861270706570947,0.5624574859469761,0.5196075791820818,0.5614049364257587,0.6741843523459968
2013-03-23 10:00:00,0.6421398174464986,0.7182398348427639,0.6060961017817867,0.5651077442026202,0.582215553427306,0.692807680130712
2013-03-23 11:00:00,0.584114857620009,0.6886314022945457,0.6075714728312991,0.5389083248958793,0.5340279076023993,0.6426348878105136
2013-03-23 12:00:00,0.5165533112906766,0.6236555781348396,0.5411936667873104,0.45491158921529673,0.4688278175382553,0.5940115901164765
2013-03-23 13:00:00,0.3783248924922332,0.5039317332951138,0.41556979198518784,0.36388458336884644,0.32356968186333246,0.4467503056238214
2013-03-23 14:00:00,0.22423365972857617,0.34280804636710194,0.22592818369213966,0.23234629461919476,0.17699395065190177,0.2740899502845891
2013-03-23 15:00:00,0.09956069572085681,0.16587808143793956,0.07352019151505644,0.09515051254006648,0.043430860137958084,0.11177639086433419
2013-03-23 16:00:00,0.00417711113364148,0.015575196039427495,0.0,0.00492152989700882,0.0,0.0016221655204760215
2013-03-23 17:00:00,0.0,0.0,0.0,0.0,0.0,0.0
2013-03-23 18:00:00,0.0,0.0,0.0,0.0,0.0,0.0
2013-03-23 19:00:00,0.0,0.0,0.0,0.0,0.0,0.0
2013-03-23 20:00:00,0.0,0.0,0.0,0.0,0.0,0.0
2013-03-23 21:00:00,0.0,0.0,0.0,0.0,0.0,0.0
2013-03-23 22:00:00,0.0,0.0,0.0,0.0,0.0,0.0
2013-03-23 23:00:00,0.0,0.0,0.0,0.0,0.0,0.0
2013-03-24 00:00:00,0.0,0.0,0.0,0.0,0.0,0.0
2013-03-24 01:00:00,0.0,0.0,0.0,0.0,0.0,0.0
2013-03-24 02:00:00,0.0,0.0,0.0,0.0,0.0,0.0
2013-03-24 03:00:00,0.0,0.0,0.0,0.0,0.0,0.0
2013-03-24 04:00:00,0.0013552172436256502,0.0,0.01224311385077397,0.0024327655964014876,0.022384136489768055,0.004659414713329079
2013-03-24 05:00:00,0.14717568271472484,0.1254720056989715,0.1569107697893842,0.11106763927204805,0.1699704966768516,0.15569671101728597
2013-03-24 06:00:00,0.3706855314637726,0.34534139843093536,0.3625809968262686,0.29566672323132076,0.35068731678866666,0.35784472754019214
2013-03-24 07:00:00,0.5446444456202664,0.5355640087020186,0.5134130099976731,0.46294335040427315,0.49342937283249494,0.5332820013128704
2013-03-24 08:00:00,0.632290351859377,0.6646291249528202,0.6335366932559754,0.5850891632151428,0.60761822434354,0.6494283702645696
2013-03-24 09:00:00,0.6569685515291411,0.7293389317752265,0.6506653991913203,0.6303299628108452,0.6360601567724343,0.698350376566374
2013-03-24 10:00:00,0.654145575524473,0.7558890413025747,0.6312257119261048,0.6028352311463507,0.652011850558209,0.693808447792099
2013-03-24 11:00:00,0.6346164744112128,0.7253897196740287,0.5786213044860127,0.5870351354442244,0.6104843973850701,0.6669760986310659
2013-03-24 12:00:00,0.5582746854663784,0.6684775810603582,0.5175624342483557,0.475856290184417,0.5352029303188484,0.5833574316378584
2013-03-24 13:00:00,0.47033627885502255,0.5514018442129207,0.3922919300061737,0.3865470503366924,0.39983969126708546,0.4533881981495786
2013-03-24 14:00:00,0.29724409886027287,0.39062809381858066,0.2505361603528235,0.22688488672881477,0.2250689861254572,0.28023529674158965
2013-03-24 15:00:00,0.11905945720000549,0.18267991019916782,0.07454662713220805,0.08203897127109853,0.05639794149724924,0.10177939950874178
2013-03-24 16:00:00,0.005210209213909075,0.016537858328482653,0.0,0.004694680009527214,0.0,0.0017723209697306558
2013-03-24 17:00:00,0.0,0.0,0.0,0.0,0.0,0.0
2013-03-24 18:00:00,0.0,0.0,0.0,0.0,0.0,0.0
2013-03-24 19:00:00,0.0,0.0,0.0,0.0,0.0,0.0
2013-03-24 20:00:00,0.0,0.0,0.0,0.0,0.0,0.0
2013-03-24 21:00:00,0.0,0.0,0.0,0.0,0.0,0.0
2013-03-24 22:00:00,0.0,0.0,0.0,0.0,0.0,0.0
2013-03-24 23:00:00,0.0,0.0,0.0,0.0,0.0,0.0
2013-03-25 00:00:00,0.0,0.0,0.0,0.0,0.0,0.0
2013-03-25 01:00:00,0.0,0.0,0.0,0.0,0.0,0.0
2013-03-25 02:00:00,0.0,0.0,0.0,0.0,0.0,0.0
2013-03-25 03:00:00,0.0,0.0,0.0,0.0,0.0,0.0
2013-03-25 04:00:00,0.0008985153251711253,0.0,0.003717343873226691,0.0006825481486951894,0.013188072839484723,0.0018288166865523248
2013-03-25 05:00:00,0.12635044590523406,0.12467186606841439,0.05646233489162618,0.06651255679141169,0.09923104764160207,0.11207438654558076
2013-03-25 06:00:00,0.295145325227648,0.3410775786859416,0.14542273856891547,0.18941487650822023,0.21064313780510163,0.2717913729749018
2013-03-25 07:00:00,0.4214370597359996,0.5292278507262745,0.2174294092315383,0.27529517193096603,0.3278265977357786,0.4579502713173132
2013-03-25 08:00:00,0.5125879055479746,0.6494088242338015,0.3314789589911586,0.3607600948273736,0.4053659481151709,0.5420072172194551
2013-03-25 09:00:00,0.5981584513405381,0.7316734855811986,0.4969953427345606,0.4419592693272112,0.5064805906075287,0.6177494584631105
2013-03-25 10:00:00,0.596556537294734,0.7506921987429638,0.4839924957473587,0.49630650458385095,0.4924834336762053,0.6313774463631568
2013-03-25 11:00:00,0.6083516527828613,0.7308288379839671,0.47559797440841983,0.4698440682875591,0.48618503563168,0.6153397399952061
2013-03-25 12:00:00,0.578418266670338,0.6621308253478924,0.43572692100203514,0.45224661850320175,0.4371890221728711,0.5700146246268823
2013-03-25 13:00:00,0.4404018601850991,0.5438344794029344,0.36298842803621817,0.3367688242778431,0.35675450485164334,0.43743062679020966
2013-03-25 14:00:00,0.30865410826494416,0.3770734313370976,0.19378873139437588,0.22336947309789248,0.1908557505554272,0.2944202581928368
2013-03-25 15:00:00,0.13881612521394077,0.17981252311014087,0.06684108498260213,0.09006373585446817,0.051634378337205473,0.11578873819785582
2013-03-25 16:00:00,0.005714300006602558,0.0157512292803223,0.0,0.005648694495379273,0.0,0.0017755365309157882
2013-03-25 17:00:00,0.0,0.0,0.0,0.0,0.0,0.0
2013-03-25 18:00:00,0.0,0.0,0.0,0.0,0.0,0.0
2013-03-25 19:00:00,0.0,0.0,0.0,0.0,0.0,0.0
2013-03-25 20:00:00,0.0,0.0,0.0,0.0,0.0,0.0
2013-03-25 21:00:00,0.0,0.0,0.0,0.0,0.0,0.0
2013-03-25 22:00:00,0.0,0.0,0.0,0.0,0.0,0.0
2013-03-25 23:00:00,0.0,0.0,0.0,0.0,0.0,0.0
2013-03-26 00:00:00,0.0,0.0,0.0,0.0,0.0,0.0
2013-03-26 01:00:00,0.0,0.0,0.0,0.0,0.0,0.0
2013-03-26 02:00:00,0.0,0.0,0.0,0.0,0.0,0.0
2013-03-26 03:00:00,0.0,0.0,0.0,0.0,0.0,0.0
2013-03-26 04:00:00,0.0018444618002998933,2.8849507919515997e-05,0.009670613132910292,0.0017144572971182547,0.013366329488175994,0.0031928592431185432
2013-03-26 05:00:00,0.1461682110562483,0.12635401082815048,0.11480231599916263,0.08857051253504175,0.09594620465064231,0.12340577286981083
2013-03-26 06:00:00,0.36950587627976084,0.34477444097863025,0.28364958724046735,0.2619466706091223,0.22308849385923038,0.3220731426292192
2013-03-26 07:00:00,0.5378651833910595,0.5397889050630743,0.42733607910819255,0.4224883078477313,0.3624318577622304,0.489417826745613
2013-03-26 08:00:00,0.6336485895596206,0.6559365905323766,0.5478586980879916,0.5210203099431209,0.4882035625923623,0.5868346763232031
2013-03-26 09:00:00,0.6748542592053723,0.7301927792453144,0.6022995117910364,0.6053794867432457,0.5630615044854081,0.6423425877168748
2013-03-26 10:00:00,0.7145438504851789,0.756502101817214,0.6477345930535301,0.6220334701796324,0.5974773638210086,0.6859960522967736
2013-03-26 11:00:00,0.6762184493484537,0.7404060696416157,0.6212885908705018,0.5614420171239188,0.5662714272787138,0.6786671931964177
2013-03-26 12:00:00,0.5875739479793477,0.6690084996685813,0.5213816206176799,0.4920729976899754,0.43126580652626567,0.560218258497803
2013-03-26 13:00:00,0.4511266878914085,0.551124389238041,0.4198106675352874,0.3745941934819865,0.34729703386391686,0.44052428807956023
2013-03-26 14:00:00,0.30885173420325324,0.3788873690556501,0.23016179620582142,0.2514124809237828,0.21136371808436508,0.2774127727601374
2013-03-26 15:00:00,0.13990350233086338,0.17981802685713083,0.08056150946000014,0.10101179971793857,0.05882587009504948,0.11264055258221624
2013-03-26 16:00:00,0.005315130977480662,0.015767604427925415,0.0,0.006394328837379192,0.0,0.0017194573057054657
2013-03-26 17:00:00,0.0,0.0,0.0,0.0,0.0,0.0
2013-03-26 18:00:00,0.0,0.0,0.0,0.0,0.0,0.0
2013-03-26 19:00:00,0.0,0.0,0.0,0.0,0.0,0.0
2013-03-26 20:00:00,0.0,0.0,0.0,0.0,0.0,0.0
2013-03-26 21:00:00,0.0,0.0,0.0,0.0,0.0,0.0
2013-03-26 22:00:00,0.0,0.0,0.0,0.0,0.0,0.0
2013-03-26 23:00:00,0.0,0.0,0.0,0.0,0.0,0.0
2013-03-27 00:00:00,0.0,0.0,0.0,0.0,0.0,0.0
2013-03-27 01:00:00,0.0,0.0,0.0,0.0,0.0,0.0
2013-03-27 02:00:00,0.0,0.0,0.0,0.0,0.0,0.0
2013-03-27 03:00:00,0.0,0.0,0.0,0.0,0.0,0.0
2013-03-27 04:00:00,0.0018273877425069,2.6891762868451068e-05,0.009243612901505433,0.0032672855864770605,0.025493919588660874,0.004869385137458311
2013-03-27 05:00:00,0.13931993346062782,0.1299544783121379,0.13133473059215986,0.12197778831820687,0.17654509602986665,0.13765412172855174
2013-03-27 06:00:00,0.36289141753483417,0.34670725385891693,0.32502603196291835,0.3179743707443176,0.3670291202074111,0.3444312720663024
2013-03-27 07:00:00,0.5500885508135404,0.5331711115515447,0.4929399361352118,0.4612012049604626,0.47588744762474294,0.5314177591057292
2013-03-27 08:00:00,0.6421651610823202,0.6519384014782744,0.5895034527207811,0.580443241700447,0.5974361706974519,0.6197898574580316
2013-03-27 09:00:00,0.6765453348983398,0.7252187343187922,0.6192682934892286,0.6238430056802207,0.6383215184548293,0.6667799519635457
2013-03-27 10:00:00,0.7050783839276128,0.7448113674804316,0.6476966930725349,0.6566829775528479,0.6802243463012583,0.7085559241086863
2013-03-27 11:00:00,0.6455621096908701,0.7218286529035824,0.5765090666007245,0.6020200949446296,0.5982325184943665,0.6605432864314345
2013-03-27 12:00:00,0.5881977861090318,0.6579460468467663,0.4867308358935597,0.5191565870772273,0.5247681932583782,0.5979962223955655
2013-03-27 13:00:00,0.4671104469820761,0.5389269160735148,0.3401518384170982,0.40097102687808467,0.3668675142084228,0.446622638540877
2013-03-27 14:00:00,0.3174344728690634,0.3741438212501163,0.21754875359594403,0.22952071732869536,0.21722175333381813,0.2876974570760789
2013-03-27 15:00:00,0.1344086989252621,0.17905893364949893,0.07522483009349487,0.09408702102826881,0.061422101749059335,0.12159320496236613
2013-03-27 16:00:00,0.004361440251085091,0.014650761110097669,0.0,0.004242138306302252,0.0,0.001640348076098775
2013-03-27 17:00:00,0.0,0.0,0.0,0.0,0.0,0.0
2013-03-27 18:00:00,0.0,0.0,0.0,0.0,0.0,0.0
2013-03-27 19:00:00,0.0,0.0,0.0,0.0,0.0,0.0
2013-03-27 20:00:00,0.0,0.0,0.0,0.0,0.0,0.0
2013-03-27 21:00:00,0.0,0.0,0.0,0.0,0.0,0.0
2013-03-27 22:00:00,0.0,0.0,0.0,0.0,0.0,0.0
2013-03-27 23:00:00,0.0,0.0,0.0,0.0,0.0,0.0
2013-03-28 00:00:00,0.0,0.0,0.0,0.0,0.0,0.0
2013-03-28 01:00:00,0.0,0.0,0.0,0.0,0.0,0.0
2013-03-28 02:00:00,0.0,0.0,0.0,0.0,0.0,0.0
2013-03-28 03:00:00,0.0,0.0,0.0,0.0,0.0,0.0
2013-03-28 04:00:00,0.002455974545752921,0.00011576681325889743,0.008980176155108623,0.0016746996668197919,0.009197981497996366,0.00576435385178361
2013-03-28 05:00:00,0.14007541699795673,0.13385481689054704,0.12800955588886417,0.09511224334152932,0.07723693381686769,0.1414218061029416
2013-03-28 06:00:00,0.3636887216883543,0.35172254549195436,0.28264049795402574,0.2434878761721405,0.17170326158638366,0.33153289831964744
2013-03-28 07:00:00,0.535685202591135,0.5428140055955101,0.3746075985994452,0.30200274855606934,0.2537391968309937,0.5308338800315335
2013-03-28 08:00:00,0.6272425133351323,0.6647994696621854,0.47096156305802317,0.3877754568696393,0.3483239626125875,0.6172711468369433
2013-03-28 09:00:00,0.6915589497751514,0.7428631418726681,0.523703519773125,0.4544459485728961,0.4096345923233281,0.6760513174633913
2013-03-28 10:00:00,0.7047891341806637,0.7657175441333446,0.5615049968878272,0.49076344249128745,0.4541489768518682,0.6699504827913744
2013-03-28 11:00:00,0.675700100782928,0.7474930254843671,0.518639348708561,0.4643988078077316,0.45073352539264455,0.6380588575985267
2013-03-28 12:00:00,0.5794949664289573,0.6789966321327592,0.4216565821495701,0.3522409491289199,0.37907862142289706,0.5507568942101101
2013-03-28 13:00:00,0.45227282061871843,0.5557738617766989,0.3343034828325825,0.2827811221819127,0.289025823964214,0.43104914227070523
2013-03-28 14:00:00,0.3215934672266565,0.3906087256225809,0.2107869647907025,0.2073882506223662,0.1798148302878487,0.2895178173252392
2013-03-28 15:00:00,0.1328907770119283,0.18720552254142642,0.06778622860892236,0.0818242868514054,0.04698772119034056,0.1105934034245501
2013-03-28 16:00:00,0.005320737189332828,0.015943787236122598,0.0,0.004682898869949375,0.0,0.0015684110202443954
2013-03-28 17:00:00,0.0,0.0,0.0,0.0,0.0,0.0
2013-03-28 18:00:00,0.0,0.0,0.0,0.0,0.0,0.0
2013-03-28 19:00:00,0.0,0.0,0.0,0.0,0.0,0.0
2013-03-28 20:00:00,0.0,0.0,0.0,0.0,0.0,0.0
2013-03-28 21:00:00,0.0,0.0,0.0,0.0,0.0,0.0
2013-03-28 22:00:00,0.0,0.0,0.0,0.0,0.0,0.0
2013-03-28 23:00:00,0.0,0.0,0.0,0.0,0.0,0.0
2013-03-29 00:00:00,0.0,0.0,0.0,0.0,0.0,0.0
2013-03-29 01:00:00,0.0,0.0,0.0,0.0,0.0,0.0
2013-03-29 02:00:00,0.0,0.0,0.0,0.0,0.0,0.0
2013-03-29 03:00:00,0.0,0.0,0.0,0.0,0.0,0.0
2013-03-29 04:00:00,0.002895839095356051,0.0001226787242210865,0.009535407724542987,0.0013296539503615777,0.014464267794935046,0.006956822114357691
2013-03-29 05:00:00,0.13349169222924936,0.13450463444895733,0.12103697646392174,0.07981820666624145,0.09840695737791122,0.14889912810074382
2013-03-29 06:00:00,0.3317365198873588,0.34896938326081256,0.28143265570668774,0.21778983570900293,0.20996178753317238,0.34755331369326226
2013-03-29 07:00:00,0.5075613273187519,0.5352252593604707,0.40437097424712465,0.38297635298200217,0.34155312176643815,0.5166585944564693
2013-03-29 08:00:00,0.5966613498498419,0.6674172256663289,0.5233137792003849,0.49107210462890644,0.4295597266799686,0.6145557244138787
2013-03-29 09:00:00,0.6585659068817794,0.7327283638303297,0.569449329626078,0.5271298177349857,0.459054527574556,0.6996236150098162
2013-03-29 10:00:00,0.6422229956875338,0.759810522602184,0.5661761838288252,0.5583170487017054,0.49987599116367093,0.6884976585600121
2013-03-29 11:00:00,0.6446375734181526,0.7269771397103673,0.5492977931016343,0.5371334455110527,0.5337986417636167,0.6720139558867353
2013-03-29 12:00:00,0.5743858865670716,0.6690257309318898,0.5052652871920886,0.47724849019702115,0.4488656252255031,0.5813557874995631
2013-03-29 13:00:00,0.4693958908089357,0.5251060548390017,0.3828361343375574,0.35823675182289544,0.3399302534227083,0.4533905203803339
2013-03-29 14:00:00,0.32315871114114636,0.3782820626529847,0.2341092566406583,0.24533136200952693,0.19638241536470563,0.30295514538443774
2013-03-29 15:00:00,0.13844236876131946,0.1801856529438956,0.0772329818788651,0.10522945189059611,0.056648511335945624,0.11191163220005376
2013-03-29 16:00:00,0.0050640229142418615,0.014657453881002975,0.0,0.00578188918449411,0.0,0.001610440236947731
2013-03-29 17:00:00,0.0,0.0,0.0,0.0,0.0,0.0
2013-03-29 18:00:00,0.0,0.0,0.0,0.0,0.0,0.0
2013-03-29 19:00:00,0.0,0.0,0.0,0.0,0.0,0.0
2013-03-29 20:00:00,0.0,0.0,0.0,0.0,0.0,0.0
2013-03-29 21:00:00,0.0,0.0,0.0,0.0,0.0,0.0
2013-03-29 22:00:00,0.0,0.0,0.0,0.0,0.0,0.0
2013-03-29 23:00:00,0.0,0.0,0.0,0.0,0.0,0.0
2013-03-30 00:00:00,0.0,0.0,0.0,0.0,0.0,0.0
2013-03-30 01:00:00,0.0,0.0,0.0,0.0,0.0,0.0
2013-03-30 02:00:00,0.0,0.0,0.0,0.0,0.0,0.0
2013-03-30 03:00:00,0.0,0.0,0.0,0.0,0.0,0.0
2013-03-30 04:00:00,0.0033553343826782833,0.0003139036714135182,0.010828057087938197,0.004445459823848437,0.026739155989976886,0.006859537494169543
2013-03-30 05:00:00,0.14924153295974427,0.1359743835504762,0.13919179365381004,0.12843844002295784,0.1760623279728177,0.15692882580723624
2013-03-30 06:00:00,0.3633309011504177,0.3502465780655438,0.29018598155772324,0.3136584706499231,0.3491693428732921,0.3535419115115388
2013-03-30 07:00:00,0.5497131045580179,0.5394931444607529,0.46135016997809014,0.47821328421654735,0.4987481117558368,0.5395936408241399
2013-03-30 08:00:00,0.6567310064228289,0.6617988747586634,0.5787421082613847,0.5824301880492241,0.583457653769919,0.6333783312323217
2013-03-30 09:00:00,0.7200496970056762,0.7445879329555307,0.5834571403143901,0.6326690118365957,0.5726149376132973,0.7077293749425089
2013-03-30 10:00:00,0.7208959115962759,0.7656717351887129,0.5963929725313326,0.6436599530668294,0.5622425766895378,0.7154937681020931
2013-03-30 11:00:00,0.662729856817662,0.7378787083950589,0.5598194414926617,0.5845092333922847,0.5104756111037001,0.692682027870976
2013-03-30 12:00:00,0.6026383958093822,0.6778319650759302,0.5382128133849506,0.4780471259042314,0.5231328619099911,0.6244127385944522
2013-03-30 13:00:00,0.47381301400332515,0.5563950020798895,0.3950696182413706,0.3823381519219681,0.36358156270159625,0.47906898590343083
2013-03-30 14:00:00,0.32248874026577945,0.3932575595163851,0.2484594776608041,0.23431955507014274,0.19667423456955566,0.3155145518155977
2013-03-30 15:00:00,0.14442520329403183,0.18940157186118908,0.07691691316909716,0.09699501994770915,0.05021868724996065,0.12620363245330762
2013-03-30 16:00:00,0.004927332545893012,0.015913555680197727,0.0,0.005435241801783616,0.0,0.0016042902738098545
2013-03-30 17:00:00,0.0,0.0,0.0,0.0,0.0,0.0
2013-03-30 18:00:00,0.0,0.0,0.0,0.0,0.0,0.0
2013-03-30 19:00:00,0.0,0.0,0.0,0.0,0.0,0.0
2013-03-30 20:00:00,0.0,0.0,0.0,0.0,0.0,0.0
2013-03-30 21:00:00,0.0,0.0,0.0,0.0,0.0,0.0
2013-03-30 22:00:00,0.0,0.0,0.0,0.0,0.0,0.0
2013-03-30 23:00:00,0.0,0.0,0.0,0.0,0.0,0.0
2013-03-31 00:00:00,0.0,0.0,0.0,0.0,0.0,0.0
2013-03-31 01:00:00,0.0,0.0,0.0,0.0,0.0,0.0
2013-03-31 02:00:00,0.0,0.0,0.0,0.0,0.0,0.0
2013-03-31 03:00:00,0.0,0.0,0.0,0.0,0.0,0.0
2013-03-31 04:00:00,0.0036103948914908853,0.00032810692878060293,0.010464826020541981,0.0010206196822219351,0.012173573879381007,0.009067751325962855
2013-03-31 05:00:00,0.15523100886712227,0.14608211233033988,0.12102402829986202,0.08469746933706088,0.08492654191872316,0.16820121875721364
2013-03-31 06:00:00,0.36389233898214307,0.36445490908172967,0.26141895911578483,0.22543050566745101,0.21064731931174618,0.3701036350299263
2013-03-31 07:00:00,0.529805014795974,0.5533044142672349,0.3812165466991664,0.27884950900599803,0.35489556132513167,0.539542589549626
2013-03-31 08:00:00,0.640061375634605,0.6861487568194637,0.5155293151613847,0.39615926643007926,0.48962666834400054,0.6538581493795995
2013-03-31 09:00:00,0.7222057394321392,0.7592262070770961,0.5906340594134512,0.4727543558452903,0.5712833788420904,0.7126911580385288
2013-03-31 10:00:00,0.7140900101521007,0.7795232616746842,0.6205767423866598,0.48827564194567863,0.5564232518118878,0.7091464036879624
2013-03-31 11:00:00,0.6945714630893907,0.7618891852790604,0.5897946712117468,0.5060235052938448,0.5269376991775762,0.6819682900181439
2013-03-31 12:00:00,0.6343919500439985,0.6939367621465451,0.5122487759024124,0.4566733905215936,0.4811224289973559,0.6060319135742911
2013-03-31 13:00:00,0.5029619313574414,0.5791901199686857,0.3721997635492553,0.372627795179927,0.35190181075672733,0.48066498483252856
2013-03-31 14:00:00,0.3443593622436979,0.40918845400846804,0.24409839539286013,0.23020575968325818,0.20779204014811778,0.3128542979118808
2013-03-31 15:00:00,0.14608725779022189,0.19631870492435133,0.09008849806382763,0.08952168448938258,0.05832196554633884,0.1254030215385018
2013-03-31 16:00:00,0.00535834857580215,0.01624017983910883,0.0,0.004374866135562547,0.0,0.0016257895953415685
2013-03-31 17:00:00,0.0,0.0,0.0,0.0,0.0,0.0
2013-03-31 18:00:00,0.0,0.0,0.0,0.0,0.0,0.0
2013-03-31 19:00:00,0.0,0.0,0.0,0.0,0.0,0.0
2013-03-31 20:00:00,0.0,0.0,0.0,0.0,0.0,0.0
2013-03-31 21:00:00,0.0,0.0,0.0,0.0,0.0,0.0
2013-03-31 22:00:00,0.0,0.0,0.0,0.0,0.0,0.0
2013-03-31 23:00:00,0.0,0.0,0.0,0.0,0.0,0.0
2013-04-01 00:00:00,0.0,0.0,0.0,0.0,0.0,0.0
2013-04-01 01:00:00,0.0,0.0,0.0,0.0,0.0,0.0
2013-04-01 02:00:00,0.0,0.0,0.0,0.0,0.0,0.0
2013-04-01 03:00:00,0.0,0.0,0.0,0.0,0.0,0.0
2013-04-01 04:00:00,0.003527902297316331,0.000480534419147176,0.012679302036826065,0.0038519298438286923,0.02110777095579434,0.008606028454371778
2013-04-01 05:00:00,0.1492633206663336,0.14660096467491968,0.13539872373073075,0.10735236691136076,0.1265644907262586,0.16162084730504833
2013-04-01 06:00:00,0.3628747791940906,0.36619485261845064,0.3110543343883806,0.2761160143354368,0.24508776474189378,0.37000025704570544
2013-04-01 07:00:00,0.5487394295702794,0.5400028833244525,0.49453134585855213,0.4294729422573788,0.3516143234205852,0.5491058434152439
2013-04-01 08:00:00,0.6519536704604154,0.6686125604867342,0.5816109096186438,0.5498925401301382,0.4239768136852662,0.669320336630148
2013-04-01 09:00:00,0.7363235283622735,0.7475726061472583,0.59457142833854,0.5960242192899381,0.4684018570326128,0.7218074081635102
2013-04-01 10:00:00,0.7495158290126738,0.7720003809549416,0.6211648378783766,0.5860028091261774,0.5327026578569347,0.7398304071568621
2013-04-01 11:00:00,0.6895414797940788,0.7452332817730349,0.5183088214882753,0.5595605640937047,0.4679530305557091,0.668573143703134
2013-04-01 12:00:00,0.6004221324214396,0.6697949644310478,0.45540924067024563,0.4826447978506262,0.4476455425804478,0.6120413001494628
2013-04-01 13:00:00,0.4891341577057476,0.5498261145019546,0.3282699547970395,0.3726885275654509,0.29724925521930906,0.45383520810102135
2013-04-01 14:00:00,0.3374184571645051,0.387767401716801,0.20496428882114393,0.25175548681997806,0.17751880822775176,0.3084637439317426
2013-04-01 15:00:00,0.13461606081271588,0.1788159621456142,0.06547210069181995,0.09709390854301513,0.04529731666938297,0.1155067740119209
2013-04-01 16:00:00,0.004950405865454919,0.01441516933128782,0.0,0.005408092698750262,0.0,0.00156767783285561
2013-04-01 17:00:00,0.0,0.0,0.0,0.0,0.0,0.0
2013-04-01 18:00:00,0.0,0.0,0.0,0.0,0.0,0.0
2013-04-01 19:00:00,0.0,0.0,0.0,0.0,0.0,0.0
2013-04-01 20:00:00,0.0,0.0,0.0,0.0,0.0,0.0
2013-04-01 21:00:00,0.0,0.0,0.0,0.0,0.0,0.0
2013-04-01 22:00:00,0.0,0.0,0.0,0.0,0.0,0.0
2013-04-01 23:00:00,0.0,0.0,0.0,0.0,0.0,0.0
2013-04-02 00:00:00,0.0,0.0,0.0,0.0,0.0,0.0
2013-04-02 01:00:00,0.0,0.0,0.0,0.0,0.0,0.0
2013-04-02 02:00:00,0.0,0.0,0.0,0.0,0.0,0.0
2013-04-02 03:00:00,0.0,0.0,0.0,0.0,0.0,0.0
2013-04-02 04:00:00,0.0026308611447959187,0.0005610277854079826,0.0073363731174386675,0.0019124753997609451,0.017671330993734777,0.009700059821214956
2013-04-02 05:00:00,0.1341820790835875,0.13528414202669037,0.08638106916230899,0.09369728021518269,0.10465771037687818,0.14605380180973163
2013-04-02 06:00:00,0.33740572896849913,0.3548885939187184,0.22592487256881547,0.2525265973381684,0.22619563756926267,0.34374132003582597
2013-04-02 07:00:00,0.5281909695871345,0.5480311198433104,0.34146289899002985,0.39454796306477075,0.418272627488574,0.4592099889269614
2013-04-02 08:00:00,0.6655448309853057,0.673524759191962,0.4571939189838343,0.5186033514744555,0.552928571148299,0.5816552863560666
2013-04-02 09:00:00,0.7136186068554358,0.7400937522130835,0.5147930436470936,0.5969062822669218,0.6292962317193689,0.6707793965080282
2013-04-02 10:00:00,0.7202022570496746,0.760346832758768,0.5860182641705783,0.5816690958579777,0.6322936949221877,0.698681672108653
2013-04-02 11:00:00,0.6928180523360189,0.7390318945603725,0.5349991057678402,0.5769198396862782,0.551240682395821,0.6397847387083937
2013-04-02 12:00:00,0.613028976157644,0.6676852075667972,0.4483657611122606,0.4907784131445009,0.48956370106471814,0.5393542877261476
2013-04-02 13:00:00,0.4999243289987049,0.5545716292754522,0.35855811400330856,0.3889690101550107,0.34794256032406784,0.4181389190841853
2013-04-02 14:00:00,0.34209839048112234,0.38506338147077157,0.21198670214379664,0.25412141592345083,0.2073564931915376,0.2682967813156325
2013-04-02 15:00:00,0.152578777826926,0.1805444553550814,0.07479051364610652,0.10859161898203222,0.05578851627316153,0.10007331203721816
2013-04-02 16:00:00,0.004850476005710166,0.014120793544781744,0.0,0.005675877494327587,0.0,0.0013071558486517968
2013-04-02 17:00:00,0.0,0.0,0.0,0.0,0.0,0.0
2013-04-02 18:00:00,0.0,0.0,0.0,0.0,0.0,0.0
2013-04-02 19:00:00,0.0,0.0,0.0,0.0,0.0,0.0
2013-04-02 20:00:00,0.0,0.0,0.0,0.0,0.0,0.0
2013-04-02 21:00:00,0.0,0.0,0.0,0.0,0.0,0.0
2013-04-02 22:00:00,0.0,0.0,0.0,0.0,0.0,0.0
2013-04-02 23:00:00,0.0,0.0,0.0,0.0,0.0,0.0
2013-04-03 00:00:00,0.0,0.0,0.0,0.0,0.0,0.0
2013-04-03 01:00:00,0.0,0.0,0.0,0.0,0.0,0.0
2013-04-03 02:00:00,0.0,0.0,0.0,0.0,0.0,0.0
2013-04-03 03:00:00,0.0,0.0,0.0,0.0,0.0,0.0
2013-04-03 04:00:00,0.0049486706047603855,0.0008068868874123523,0.011280542614801577,0.003409344445263161,0.027318511378190104,0.008955926492349267
2013-04-03 05:00:00,0.1569357379874,0.14175038854876387,0.11549669853375445,0.11458055367453543,0.15980413469882138,0.15625349615729062
2013-04-03 06:00:00,0.3670408737005249,0.3556621338453888,0.2663544548597673,0.27225527395268756,0.3130890074644347,0.3648281620929415
2013-04-03 07:00:00,0.5510801099535801,0.5395884549918515,0.45698789576446414,0.4616638752989987,0.4438074258349063,0.5512904536928194
2013-04-03 08:00:00,0.6600973073468356,0.6621347349805039,0.5030851392087832,0.5304868199901839,0.5217802994261435,0.6564399329574806
2013-04-03 09:00:00,0.7112187830969944,0.7309688973115512,0.6038076825185216,0.5967453563423928,0.5923770517054157,0.6865772465995731
2013-04-03 10:00:00,0.7154577931530633,0.743411201813396,0.5924512438564028,0.5886351280547308,0.5848733224969935,0.6945921173112289
2013-04-03 11:00:00,0.6780440101713947,0.7288983531720749,0.5663298235690637,0.5302576819926568,0.5602666328970756,0.6546043897819814
2013-04-03 12:00:00,0.607308830443866,0.6544357137842535,0.45367419444823986,0.4689819356701873,0.4413866754784506,0.5145411837120256
2013-04-03 13:00:00,0.4887544499324894,0.5279551460979449,0.37962422022652703,0.3505227365538158,0.3574597334271683,0.4317912576081701
2013-04-03 14:00:00,0.32591356812996275,0.3611226635966785,0.2018528875495366,0.21341555082201233,0.18322661059941467,0.23522253256735146
2013-04-03 15:00:00,0.12917047426108788,0.16798401288675982,0.07504244913489921,0.08523899708347596,0.04634413608427372,0.0931867546910908
2013-04-03 16:00:00,0.0037334918503257692,0.013171375673789442,0.0,0.004757711220188275,0.0,0.0011730752223037167
2013-04-03 17:00:00,0.0,0.0,0.0,0.0,0.0,0.0
2013-04-03 18:00:00,0.0,0.0,0.0,0.0,0.0,0.0
2013-04-03 19:00:00,0.0,0.0,0.0,0.0,0.0,0.0
2013-04-03 20:00:00,0.0,0.0,0.0,0.0,0.0,0.0
2013-04-03 21:00:00,0.0,0.0,0.0,0.0,0.0,0.0
2013-04-03 22:00:00,0.0,0.0,0.0,0.0,0.0,0.0
2013-04-03 23:00:00,0.0,0.0,0.0,0.0,0.0,0.0
2013-04-04 00:00:00,0.0,0.0,0.0,0.0,0.0,0.0
2013-04-04 01:00:00,0.0,0.0,0.0,0.0,0.0,0.0
2013-04-04 02:00:00,0.0,0.0,0.0,0.0,0.0,0.0
2013-04-04 03:00:00,0.0,0.0,0.0,0.0,0.0,0.0
2013-04-04 04:00:00,0.005576664283709708,0.0008913180241703352,0.01513602428307518,0.0026350607191770966,0.03277435461326009,0.011601431658871751
2013-04-04 05:00:00,0.15634336950144262,0.13432165029468887,0.14355382041732648,0.11070736912511042,0.17033060226686542,0.16594353369914738
2013-04-04 06:00:00,0.3708182019446628,0.3460766337274201,0.3111560571938665,0.2999776555342598,0.35261912305456017,0.37100662196538275
2013-04-04 07:00:00,0.5464683206468821,0.5327207728763951,0.48790509291459216,0.47844390619419797,0.5228784612287743,0.5456024099604102
2013-04-04 08:00:00,0.6175799814697731,0.646313785234702,0.5971273680639858,0.5642125066993693,0.6085661447538063,0.6465956149878341
2013-04-04 09:00:00,0.6586676714717454,0.718058541578405,0.6466388226162713,0.6381019815142278,0.6398655240449055,0.6782091777559464
2013-04-04 10:00:00,0.6675560864166562,0.7290483869174514,0.6459943991658325,0.5869857114308854,0.6486027854172691,0.6796159451162335
2013-04-04 11:00:00,0.6472515357332869,0.7136038757018102,0.6276056417925708,0.5622724392465992,0.6236084016720028,0.6705385109976625
2013-04-04 12:00:00,0.5776755115659227,0.6389948152187612,0.5121549566730703,0.4959424035357644,0.5213004224883603,0.5628212897438308
2013-04-04 13:00:00,0.46147488131958675,0.518358427217383,0.4025668074340197,0.3849321037118278,0.4039095881349109,0.41964983179566545
2013-04-04 14:00:00,0.30676010252400254,0.353966152097413,0.21720389738495774,0.2461454848446581,0.21641751103163695,0.25533536115200467
2013-04-04 15:00:00,0.12784658689184614,0.1629543453237033,0.07006359237983524,0.10274235671852726,0.05735266102828136,0.09920499918201647
2013-04-04 16:00:00,0.0036734028714119674,0.012506368634225657,0.0,0.0046436621521150625,0.0,0.0011041079350394211
2013-04-04 17:00:00,0.0,0.0,0.0,0.0,0.0,0.0
2013-04-04 18:00:00,0.0,0.0,0.0,0.0,0.0,0.0
2013-04-04 19:00:00,0.0,0.0,0.0,0.0,0.0,0.0
2013-04-04 20:00:00,0.0,0.0,0.0,0.0,0.0,0.0
2013-04-04 21:00:00,0.0,0.0,0.0,0.0,0.0,0.0
2013-04-04 22:00:00,0.0,0.0,0.0,0.0,0.0,0.0
2013-04-04 23:00:00,0.0,0.0,0.0,0.0,0.0,0.0
2013-04-05 00:00:00,0.0,0.0,0.0,0.0,0.0,0.0
2013-04-05 01:00:00,0.0,0.0,0.0,0.0,0.0,0.0
2013-04-05 02:00:00,0.0,0.0,0.0,0.0,0.0,0.0
2013-04-05 03:00:00,0.0,0.0,0.0,0.0,0.0,0.0
2013-04-05 04:00:00,0.0061407591410318485,0.0011424719839330006,0.020138958033611484,0.0059263444612032996,0.03957557389474544,0.012700122233120505
2013-04-05 05:00:00,0.15910330099656064,0.13879874223046612,0.1879262872439996,0.13055372224766323,0.21049900399381768,0.17487775075081324
2013-04-05 06:00:00,0.3784618845731844,0.35260114454574565,0.37450677478357053,0.32209486102970536,0.3785739077994457,0.3833781801588145
2013-04-05 07:00:00,0.5423049372973487,0.5332021991734148,0.5435443058714525,0.5044051975742284,0.5503767584131792,0.5525775322179575
2013-04-05 08:00:00,0.5465622302579145,0.6526816272453941,0.6141812666431921,0.5604082487417422,0.6349659572585483,0.6612745833049362
2013-04-05 09:00:00,0.6387430826044869,0.717823270920241,0.6521087495872044,0.6137193380178417,0.6713751064474784,0.7180791395315649
2013-04-05 10:00:00,0.6452298047462695,0.7268307859547254,0.624962542881292,0.6081753460412662,0.6674028193550084,0.7099249068910181
2013-04-05 11:00:00,0.5946433966864156,0.6980482150469385,0.6013233508670027,0.5422338968987008,0.6257893943034967,0.6744017628466596
2013-04-05 12:00:00,0.5164660211357076,0.6159941839271516,0.5178863104588532,0.4622918350458275,0.5506815338946542,0.5869817843527985
2013-04-05 13:00:00,0.3781730042069893,0.4963003859583965,0.37426407757152674,0.34181675563085234,0.40554667734824346,0.4396429457880168
2013-04-05 14:00:00,0.2549331744598984,0.344487644280075,0.21764914160873852,0.21005997809600624,0.22170192969379454,0.27136469938374347
2013-04-05 15:00:00,0.09067739719748799,0.15707449218509403,0.07790154377407284,0.08418944766599903,0.05866543175574402,0.11037981562321444
2013-04-05 16:00:00,0.0023157240030837944,0.012112617621225617,0.0,0.004141434644012415,0.0,0.001186024155951063
2013-04-05 17:00:00,0.0,0.0,0.0,0.0,0.0,0.0
2013-04-05 18:00:00,0.0,0.0,0.0,0.0,0.0,0.0
2013-04-05 19:00:00,0.0,0.0,0.0,0.0,0.0,0.0
2013-04-05 20:00:00,0.0,0.0,0.0,0.0,0.0,0.0
2013-04-05 21:00:00,0.0,0.0,0.0,0.0,0.0,0.0
2013-04-05 22:00:00,0.0,0.0,0.0,0.0,0.0,0.0
2013-04-05 23:00:00,0.0,0.0,0.0,0.0,0.0,0.0
2013-04-06 00:00:00,0.0,0.0,0.0,0.0,0.0,0.0
2013-04-06 01:00:00,0.0,0.0,0.0,0.0,0.0,0.0
2013-04-06 02:00:00,0.0,0.0,0.0,0.0,0.0,0.0
2013-04-06 03:00:00,0.0,0.0,0.0,0.0,0.0,0.0
2013-04-06 04:00:00,0.006150917044656559,0.0012194853419201573,0.017233040055159708,0.003938918715450371,0.027958250743174595,0.01244157617050295
2013-04-06 05:00:00,0.1353902998344403,0.14099921996895626,0.15919305440405276,0.10154115873662728,0.14043095170703335,0.16882087959767378
2013-04-06 06:00:00,0.34060924133705206,0.353372644789664,0.32859713201806695,0.27417150603056994,0.28534461780040066,0.3696991595703792
2013-04-06 07:00:00,0.5103433987171174,0.5248578115667276,0.4418958097582835,0.44199558435739306,0.40462662411381456,0.5301416426740974
2013-04-06 08:00:00,0.5892290339889502,0.6315451205726866,0.5488045146565332,0.5288808091547685,0.501079642446055,0.6434627395309153
2013-04-06 09:00:00,0.6015710908494432,0.7106628811294649,0.6312888765684284,0.5614930888643158,0.5423861138193172,0.6925996686390549
2013-04-06 10:00:00,0.5962815969796512,0.7049755204996797,0.5985644932295859,0.5254583737955595,0.5847660230851277,0.6935517977317354
2013-04-06 11:00:00,0.5912450095686542,0.7050582783992143,0.597932924211222,0.476621621064709,0.5794954615513961,0.6577339082071021
2013-04-06 12:00:00,0.5643998975772382,0.6352315795457768,0.5280657352492211,0.42291693716233414,0.5169403537651209,0.584043587530642
2013-04-06 13:00:00,0.41977655451820517,0.5127878344169535,0.3880736699735571,0.31204630932569644,0.3884852542644767,0.4539777288607998
2013-04-06 14:00:00,0.2472889666474401,0.3411873878369859,0.23233481302631248,0.1909172930603929,0.22744260671166647,0.2892910817472264
2013-04-06 15:00:00,0.09488910287593237,0.15757306121695033,0.07508857779567661,0.07272056731305203,0.06394701762131795,0.115985972895476
2013-04-06 16:00:00,0.0036909426391877184,0.01200565452576248,0.0,0.0031335232871634615,0.0,0.0011891327015623515
2013-04-06 17:00:00,0.0,0.0,0.0,0.0,0.0,0.0
2013-04-06 18:00:00,0.0,0.0,0.0,0.0,0.0,0.0
2013-04-06 19:00:00,0.0,0.0,0.0,0.0,0.0,0.0
2013-04-06 20:00:00,0.0,0.0,0.0,0.0,0.0,0.0
2013-04-06 21:00:00,0.0,0.0,0.0,0.0,0.0,0.0
2013-04-06 22:00:00,0.0,0.0,0.0,0.0,0.0,0.0
2013-04-06 23:00:00,0.0,0.0,0.0,0.0,0.0,0.0
2013-04-07 00:00:00,0.0,0.0,0.0,0.0,0.0,0.0
2013-04-07 01:00:00,0.0,0.0,0.0,0.0,0.0,0.0
2013-04-07 02:00:00,0.0,0.0,0.0,0.0,0.0,0.0
2013-04-07 03:00:00,0.0,0.0,0.0,0.0,0.0,0.0
2013-04-07 04:00:00,0.005937065617314552,0.0015822047532264363,0.017903063812918153,0.0033658249050286136,0.02986736510020492,0.013788221790688027
2013-04-07 05:00:00,0.14096846164927845,0.14117708274704172,0.15822575152564944,0.08680493660773325,0.15744406011319134,0.17677649650700894
2013-04-07 06:00:00,0.3350656686261728,0.3496785726962044,0.31711193143146166,0.22182169683698177,0.31373051075069047,0.38332794744993165
2013-04-07 07:00:00,0.46678436106285487,0.5103085292931814,0.4701547161691498,0.32002868004863927,0.45839206973553825,0.5537712241025472
2013-04-07 08:00:00,0.5895584702003284,0.6398011324134358,0.585303169353007,0.44736860529633105,0.5615210569944256,0.6554645032124109
2013-04-07 09:00:00,0.6202421410218155,0.6936707234565147,0.6425877156855172,0.4779406024998134,0.6138778606666305,0.6942025738658958
2013-04-07 10:00:00,0.6417944464368422,0.7163014954570533,0.6507714434014235,0.499752266096717,0.5871322356516557,0.7070947713079009
2013-04-07 11:00:00,0.5892169902529444,0.6787241626252062,0.6170046094386139,0.4535474167779281,0.597031765529377,0.6866306485317295
2013-04-07 12:00:00,0.506470952740149,0.6081747847611215,0.48718475576230985,0.4135433696500943,0.466691085296203,0.6119042898022188
2013-04-07 13:00:00,0.37829636296760205,0.4921529411648551,0.37389907615130663,0.3235966526032035,0.3722066142256968,0.4734510220619053
2013-04-07 14:00:00,0.2345397343476293,0.3438978939499465,0.2337297416567575,0.22164986057505126,0.215706593429841,0.30910539696919687
2013-04-07 15:00:00,0.08640129521349156,0.15402936072065948,0.07178953745161608,0.07590188671360337,0.05676082500566247,0.12148907956668069
2013-04-07 16:00:00,0.0031481803914922414,0.01160461835011549,0.0,0.0031260276563677223,0.0,0.001349493728487102
2013-04-07 17:00:00,0.0,0.0,0.0,0.0,0.0,0.0
2013-04-07 18:00:00,0.0,0.0,0.0,0.0,0.0,0.0
2013-04-07 19:00:00,0.0,0.0,0.0,0.0,0.0,0.0
2013-04-07 20:00:00,0.0,0.0,0.0,0.0,0.0,0.0
2013-04-07 21:00:00,0.0,0.0,0.0,0.0,0.0,0.0
2013-04-07 22:00:00,0.0,0.0,0.0,0.0,0.0,0.0
2013-04-07 23:00:00,0.0,0.0,0.0,0.0,0.0,0.0
2013-04-08 00:00:00,0.0,0.0,0.0,0.0,0.0,0.0
2013-04-08 01:00:00,0.0,0.0,0.0,0.0,0.0,0.0
2013-04-08 02:00:00,0.0,0.0,0.0,0.0,0.0,0.0
2013-04-08 03:00:00,0.0,0.0,0.0,0.0,0.0,0.0
2013-04-08 04:00:00,0.006688145379074352,0.0018211326727200843,0.02141128186864339,0.005832122008350247,0.040842248337418736,0.015108952961456992
2013-04-08 05:00:00,0.14097136384851885,0.14661480881796926,0.1829544161347343,0.11626583593859233,0.20462606005158765,0.1837731600806642
2013-04-08 06:00:00,0.33139034110852217,0.3598433145021763,0.35066410232419776,0.2635695914192946,0.3580339594575508,0.38658997195327277
2013-04-08 07:00:00,0.4840473400140893,0.5428159258750032,0.5239361689591361,0.39398848750151755,0.4906758958043238,0.5646770393591537
2013-04-08 08:00:00,0.5847275624809911,0.6695932467395863,0.6121273593680926,0.5062241032686006,0.5566604860592959,0.6821530983250831
2013-04-08 09:00:00,0.62361991628341,0.7352734998192115,0.6577638459628581,0.5616837220657789,0.6006755422598024,0.7405228103387742
2013-04-08 10:00:00,0.6346751414796943,0.7491191496002212,0.6444217370598463,0.5561815939728598,0.5881687531723522,0.7363351733155717
2013-04-08 11:00:00,0.579595331688442,0.7230612842009024,0.6035277957183746,0.5393803809379258,0.5824977715721088,0.7078652081894847
2013-04-08 12:00:00,0.5048398785346083,0.64282714466322,0.5218960729897891,0.46375542420409904,0.49042116600982344,0.6264410515080847
2013-04-08 13:00:00,0.38950707384870903,0.5258515815763106,0.38779647952512447,0.34885134676206664,0.35558439549125204,0.4912364737337294
2013-04-08 14:00:00,0.24970571350837492,0.35014448105896545,0.21680733018208526,0.2192843682731248,0.1992727005822583,0.3275674259935241
2013-04-08 15:00:00,0.10012654398704803,0.16447971472642534,0.06893083714290409,0.0815041031711059,0.056639946087706845,0.12859857795933954
2013-04-08 16:00:00,0.0034689992872205034,0.012352855631963,0.0,0.0033891443055843397,0.0,0.0013942547214766308
2013-04-08 17:00:00,0.0,0.0,0.0,0.0,0.0,0.0
2013-04-08 18:00:00,0.0,0.0,0.0,0.0,0.0,0.0
2013-04-08 19:00:00,0.0,0.0,0.0,0.0,0.0,0.0
2013-04-08 20:00:00,0.0,0.0,0.0,0.0,0.0,0.0
2013-04-08 21:00:00,0.0,0.0,0.0,0.0,0.0,0.0
2013-04-08 22:00:00,0.0,0.0,0.0,0.0,0.0,0.0
2013-04-08 23:00:00,0.0,0.0,0.0,0.0,0.0,0.0
2013-04-09 00:00:00,0.0,0.0,0.0,0.0,0.0,0.0
2013-04-09 01:00:00,0.0,0.0,0.0,0.0,0.0,0.0
2013-04-09 02:00:00,0.0,0.0,0.0,0.0,0.0,0.0
2013-04-09 03:00:00,0.0,0.0,0.0,0.0,0.0,0.0
2013-04-09 04:00:00,0.007671605798505426,0.0021851612413275353,0.020827769763382162,0.005436221642712438,0.024624648511870847,0.015367951479272992
2013-04-09 05:00:00,0.1660440387391023,0.14849785952906674,0.17628334207040122,0.10647683829676498,0.1402578890954545,0.18505116045846867
2013-04-09 06:00:00,0.3759885857991692,0.35715410152606547,0.3716719233332795,0.265973945869251,0.2622366439131238,0.3937443471524918
2013-04-09 07:00:00,0.5446915887846548,0.5430014886011675,0.5125450771525082,0.4242222519622526,0.4588878840441634,0.5655511880594007
2013-04-09 08:00:00,0.6493445498300477,0.6676434751607648,0.621014346920832,0.5412559327020999,0.4534487764428624,0.6796884348203982
2013-04-09 09:00:00,0.6804935875831853,0.7436040243917096,0.6774968192132659,0.5763088721016165,0.5162910805822408,0.7433546298699483
2013-04-09 10:00:00,0.7027697128792462,0.7600793565707067,0.6816528753394303,0.6077036663006391,0.551617708357628,0.7493339841834009
2013-04-09 11:00:00,0.6915587175170762,0.7338280061749318,0.6511020094381724,0.5560348256293619,0.5053043225479228,0.7069532050996118
2013-04-09 12:00:00,0.6161577211411108,0.6679176521108092,0.5586304954892474,0.4585441495599486,0.4459173788974394,0.632035636804986
2013-04-09 13:00:00,0.48284154243186916,0.5393818337770483,0.4321502554776371,0.36817777720016526,0.32489682764341987,0.5006221345408589
2013-04-09 14:00:00,0.32880215060655105,0.37406631395411005,0.2769613292718814,0.2161989385679754,0.17747884836398023,0.3253466033820286
2013-04-09 15:00:00,0.12996415100972264,0.17951851351648812,0.09368085021529082,0.08175269064031132,0.050808138402797826,0.1329299855443007
2013-04-09 16:00:00,0.003695390980537583,0.01289169415159966,0.0,0.003943081405497057,0.0,0.0014253506679072336
2013-04-09 17:00:00,0.0,0.0,0.0,0.0,0.0,0.0
2013-04-09 18:00:00,0.0,0.0,0.0,0.0,0.0,0.0
2013-04-09 19:00:00,0.0,0.0,0.0,0.0,0.0,0.0
2013-04-09 20:00:00,0.0,0.0,0.0,0.0,0.0,0.0
2013-04-09 21:00:00,0.0,0.0,0.0,0.0,0.0,0.0
2013-04-09 22:00:00,0.0,0.0,0.0,0.0,0.0,0.0
2013-04-09 23:00:00,0.0,0.0,0.0,0.0,0.0,0.0
2013-04-10 00:00:00,0.0,0.0,0.0,0.0,0.0,0.0
2013-04-10 01:00:00,0.0,0.0,0.0,0.0,0.0,0.0
2013-04-10 02:00:00,0.0,0.0,0.0,0.0,0.0,0.0
2013-04-10 03:00:00,0.0,0.0,0.0,0.0,0.0,0.0
2013-04-10 04:00:00,0.008358817592358842,0.0024388567717090587,0.02086327707104192,0.0076248053586125955,0.028520090064489995,0.016473835395607723
2013-04-10 05:00:00,0.16982369656721544,0.15449654936994736,0.17413522005213758,0.13214989934341273,0.13572248986791996,0.18894577705485477
2013-04-10 06:00:00,0.3859248063327906,0.3706906121755741,0.36995034474569993,0.3112551806599373,0.27916018852222063,0.39799462847874295
2013-04-10 07:00:00,0.5579661615519185,0.5475733990091856,0.5382996916364037,0.4282536657628825,0.44074272297362965,0.5651174557839
2013-04-10 08:00:00,0.6495880349982266,0.670840744010304,0.6542970147280249,0.5393244356105142,0.5472258387908575,0.6818009554552397
2013-04-10 09:00:00,0.6764446182112462,0.733303095303894,0.6843568586086917,0.6005508807709934,0.5860117979791598,0.7233958947894952
2013-04-10 10:00:00,0.7016259532083271,0.7456894209562445,0.6587512456486804,0.6279551148560905,0.5488651713039692,0.7096195301262316
2013-04-10 11:00:00,0.6706071255546041,0.7239556514699055,0.6500266493318294,0.5586699130100607,0.5568562932523081,0.6810374122298748
2013-04-10 12:00:00,0.5981466747984432,0.6473393648236302,0.5467458124548349,0.48803107193072676,0.4823326226765043,0.5908717850855109
2013-04-10 13:00:00,0.4791971958831454,0.5325655090458994,0.44927281489944804,0.37784597363538674,0.4001145890662891,0.4838202396688766
2013-04-10 14:00:00,0.31971463828094204,0.36551671426678617,0.26226619602716683,0.237603159284613,0.22317906432504248,0.3129051220866931
2013-04-10 15:00:00,0.1374837931248075,0.17467071724370858,0.09767582965559057,0.0963759268461392,0.059381444651419986,0.12184291268864175
2013-04-10 16:00:00,0.0031660662884298555,0.012512285047027265,0.0,0.004087925569207061,0.0,0.00130857843067427
2013-04-10 17:00:00,0.0,0.0,0.0,0.0,0.0,0.0
2013-04-10 18:00:00,0.0,0.0,0.0,0.0,0.0,0.0
2013-04-10 19:00:00,0.0,0.0,0.0,0.0,0.0,0.0
2013-04-10 20:00:00,0.0,0.0,0.0,0.0,0.0,0.0
2013-04-10 21:00:00,0.0,0.0,0.0,0.0,0.0,0.0
2013-04-10 22:00:00,0.0,0.0,0.0,0.0,0.0,0.0
2013-04-10 23:00:00,0.0,0.0,0.0,0.0,0.0,0.0
2013-04-11 00:00:00,0.0,0.0,0.0,0.0,0.0,0.0
2013-04-11 01:00:00,0.0,0.0,0.0,0.0,0.0,0.0
2013-04-11 02:00:00,0.0,0.0,0.0,0.0,0.0,0.0
2013-04-11 03:00:00,0.0,0.0,0.0,0.0,0.0,0.0
2013-04-11 04:00:00,0.008045751767817069,0.002710038798122957,0.02047913748412895,0.005300259434536382,0.022053832229644136,0.016393789355617052
2013-04-11 05:00:00,0.17030425257416612,0.15509669206476498,0.16435280221788215,0.1053984206816397,0.11718150701401019,0.186501184391248
2013-04-11 06:00:00,0.36317907478824324,0.37242921910506566,0.31187054543477577,0.23896274139106224,0.1958985337878989,0.3914615314175284
2013-04-11 07:00:00,0.5134410851236297,0.5563495881972984,0.43548201821978394,0.3892253083813335,0.23775038669008589,0.5636788888077315
2013-04-11 08:00:00,0.6307129433613511,0.6678542885786629,0.5735761320839838,0.5042948758080493,0.36531101422137596,0.6676217597199032
2013-04-11 09:00:00,0.6650823990985908,0.7428635824778131,0.6313545416615187,0.5714303887948797,0.4488912657238533,0.7280294492371351
2013-04-11 10:00:00,0.6445029388097154,0.7559988444031013,0.6011736198715251,0.5992566018700584,0.4459977182507627,0.714336115333715
2013-04-11 11:00:00,0.6271360263677869,0.731736407606486,0.586824572440299,0.5462704821074121,0.461891583451634,0.6810848440384583
2013-04-11 12:00:00,0.5846740922130048,0.667079132562292,0.5025855002858505,0.4755537772832434,0.4193035155951913,0.5980878141953025
2013-04-11 13:00:00,0.4589855761507776,0.5476485359134036,0.37449652302771025,0.34897446728292153,0.29844286830906286,0.47144941106189425
2013-04-11 14:00:00,0.29078558620831674,0.37942024258767365,0.23291821751150815,0.2237371926807243,0.17247363550307254,0.30244232731702764
2013-04-11 15:00:00,0.11957958277907225,0.17500759780661815,0.07125844648296058,0.08437461415225818,0.04191423438353211,0.11774394952690581
2013-04-11 16:00:00,0.0035008643309549963,0.012452743309285351,0.0,0.004462409254577333,0.0,0.00123663499514992
2013-04-11 17:00:00,0.0,0.0,0.0,0.0,0.0,0.0
2013-04-11 18:00:00,0.0,0.0,0.0,0.0,0.0,0.0
2013-04-11 19:00:00,0.0,0.0,0.0,0.0,0.0,0.0
2013-04-11 20:00:00,0.0,0.0,0.0,0.0,0.0,0.0
2013-04-11 21:00:00,0.0,0.0,0.0,0.0,0.0,0.0
2013-04-11 22:00:00,0.0,0.0,0.0,0.0,0.0,0.0
2013-04-11 23:00:00,0.0,0.0,0.0,0.0,0.0,0.0
2013-04-12 00:00:00,0.0,0.0,0.0,0.0,0.0,0.0
2013-04-12 01:00:00,0.0,0.0,0.0,0.0,0.0,0.0
2013-04-12 02:00:00,0.0,0.0,0.0,0.0,0.0,0.0
2013-04-12 03:00:00,0.0,0.0,0.0,0.0,0.0,0.0
2013-04-12 04:00:00,0.0081578021237918,0.002818964336478014,0.02011579953079635,0.003609242706809194,0.01898823832272577,0.0167027398657085
2013-04-12 05:00:00,0.15819510943579596,0.15575426980409415,0.16650781811288448,0.08362400330345132,0.10028389676170896,0.18787992694508546
2013-04-12 06:00:00,0.36641023505516557,0.37268779908756544,0.3494794393728141,0.2206838605875172,0.21576790908266416,0.3931079906940619
2013-04-12 07:00:00,0.49695251398717,0.5548680525820187,0.45953567223184466,0.2887929271140307,0.32093887335983906,0.5568885330948098
2013-04-12 08:00:00,0.6191924209401116,0.6691689579260135,0.5797409013766002,0.3884791547112979,0.42432500560389924,0.6628963247398153
2013-04-12 09:00:00,0.6451864179644238,0.7312474829071138,0.6274848696947802,0.4041397921144283,0.5078638045649646,0.7169013615583768
2013-04-12 10:00:00,0.6473759674914812,0.7461455412405622,0.6107509937866926,0.46467858999498407,0.51388903870746,0.7154366417460633
2013-04-12 11:00:00,0.6215657186529111,0.7160991608020435,0.6025281646058108,0.454017920631455,0.5204339941659892,0.6750311794786243
2013-04-12 12:00:00,0.5290934162316787,0.6447089615226144,0.4787989375090805,0.3937228698470125,0.4166338351045022,0.5571479171041459
2013-04-12 13:00:00,0.39840831032721763,0.5197768795701435,0.3703542234216574,0.28719972021295975,0.3335766780662074,0.4643585799570107
2013-04-12 14:00:00,0.2589263499792712,0.35677683984103736,0.21197787309906155,0.1847002958764897,0.166761897131862,0.27286517717867614
2013-04-12 15:00:00,0.09756682677701957,0.16564211150193436,0.07057736444006107,0.06957967846766985,0.04497753695234955,0.10895197916786223
2013-04-12 16:00:00,0.0033579422767008277,0.012190739034805227,0.0,0.003085988900338861,0.0,0.0011806512127136744
2013-04-12 17:00:00,0.0,0.0,0.0,0.0,0.0,0.0
2013-04-12 18:00:00,0.0,0.0,0.0,0.0,0.0,0.0
2013-04-12 19:00:00,0.0,0.0,0.0,0.0,0.0,0.0
2013-04-12 20:00:00,0.0,0.0,0.0,0.0,0.0,0.0
2013-04-12 21:00:00,0.0,0.0,0.0,0.0,0.0,0.0
2013-04-12 22:00:00,0.0,0.0,0.0,0.0,0.0,0.0
2013-04-12 23:00:00,0.0,0.0,0.0,0.0,0.0,0.0
2013-04-13 00:00:00,0.0,0.0,0.0,0.0,0.0,0.0
2013-04-13 01:00:00,0.0,0.0,0.0,0.0,0.0,0.0
2013-04-13 02:00:00,0.0,0.0,0.0,0.0,0.0,0.0
2013-04-13 03:00:00,0.0,0.0,0.0,0.0,0.0,0.0
2013-04-13 04:00:00,0.009571491250416316,0.003689290668368405,0.023330989852837353,0.007231260621920054,0.03532770330751485,0.017873497833347823
2013-04-13 05:00:00,0.17056190435898191,0.14805490348904635,0.1881889511583745,0.13402641474100058,0.19509749304707716,0.18381807314522303
2013-04-13 06:00:00,0.376757918019078,0.35931144422231037,0.3672520739495201,0.31819465039751993,0.35807008592810524,0.385103028256541
2013-04-13 07:00:00,0.554839731226163,0.5524450124469477,0.5126481417893106,0.4847483377186338,0.49955309364869055,0.5512391776228645
2013-04-13 08:00:00,0.6624750723480621,0.6766967025462348,0.6117169118416588,0.6019822989754009,0.5662101432087961,0.6583073843051499
2013-04-13 09:00:00,0.6606520214143131,0.7291065764082346,0.6413001551843821,0.5961809959160114,0.6208330361864147,0.7004672208373558
2013-04-13 10:00:00,0.6652446943407092,0.7435467320984935,0.6640268022714156,0.5694879389409434,0.6256951686942619,0.6914846310340508
2013-04-13 11:00:00,0.5999265243285473,0.7084831931988362,0.5866927250759669,0.5653293948312706,0.5894657450801492,0.6589604757982575
2013-04-13 12:00:00,0.5250044595525127,0.6340234206263344,0.5009395090445572,0.46166114254249946,0.4900549178861502,0.5733242678913797
2013-04-13 13:00:00,0.43499815730327246,0.5212836853673731,0.38740146007642734,0.3610488090589563,0.3603229901576668,0.4415343942134111
2013-04-13 14:00:00,0.25616190454265086,0.35714180876684204,0.2439514333420934,0.1992436521057502,0.20965953392756376,0.2770862578617365
2013-04-13 15:00:00,0.11296537712827054,0.1650080313015833,0.07867433206653507,0.08618653021968385,0.05478890377974571,0.10022064736366874
2013-04-13 16:00:00,0.0024068749055514613,0.011547261255479738,0.0,0.003032635980551035,0.0,0.0009639823481120157
2013-04-13 17:00:00,0.0,0.0,0.0,0.0,0.0,0.0
2013-04-13 18:00:00,0.0,0.0,0.0,0.0,0.0,0.0
2013-04-13 19:00:00,0.0,0.0,0.0,0.0,0.0,0.0
2013-04-13 20:00:00,0.0,0.0,0.0,0.0,0.0,0.0
2013-04-13 21:00:00,0.0,0.0,0.0,0.0,0.0,0.0
2013-04-13 22:00:00,0.0,0.0,0.0,0.0,0.0,0.0
2013-04-13 23:00:00,0.0,0.0,0.0,0.0,0.0,0.0
2013-04-14 00:00:00,0.0,0.0,0.0,0.0,0.0,0.0
2013-04-14 01:00:00,0.0,0.0,0.0,0.0,0.0,0.0
2013-04-14 02:00:00,0.0,0.0,0.0,0.0,0.0,0.0
2013-04-14 03:00:00,0.0,0.0,0.0,0.0,0.0,0.0
2013-04-14 04:00:00,0.008636653372108416,0.0034585368363492077,0.01982317860243195,0.0046890471825241095,0.04140199859723262,0.014689483423217981
2013-04-14 05:00:00,0.14479597506266942,0.15426041657769882,0.1592995693704363,0.10146277364333,0.1924884957506985,0.15954097930881664
2013-04-14 06:00:00,0.34614709062467125,0.36544755040923926,0.32949656830852686,0.24267786114223314,0.3524861988304723,0.33160954041858753
2013-04-14 07:00:00,0.49894783902161605,0.5376248297730066,0.48028284420602513,0.38126413130308395,0.5212193843398346,0.4836613995013295
2013-04-14 08:00:00,0.6196939699423063,0.6633702420838458,0.5783933990088388,0.48468134214577413,0.5946478295527842,0.5887596307493054
2013-04-14 09:00:00,0.6456437387952614,0.7192471984901228,0.6300507387311687,0.5683338805642952,0.6474655744826014,0.6723108145997464
2013-04-14 10:00:00,0.6515608729652452,0.7232019200449034,0.6512413151289631,0.5644974038640962,0.6667464375592468,0.6909280579622445
2013-04-14 11:00:00,0.628131440415657,0.6968243104576463,0.592962156233597,0.5818754583270035,0.6031432586568334,0.6511614009921658
2013-04-14 12:00:00,0.567734466201825,0.6188237667524877,0.5319133358825427,0.5127081273239262,0.5251414680174387,0.5395909665519039
2013-04-14 13:00:00,0.44270047123843026,0.48632542070739987,0.4208076759900144,0.3946211950525331,0.3991137367034245,0.3977980988450417
2013-04-14 14:00:00,0.32356677545616114,0.33640065931427826,0.26861806719794895,0.26781334672235285,0.23583586974737258,0.23643119522867384
2013-04-14 15:00:00,0.11383281898577062,0.15280620866835032,0.08737087456871585,0.10594114665517007,0.06475141426029582,0.09517011740455285
2013-04-14 16:00:00,0.002628249065598408,0.011406357965380216,0.0,0.004084222130628271,0.0,0.0008180504848040697
2013-04-14 17:00:00,0.0,0.0,0.0,0.0,0.0,0.0
2013-04-14 18:00:00,0.0,0.0,0.0,0.0,0.0,0.0
2013-04-14 19:00:00,0.0,0.0,0.0,0.0,0.0,0.0
2013-04-14 20:00:00,0.0,0.0,0.0,0.0,0.0,0.0
2013-04-14 21:00:00,0.0,0.0,0.0,0.0,0.0,0.0
2013-04-14 22:00:00,0.0,0.0,0.0,0.0,0.0,0.0
2013-04-14 23:00:00,0.0,0.0,0.0,0.0,0.0,0.0
2013-04-15 00:00:00,0.0,0.0,0.0,0.0,0.0,0.0
2013-04-15 01:00:00,0.0,0.0,0.0,0.0,0.0,0.0
2013-04-15 02:00:00,0.0,0.0,0.0,0.0,0.0,0.0
2013-04-15 03:00:00,0.0,0.0,0.0,0.0,0.0,0.0
2013-04-15 04:00:00,0.010942345710314395,0.0037375492961350108,0.025074867098795563,0.007903742743193429,0.041690308957310934,0.01812103319939145
2013-04-15 05:00:00,0.17642802569238406,0.1543108042555739,0.17957552957192505,0.1450181221185186,0.20144960166350026,0.1886975935284808
2013-04-15 06:00:00,0.3931634574501806,0.3653516128569227,0.37111386481630176,0.3440418752490835,0.37657451070720954,0.3909523792721863
2013-04-15 07:00:00,0.5689142069734409,0.5425311729436028,0.5264326051691097,0.5010148334320536,0.49743572457357654,0.5556449592449981
2013-04-15 08:00:00,0.6700402579163015,0.6556414530012217,0.6525906770868665,0.5810830867003907,0.6088871188061155,0.6694340425311487
2013-04-15 09:00:00,0.722539295310388,0.7016570672185102,0.6971379894987405,0.6463891474840529,0.6658825289443012,0.7253114301057506
2013-04-15 10:00:00,0.710292741406929,0.7153123966841076,0.6783003371382373,0.6412216637129926,0.6552091607555319,0.7179400013484512
2013-04-15 11:00:00,0.7068888716598716,0.6971959880545097,0.6603660031084762,0.6080625337507846,0.6192316793796678,0.6881380717965258
2013-04-15 12:00:00,0.628221193566446,0.6078639620218087,0.5439456459051186,0.5384399649040801,0.5036799027538754,0.5942036593099309
2013-04-15 13:00:00,0.49829063072203095,0.5008839780533393,0.4455514420275495,0.41969471591319685,0.38968094407753767,0.47115522063287635
2013-04-15 14:00:00,0.3297545344574504,0.33344798681317245,0.26423033583374333,0.2740378473376443,0.22015246175313605,0.2808909868955752
2013-04-15 15:00:00,0.12757487684087374,0.14585380777568493,0.09744091992677897,0.10789100825907608,0.06002612573840905,0.10341927545486378
2013-04-15 16:00:00,0.0023922238675682314,0.009860381410878338,0.0,0.003910185011435386,0.0,0.0006500905687811308
2013-04-15 17:00:00,0.0,0.0,0.0,0.0,0.0,0.0
2013-04-15 18:00:00,0.0,0.0,0.0,0.0,0.0,0.0
2013-04-15 19:00:00,0.0,0.0,0.0,0.0,0.0,0.0
2013-04-15 20:00:00,0.0,0.0,0.0,0.0,0.0,0.0
2013-04-15 21:00:00,0.0,0.0,0.0,0.0,0.0,0.0
2013-04-15 22:00:00,0.0,0.0,0.0,0.0,0.0,0.0
2013-04-15 23:00:00,0.0,0.0,0.0,0.0,0.0,0.0
2013-04-16 00:00:00,0.0,0.0,0.0,0.0,0.0,0.0
2013-04-16 01:00:00,0.0,0.0,0.0,0.0,0.0,0.0
2013-04-16 02:00:00,0.0,0.0,0.0,0.0,0.0,0.0
2013-04-16 03:00:00,0.0,0.0,0.0,0.0,0.0,0.0
2013-04-16 04:00:00,0.010311498119076187,0.0035602245683408495,0.021338994594977134,0.004226394469669325,0.03939142485104004,0.0201724486511975
2013-04-16 05:00:00,0.1596753824898788,0.1399706529997382,0.16002043540556668,0.11151764141844869,0.19809622118951864,0.19121976700191223
2013-04-16 06:00:00,0.34972339984328377,0.3475645844094403,0.34272973677337476,0.26921872560415666,0.36222413408678383,0.39677709396327326
2013-04-16 07:00:00,0.5451023341449889,0.533401512134755,0.4898950542197183,0.43993723983127553,0.47008900475422216,0.5628180693088449
2013-04-16 08:00:00,0.6694206093584589,0.6350792678420983,0.591374955806434,0.5386126299712523,0.5464365685276072,0.6708441498663658
2013-04-16 09:00:00,0.7012321951990176,0.703693250331705,0.6569451456906855,0.5846587800427179,0.6177865759132566,0.7148060648195321
2013-04-16 10:00:00,0.7019411576159699,0.7207737603308735,0.6585142356735373,0.5955383128271708,0.6530940013413727,0.7330650225792127
2013-04-16 11:00:00,0.6402316852319102,0.6898154559359286,0.57612079545434,0.557807056933775,0.5933470961116621,0.6844066103555195
2013-04-16 12:00:00,0.5443736143514053,0.6107027776478199,0.5061396479832666,0.5109217984811026,0.516415204206167,0.5851266735323051
2013-04-16 13:00:00,0.4251811836954661,0.4926582718985639,0.3890743645916776,0.414624138727783,0.40575514710878274,0.4693484637983084
2013-04-16 14:00:00,0.2748973725062807,0.32081346327876836,0.23197097614793533,0.25229140373744924,0.23734461917867367,0.3039626778724396
2013-04-16 15:00:00,0.126092424530474,0.14771719181424986,0.07938339894163728,0.10972379086229961,0.061284873605619246,0.11572523953883199
2013-04-16 16:00:00,0.0025860742079109795,0.009879295848413438,0.0,0.004020587993039883,0.0,0.0008892464616825157
2013-04-16 17:00:00,0.0,0.0,0.0,0.0,0.0,0.0
2013-04-16 18:00:00,0.0,0.0,0.0,0.0,0.0,0.0
2013-04-16 19:00:00,0.0,0.0,0.0,0.0,0.0,0.0
2013-04-16 20:00:00,0.0,0.0,0.0,0.0,0.0,0.0
2013-04-16 21:00:00,0.0,0.0,0.0,0.0,0.0,0.0
2013-04-16 22:00:00,0.0,0.0,0.0,0.0,0.0,0.0
2013-04-16 23:00:00,0.0,0.0,0.0,0.0,0.0,0.0
2013-04-17 00:00:00,0.0,0.0,0.0,0.0,0.0,0.0
2013-04-17 01:00:00,0.0,0.0,0.0,0.0,0.0,0.0
2013-04-17 02:00:00,0.0,0.0,0.0,0.0,0.0,0.0
2013-04-17 03:00:00,0.0,0.0,0.0,0.0,0.0,0.0
2013-04-17 04:00:00,0.010909120722664027,0.004304449550397924,0.024170367446819274,0.006665935253905575,0.04046535307686363,0.020115372449754376
2013-04-17 05:00:00,0.16482644611000818,0.1465651784477106,0.18244975985223189,0.1282315665111488,0.18393108766703606,0.19014619296587879
2013-04-17 06:00:00,0.3607094908661677,0.3479310515450087,0.36092253853339534,0.2864683879543687,0.32879356424379386,0.3903435458556478
2013-04-17 07:00:00,0.5281332999092606,0.5120935420030296,0.5195965995249783,0.4662440832529727,0.460143953118481,0.55215193571507
2013-04-17 08:00:00,0.6436838010845564,0.6369709044352421,0.626877636575627,0.587407934243667,0.5702035714186566,0.6488910884890516
2013-04-17 09:00:00,0.6933349696478572,0.6947705443550478,0.6733800523051965,0.645881096761578,0.6223976798790709,0.7014996773488803
2013-04-17 10:00:00,0.6931590629729353,0.7047742226153018,0.6855146606972151,0.6540844461158042,0.6384028418164085,0.6952882061483042
2013-04-17 11:00:00,0.65768565561531,0.6672119925934146,0.6155785304818796,0.6330289686520493,0.570784321707734,0.6427797037469889
2013-04-17 12:00:00,0.5441267844091843,0.6009456159724557,0.5418864363061812,0.507113271524939,0.48246231303736714,0.5396390980201053
2013-04-17 13:00:00,0.3892114213576216,0.4643278849920651,0.40662847862313284,0.41841647368466267,0.36953433145615455,0.41666329262885515
2013-04-17 14:00:00,0.24034095358822638,0.31122885415791907,0.25852622507782924,0.2612117165438302,0.2291449620688828,0.26463920520925754
2013-04-17 15:00:00,0.10481461209559742,0.14031445257654102,0.08319745603276803,0.10387216977058668,0.05632724814098386,0.08435367806245517
2013-04-17 16:00:00,0.002743239824995637,0.009635537954609209,0.0,0.003237257989948605,0.0,0.0003742420117590853
2013-04-17 17:00:00,0.0,0.0,0.0,0.0,0.0,0.0
2013-04-17 18:00:00,0.0,0.0,0.0,0.0,0.0,0.0
2013-04-17 19:00:00,0.0,0.0,0.0,0.0,0.0,0.0
2013-04-17 20:00:00,0.0,0.0,0.0,0.0,0.0,0.0
2013-04-17 21:00:00,0.0,0.0,0.0,0.0,0.0,0.0
2013-04-17 22:00:00,0.0,0.0,0.0,0.0,0.0,0.0
2013-04-17 23:00:00,0.0,0.0,0.0,0.0,0.0,0.0
2013-04-18 00:00:00,0.0,0.0,0.0,0.0,0.0,0.0
2013-04-18 01:00:00,0.0,0.0,0.0,0.0,0.0,0.0
2013-04-18 02:00:00,0.0,0.0,0.0,0.0,0.0,0.0
2013-04-18 03:00:00,0.0,0.0,0.0,0.0,0.0,0.0
2013-04-18 04:00:00,0.010396960737994862,0.004006176752407225,0.025243227652878675,0.008408396724814473,0.027067753330992435,0.019513790359778904
2013-04-18 05:00:00,0.1524799280180361,0.1367424901387238,0.18660426970167243,0.13366052620810828,0.14512893455579992,0.18420980979785823
2013-04-18 06:00:00,0.33216662669109553,0.331132619741491,0.3637157215763449,0.296669768551801,0.28639626658068124,0.38391739629991034
2013-04-18 07:00:00,0.5311237195580794,0.5145774642492634,0.5318475688608216,0.4547516154358235,0.47851434603859194,0.5279072123884018
2013-04-18 08:00:00,0.6426888823667779,0.6275467627910541,0.6212215979972294,0.5661634816067902,0.5695131882437557,0.6292109167978162
2013-04-18 09:00:00,0.6904042513721254,0.6731254445526695,0.68018067321921,0.6117149079460643,0.6033454603429869,0.6815652915764809
2013-04-18 10:00:00,0.6260670839789598,0.6804049680934556,0.6483358698263395,0.623742447338911,0.5941367163184432,0.6501479107999631
2013-04-18 11:00:00,0.6054184874490823,0.6512873742997372,0.6363090899455434,0.6140240394102087,0.5886322034442922,0.6250879646113341
2013-04-18 12:00:00,0.49165006091228053,0.5698605381770461,0.5405116708850283,0.5155522901974168,0.5018440423048958,0.543398077346601
2013-04-18 13:00:00,0.39005060206327136,0.4549763312275596,0.43111122188307277,0.39259308278381383,0.39090340263670703,0.3705175879596729
2013-04-18 14:00:00,0.2420909718026603,0.2926750320602495,0.25029989197639263,0.21605272654487165,0.21962900254128687,0.2200619598207611
2013-04-18 15:00:00,0.09112230172525039,0.12846444171150487,0.07835778885193609,0.07951569964919869,0.056550781141901346,0.07415448417723451
2013-04-18 16:00:00,0.0029155654021595216,0.009627433909876701,0.0,0.0036119290449471465,0.0,0.0004507754744723677
2013-04-18 17:00:00,0.0,0.0,0.0,0.0,0.0,0.0
2013-04-18 18:00:00,0.0,0.0,0.0,0.0,0.0,0.0
2013-04-18 19:00:00,0.0,0.0,0.0,0.0,0.0,0.0
2013-04-18 20:00:00,0.0,0.0,0.0,0.0,0.0,0.0
2013-04-18 21:00:00,0.0,0.0,0.0,0.0,0.0,0.0
2013-04-18 22:00:00,0.0,0.0,0.0,0.0,0.0,0.0
2013-04-18 23:00:00,0.0,0.0,0.0,0.0,0.0,0.0
2013-04-19 00:00:00,0.0,0.0,0.0,0.0,0.0,0.0
2013-04-19 01:00:00,0.0,0.0,0.0,0.0,0.0,0.0
2013-04-19 02:00:00,0.0,0.0,0.0,0.0,0.0,0.0
2013-04-19 03:00:00,0.0,0.0,0.0,0.0,0.0,0.0
2013-04-19 04:00:00,0.012047272910993329,0.005029463135601653,0.026722746741592075,0.010589457012826516,0.03149120850786707,0.020307713949857906
2013-04-19 05:00:00,0.17771428924236163,0.1459969767539568,0.19262114664250493,0.16428661140669862,0.16052766628393422,0.18008246160459013
2013-04-19 06:00:00,0.3834734024801678,0.3494044832833051,0.3755848154445515,0.36059647713449283,0.30149634096881606,0.3737789721786694
2013-04-19 07:00:00,0.5463136772471032,0.5192510776375596,0.5339638949016112,0.49682298007213427,0.4695132584975606,0.5316461276281115
2013-04-19 08:00:00,0.6177693186360176,0.6198977522574991,0.6030627312654931,0.5835616972645586,0.5366176906027911,0.6257262426530722
2013-04-19 09:00:00,0.6731366944491273,0.6768765340094651,0.653607964939302,0.6190181627790375,0.5703133688250286,0.6752326783193453
2013-04-19 10:00:00,0.6435072237315628,0.6975750519582106,0.6803419320436982,0.6187162037827149,0.6063914052968874,0.6965422671693535
2013-04-19 11:00:00,0.6108390758240213,0.6652792986587421,0.6238469974342356,0.5896934860598216,0.5685757369918177,0.6507757526925959
2013-04-19 12:00:00,0.5130330987099866,0.552647882376407,0.5276469510398292,0.5179540566018425,0.4959938927745425,0.5441621331023844
2013-04-19 13:00:00,0.39875042354795776,0.4198767467824144,0.4214658847525764,0.39152662568341207,0.3790785630159906,0.4117903321983209
2013-04-19 14:00:00,0.25549247894494825,0.27684892024280683,0.25691414370879834,0.2563991691592362,0.20732806599329207,0.24789562733255713
2013-04-19 15:00:00,0.10208730695610822,0.1269850510198864,0.08330084206327758,0.09945057141702264,0.057252949406294225,0.09038385090934438
2013-04-19 16:00:00,0.001992973718246252,0.008544334373343081,0.0,0.0035296454654653417,0.0,0.0008883829506937875
2013-04-19 17:00:00,0.0,0.0,0.0,0.0,0.0,0.0
2013-04-19 18:00:00,0.0,0.0,0.0,0.0,0.0,0.0
2013-04-19 19:00:00,0.0,0.0,0.0,0.0,0.0,0.0
2013-04-19 20:00:00,0.0,0.0,0.0,0.0,0.0,0.0
2013-04-19 21:00:00,0.0,0.0,0.0,0.0,0.0,0.0
2013-04-19 22:00:00,0.0,0.0,0.0,0.0,0.0,0.0
2013-04-19 23:00:00,0.0,0.0,0.0,0.0,0.0,0.0
2013-04-20 00:00:00,0.0,0.0,0.0,0.0,0.0,0.0
2013-04-20 01:00:00,0.0,0.0,0.0,0.0,0.0,0.0
2013-04-20 02:00:00,0.0,0.0,0.0,0.0,0.0,0.0
2013-04-20 03:00:00,0.0,0.0,0.0,0.0,0.0,0.0
2013-04-20 04:00:00,0.008962187387495013,0.004523481703407802,0.017497261072612843,0.008263948681888844,0.03192719866054123,0.019456396109529126
2013-04-20 05:00:00,0.14039714433244196,0.12342148379105834,0.13515545917156369,0.11425311298022846,0.15969286429692614,0.17692269968521396
2013-04-20 06:00:00,0.31323234101416053,0.30085610298316645,0.2788773355197371,0.27750926782178603,0.2997995767606694,0.35803747072484465
2013-04-20 07:00:00,0.49982930000210857,0.5029935661755027,0.42425551732645445,0.42716400354094064,0.4687509191929075,0.5370947907495555
2013-04-20 08:00:00,0.5809773378597288,0.6050324300675746,0.5246786709795498,0.5429524934357578,0.5520928384866474,0.6286706116010716
2013-04-20 09:00:00,0.6266821564192646,0.6683904791276397,0.5933991994379719,0.6140947026647443,0.5875530411350631,0.6840633080149465
2013-04-20 10:00:00,0.6152098346036633,0.6652508863175008,0.6101604413104238,0.6212826858119912,0.6280560348391666,0.689801653345168
2013-04-20 11:00:00,0.5845932241042026,0.6237618481772305,0.5859927997926577,0.5654639389165603,0.5886846437862101,0.6381907967354974
2013-04-20 12:00:00,0.5520836434041997,0.5322338971215568,0.5295387984266411,0.5092738776012288,0.5202825803330291,0.5613186047814167
2013-04-20 13:00:00,0.429503253558383,0.39251887034311383,0.3907972262599327,0.3975937597619783,0.3866014780051936,0.42871671116121357
2013-04-20 14:00:00,0.276607859851198,0.23861813169120574,0.24357536133385055,0.24689642290291314,0.22263085190697515,0.27410383649155695
2013-04-20 15:00:00,0.12109101669721409,0.11253063794316501,0.08122453225365513,0.08918570476887673,0.05579842846693782,0.10628758282840908
2013-04-20 16:00:00,0.0015216527629166247,0.005516551407961847,0.0,0.0031195496187822807,0.0,0.0009521842601174071
2013-04-20 17:00:00,0.0,0.0,0.0,0.0,0.0,0.0
2013-04-20 18:00:00,0.0,0.0,0.0,0.0,0.0,0.0
2013-04-20 19:00:00,0.0,0.0,0.0,0.0,0.0,0.0
2013-04-20 20:00:00,0.0,0.0,0.0,0.0,0.0,0.0
2013-04-20 21:00:00,0.0,0.0,0.0,0.0,0.0,0.0
2013-04-20 22:00:00,0.0,0.0,0.0,0.0,0.0,0.0
2013-04-20 23:00:00,0.0,0.0,0.0,0.0,0.0,0.0
2013-04-21 00:00:00,0.0,0.0,0.0,0.0,0.0,0.0
2013-04-21 01:00:00,0.0,0.0,0.0,0.0,0.0,0.0
2013-04-21 02:00:00,0.0,0.0,0.0,0.0,0.0,0.0
2013-04-21 03:00:00,0.0,0.0,0.0,0.0,0.0,0.0
2013-04-21 04:00:00,0.011874025640629967,0.005096593964458412,0.02532943654466701,0.007665948680157982,0.039641545816055064,0.022566176824665714
2013-04-21 05:00:00,0.15523808049700372,0.12851737512330882,0.1776453691255978,0.10324376016688436,0.18678740950664405,0.19002126663798452
2013-04-21 06:00:00,0.33755325456801366,0.3073187885862962,0.3290047006454134,0.26882952693363915,0.3200317623889516,0.3849344198297018
2013-04-21 07:00:00,0.49892470998926897,0.47042335924647083,0.48165201718391953,0.42549009122024584,0.4881758658995967,0.5373130754472198
2013-04-21 08:00:00,0.5830550600393427,0.5837913140489884,0.5803752775341242,0.534463662631648,0.5706080013392789,0.6391955465983268
2013-04-21 09:00:00,0.6128430208993052,0.623680703523021,0.6501843816495979,0.5951032784851138,0.6343990843149201,0.7035445168323352
2013-04-21 10:00:00,0.6752747927649849,0.6594053651928565,0.6480922595214966,0.6022135164120619,0.6430965660791057,0.7079053951702021
2013-04-21 11:00:00,0.6292341365865657,0.609572377538947,0.5964542516853563,0.5817914838047687,0.5795811615428167,0.6543287565837261
2013-04-21 12:00:00,0.5417273394985901,0.508389995036387,0.5408125817584892,0.5140360685030041,0.510632244841742,0.5762299729437697
2013-04-21 13:00:00,0.42602926662588164,0.4039125312798967,0.41886864254291617,0.402444994865173,0.38423778464821645,0.4433327246922681
2013-04-21 14:00:00,0.25741011938227554,0.23710909777821784,0.25235918480146813,0.2428481140275299,0.21928517162180083,0.26525848910621636
2013-04-21 15:00:00,0.0980600265532569,0.10215065429131766,0.07814348023229979,0.09679093612570493,0.0502365277293511,0.09642980901046162
2013-04-21 16:00:00,0.0018761575449619348,0.0070066527785292545,0.0,0.0025608669231189673,0.0,0.0006089200153483563
2013-04-21 17:00:00,0.0,0.0,0.0,0.0,0.0,0.0
2013-04-21 18:00:00,0.0,0.0,0.0,0.0,0.0,0.0
2013-04-21 19:00:00,0.0,0.0,0.0,0.0,0.0,0.0
2013-04-21 20:00:00,0.0,0.0,0.0,0.0,0.0,0.0
2013-04-21 21:00:00,0.0,0.0,0.0,0.0,0.0,0.0
2013-04-21 22:00:00,0.0,0.0,0.0,0.0,0.0,0.0
2013-04-21 23:00:00,0.0,0.0,0.0,0.0,0.0,0.0
2013-04-22 00:00:00,0.0,0.0,0.0,0.0,0.0,0.0
2013-04-22 01:00:00,0.0,0.0,0.0,0.0,0.0,0.0
2013-04-22 02:00:00,0.0,0.0,0.0,0.0,0.0,0.0
2013-04-22 03:00:00,0.0,0.0,0.0,0.0,0.0,0.0
2013-04-22 04:00:00,0.010920026850150583,0.005482863059338608,0.026014972376958472,0.007437037424612727,0.03783860413108593,0.023369513568640123
2013-04-22 05:00:00,0.15098343640423306,0.14351197423579115,0.18420838150577376,0.1200327033600464,0.16228781760621613,0.19735943371148149
2013-04-22 06:00:00,0.35139316643924773,0.34541948456895694,0.3821174235068933,0.2818031119093314,0.32285144923403364,0.398849885280081
2013-04-22 07:00:00,0.505230950616781,0.5180393562416737,0.5055580285869896,0.37418322554513067,0.45131928051579395,0.5621074603729393
2013-04-22 08:00:00,0.5978703001292003,0.6131790124871423,0.6125740393636361,0.47163697867069254,0.550592632078512,0.6673293558709328
2013-04-22 09:00:00,0.685739330786799,0.6824026639327999,0.66890074327892,0.5438909238896188,0.6091317089788781,0.7256333288198035
2013-04-22 10:00:00,0.6708444557481836,0.6499066398064864,0.6504418066559867,0.5959664461989848,0.5729663549437538,0.7380131600322074
2013-04-22 11:00:00,0.6427513533004402,0.593974106579311,0.6405296887636077,0.5722307994085873,0.5863842250031757,0.6868855948299526
2013-04-22 12:00:00,0.5469670919126403,0.4777458476661177,0.5795956160738321,0.46381781305504327,0.512485899050123,0.6023119926055764
2013-04-22 13:00:00,0.4062076185110928,0.3617432708442186,0.433126049279666,0.3817089192987723,0.38214661909834613,0.4618216505420494
2013-04-22 14:00:00,0.24394240704639503,0.22028849471464232,0.26891702389126904,0.22976965011582992,0.20338157673163537,0.2792721041518567
2013-04-22 15:00:00,0.09594495796992294,0.09512644467345695,0.08879978681141228,0.08806251421942193,0.05297397588126938,0.10023102235488489
2013-04-22 16:00:00,0.0009778282689034,0.006412137770682756,0.0,0.0025033272940952166,0.0,0.0010300646694475243
2013-04-22 17:00:00,0.0,0.0,0.0,0.0,0.0,0.0
2013-04-22 18:00:00,0.0,0.0,0.0,0.0,0.0,0.0
2013-04-22 19:00:00,0.0,0.0,0.0,0.0,0.0,0.0
2013-04-22 20:00:00,0.0,0.0,0.0,0.0,0.0,0.0
2013-04-22 21:00:00,0.0,0.0,0.0,0.0,0.0,0.0
2013-04-22 22:00:00,0.0,0.0,0.0,0.0,0.0,0.0
2013-04-22 23:00:00,0.0,0.0,0.0,0.0,0.0,0.0
2013-04-23 00:00:00,0.0,0.0,0.0,0.0,0.0,0.0
2013-04-23 01:00:00,0.0,0.0,0.0,0.0,0.0,0.0
2013-04-23 02:00:00,0.0,0.0,0.0,0.0,0.0,0.0
2013-04-23 03:00:00,0.0,0.0,0.0,0.0,0.0,0.0
2013-04-23 04:00:00,0.013688075207101504,0.006493024182966345,0.02494062685074105,0.008422712124927966,0.026635044768588283,0.02519277136713087
2013-04-23 05:00:00,0.15306986235207928,0.15124482238242104,0.17355357574238556,0.11067739134242709,0.13570016616726024,0.1973982768506935
2013-04-23 06:00:00,0.360299434237407,0.35703875899445614,0.3326833965302063,0.2636455588232184,0.25776170530240394,0.3982962703679868
2013-04-23 07:00:00,0.5399298263356751,0.5336492271694343,0.4726246868606129,0.4400753626113669,0.3295196383708312,0.5633796142961803
2013-04-23 08:00:00,0.6181820070124583,0.6282889801636418,0.5766552612706408,0.5057690949974213,0.42484400588385973,0.6587353353250992
2013-04-23 09:00:00,0.6701166200367539,0.6965881502643052,0.6369206395665394,0.5775117207568147,0.4590326619156334,0.726084532690387
2013-04-23 10:00:00,0.6529722534647522,0.6992170099381497,0.6300285775909592,0.5758640075961835,0.47621184716609055,0.7318090799938997
2013-04-23 11:00:00,0.6301234990878112,0.6841605701284575,0.6173124890155663,0.52292336841179,0.47937732393600946,0.6931684599210021
2013-04-23 12:00:00,0.534797168478563,0.60206890455868,0.5186367533363453,0.46633762599392403,0.39290424130092544,0.6089638707242047
2013-04-23 13:00:00,0.4049411075931847,0.47233859742246664,0.37521528489780115,0.31501820403395714,0.2781276305908108,0.47881867817661544
2013-04-23 14:00:00,0.27529066494874826,0.32229123218939004,0.2301306273392341,0.19913521095572875,0.1511130142058706,0.30160212518454727
2013-04-23 15:00:00,0.11361848994896728,0.1429050216730998,0.06582269668369459,0.07087999430147776,0.0348538655252751,0.1124495881825939
2013-04-23 16:00:00,0.00201077399771304,0.00902867810864096,0.0,0.0029251651141809732,0.0,0.0011918040874671083
2013-04-23 17:00:00,0.0,0.0,0.0,0.0,0.0,0.0
2013-04-23 18:00:00,0.0,0.0,0.0,0.0,0.0,0.0
2013-04-23 19:00:00,0.0,0.0,0.0,0.0,0.0,0.0
2013-04-23 20:00:00,0.0,0.0,0.0,0.0,0.0,0.0
2013-04-23 21:00:00,0.0,0.0,0.0,0.0,0.0,0.0
2013-04-23 22:00:00,0.0,0.0,0.0,0.0,0.0,0.0
2013-04-23 23:00:00,0.0,0.0,0.0,0.0,0.0,0.0
2013-04-24 00:00:00,0.0,0.0,0.0,0.0,0.0,0.0
2013-04-24 01:00:00,0.0,0.0,0.0,0.0,0.0,0.0
2013-04-24 02:00:00,0.0,0.0,0.0,0.0,0.0,0.0
2013-04-24 03:00:00,0.0,0.0,0.0,0.0,0.0,0.0
2013-04-24 04:00:00,0.014064383615088726,0.006975810984773959,0.028889454834595648,0.0074218777111369535,0.04179383450135957,0.02571901655303949
2013-04-24 05:00:00,0.16994259766168981,0.16295545739047146,0.16567654004769328,0.11987027005320677,0.16328528887710933,0.20340306492987253
2013-04-24 06:00:00,0.3632743269918362,0.3689736974143819,0.34070339072792105,0.278548896028061,0.31519527748807125,0.40307151711074607
2013-04-24 07:00:00,0.5324617505001908,0.5415577235433665,0.5137619084326845,0.4124878672375951,0.4618802486652504,0.5661088824071937
2013-04-24 08:00:00,0.6310908773003032,0.653972645784485,0.5856202581225357,0.532034740055985,0.5785518711423357,0.6689151346016203
2013-04-24 09:00:00,0.6700605460158658,0.7164072177184222,0.6012038525883079,0.5769443266351212,0.5642371756835576,0.7290223330350505
2013-04-24 10:00:00,0.6783378354793708,0.7305130968617247,0.6228566703153492,0.6095100723651923,0.5350986883432521,0.7377586875059022
2013-04-24 11:00:00,0.6301595865019496,0.6982777539439083,0.6130697304279745,0.5337932832742925,0.5495816066998904,0.704774840041711
2013-04-24 12:00:00,0.5936754337329236,0.6270883178793586,0.5405965891020458,0.5018016532718791,0.4867969228505538,0.6236926826622141
2013-04-24 13:00:00,0.47053105351511393,0.5036037941257329,0.39542169738699917,0.39592128798779813,0.35373263017561835,0.48752399198892066
2013-04-24 14:00:00,0.3067618954505809,0.3367301571457125,0.24067378591752206,0.25080274535966257,0.2063717780447728,0.3137689637619636
2013-04-24 15:00:00,0.12054980330993359,0.15050112077139746,0.0822436680378979,0.09446575342383283,0.05294119770594639,0.12477315025845824
2013-04-24 16:00:00,0.0018236027748532873,0.009452451755849581,0.0,0.002799050039281049,0.0,0.0017263158437911003
2013-04-24 17:00:00,0.0,0.0,0.0,0.0,0.0,0.0
2013-04-24 18:00:00,0.0,0.0,0.0,0.0,0.0,0.0
2013-04-24 19:00:00,0.0,0.0,0.0,0.0,0.0,0.0
2013-04-24 20:00:00,0.0,0.0,0.0,0.0,0.0,0.0
2013-04-24 21:00:00,0.0,0.0,0.0,0.0,0.0,0.0
2013-04-24 22:00:00,0.0,0.0,0.0,0.0,0.0,0.0
2013-04-24 23:00:00,0.0,0.0,0.0,0.0,0.0,0.0
2013-04-25 00:00:00,0.0,0.0,0.0,0.0,0.0,0.0
2013-04-25 01:00:00,0.0,0.0,0.0,0.0,0.0,0.0
2013-04-25 02:00:00,0.0,0.0,0.0,0.0,0.0,0.0
2013-04-25 03:00:00,0.0,0.0,0.0,0.0,0.0,0.0
2013-04-25 04:00:00,0.01213885583504083,0.00614385685106468,0.02414713087778847,0.00507617568562597,0.020123545711741946,0.024732169498309937
2013-04-25 05:00:00,0.14219180217969277,0.14770361789937947,0.14888585416458228,0.10621175226993146,0.09047994438060863,0.19245248174570587
2013-04-25 06:00:00,0.34128954839345527,0.3511169747339305,0.31204359236718066,0.23945136801214775,0.19513191678208439,0.3926178770150058
2013-04-25 07:00:00,0.48186677079668727,0.5195453310421775,0.41449073484580307,0.36516646565198835,0.2943279261321445,0.5430670768311756
2013-04-25 08:00:00,0.5876494104125589,0.6355483663334962,0.5245150559509052,0.4524121098421888,0.3696111065989118,0.6466081799807016
2013-04-25 09:00:00,0.6420627458607061,0.6992350986114799,0.6031364754165046,0.49849317488224576,0.4951218088616603,0.6975318919432377
2013-04-25 10:00:00,0.6340991034480514,0.709794726798319,0.5812928882826981,0.5629656819192013,0.49077292902787184,0.7048904599800304
2013-04-25 11:00:00,0.5811806183196575,0.672026021107249,0.5540895835463955,0.5023445028142384,0.4776090259010441,0.6653583295482488
2013-04-25 12:00:00,0.5199767361972367,0.5925956068125255,0.4825227044481201,0.4326796915041213,0.4393053236745666,0.5835345376350333
2013-04-25 13:00:00,0.37611131266362363,0.48621567794913617,0.34077416645145364,0.34526384622567097,0.3107980461208083,0.4406381553115303
2013-04-25 14:00:00,0.23355216159486142,0.31142035076800517,0.21983842884867377,0.18729034125405436,0.17570489038135403,0.2718829900148477
2013-04-25 15:00:00,0.08986442777391788,0.14715497859492918,0.07050235550589237,0.06775042433630006,0.04392734473262015,0.10329238119639568
2013-04-25 16:00:00,0.002067442065069874,0.00902469619172343,0.0,0.0025254803340190464,0.0,0.0011729652298024366
2013-04-25 17:00:00,0.0,0.0,0.0,0.0,0.0,0.0
2013-04-25 18:00:00,0.0,0.0,0.0,0.0,0.0,0.0
2013-04-25 19:00:00,0.0,0.0,0.0,0.0,0.0,0.0
2013-04-25 20:00:00,0.0,0.0,0.0,0.0,0.0,0.0
2013-04-25 21:00:00,0.0,0.0,0.0,0.0,0.0,0.0
2013-04-25 22:00:00,0.0,0.0,0.0,0.0,0.0,0.0
2013-04-25 23:00:00,0.0,0.0,0.0,0.0,0.0,0.0
2013-04-26 00:00:00,0.0,0.0,0.0,0.0,0.0,0.0
2013-04-26 01:00:00,0.0,0.0,0.0,0.0,0.0,0.0
2013-04-26 02:00:00,0.0,0.0,0.0,0.0,0.0,0.0
2013-04-26 03:00:00,0.0,0.0,0.0,0.0,0.0,0.0
2013-04-26 04:00:00,0.013895323958399524,0.00718518819253238,0.026549043062906945,0.009391725950166255,0.041806798931789284,0.024430657844472778
2013-04-26 05:00:00,0.1761934720177295,0.15958884948288227,0.18467171989864276,0.12737041401758595,0.20028135778467132,0.1924575626839951
2013-04-26 06:00:00,0.36897432083998716,0.36642746776642005,0.3456968187390619,0.2953409511879534,0.3436376948277881,0.3850894076668292
2013-04-26 07:00:00,0.5301277195403113,0.5390657620418365,0.4957852623286027,0.4494510439713683,0.49290587192268415,0.5457246636623022
2013-04-26 08:00:00,0.6177661959121229,0.6358581619270841,0.5713043702914143,0.5733534734395067,0.5284529366912868,0.6350883154253053
2013-04-26 09:00:00,0.6464351639507991,0.6984633128957481,0.6571901704192179,0.6055263388655278,0.5821941549634977,0.6889101712531135
2013-04-26 10:00:00,0.6653372799712531,0.7128522908128279,0.6542971799237705,0.6348010279824526,0.5595228600380312,0.6862409259410881
2013-04-26 11:00:00,0.6046478570375369,0.678184604898881,0.5935154769473501,0.5867767489542457,0.5230069334558944,0.6574175892314618
2013-04-26 12:00:00,0.502823146492555,0.6029001871143786,0.5019140624455307,0.4975232521251158,0.47040229857835897,0.5584698741181361
2013-04-26 13:00:00,0.38769426977430954,0.4858761049976563,0.3703650420511146,0.34484898576956957,0.34311034770900095,0.4113786638451178
2013-04-26 14:00:00,0.25681196667266354,0.33313048872137657,0.224749126504999,0.23676978833368814,0.19757088408050746,0.2603106320462152
2013-04-26 15:00:00,0.09640244839946945,0.14604076721804066,0.06870051988751877,0.07896779878827076,0.049071113306823955,0.09705431095789556
2013-04-26 16:00:00,0.0019753615319395906,0.008104672705655111,0.0,0.0022827737679723178,0.0,0.0014423010646779219
2013-04-26 17:00:00,0.0,0.0,0.0,0.0,0.0,0.0
2013-04-26 18:00:00,0.0,0.0,0.0,0.0,0.0,0.0
2013-04-26 19:00:00,0.0,0.0,0.0,0.0,0.0,0.0
2013-04-26 20:00:00,0.0,0.0,0.0,0.0,0.0,0.0
2013-04-26 21:00:00,0.0,0.0,0.0,0.0,0.0,0.0
2013-04-26 22:00:00,0.0,0.0,0.0,0.0,0.0,0.0
2013-04-26 23:00:00,0.0,0.0,0.0,0.0,0.0,0.0
2013-04-27 00:00:00,0.0,0.0,0.0,0.0,0.0,0.0
2013-04-27 01:00:00,0.0,0.0,0.0,0.0,0.0,0.0
2013-04-27 02:00:00,0.0,0.0,0.0,0.0,0.0,0.0
2013-04-27 03:00:00,0.0,0.0,0.0,0.0,0.0,0.0
2013-04-27 04:00:00,0.013333860097773376,0.007604634208989164,0.023188254158617843,0.007806473484388058,0.02591077919586701,0.023899492852316614
2013-04-27 05:00:00,0.17121937290066136,0.16127240614868266,0.15855565150263248,0.10751695235007636,0.12667649315669632,0.1887897447708078
2013-04-27 06:00:00,0.3814486307061031,0.3668317974328601,0.31699143283094217,0.2604922839881006,0.24338695950139358,0.3774132945398274
2013-04-27 07:00:00,0.5403706500301674,0.5369183587718461,0.45226784708203044,0.37534848528518194,0.4005414199936933,0.528276043538586
2013-04-27 08:00:00,0.6028542252388306,0.6375712328303937,0.567489548780971,0.47625748631926024,0.508934726076604,0.6269985697446535
2013-04-27 09:00:00,0.6741692751575893,0.7062154810829845,0.6258657753389193,0.5530530334342119,0.588420254942413,0.6867242363675259
2013-04-27 10:00:00,0.6649978169903228,0.7277730307182351,0.6214944058521348,0.5738413027869149,0.5768242343534947,0.6895874062645085
2013-04-27 11:00:00,0.6226793199397784,0.7002662642987125,0.5945924681330573,0.504772680101323,0.5408562411959312,0.662835826306549
2013-04-27 12:00:00,0.535181010266824,0.6263057767800374,0.5132291185273987,0.45053688558158084,0.4420390731901594,0.5942712016531142
2013-04-27 13:00:00,0.4084457256517237,0.49139095409733735,0.37195760024821306,0.3365921869934004,0.3278758658635324,0.44817747136430336
2013-04-27 14:00:00,0.23573073168323289,0.32903325849337767,0.22577651925403983,0.21467586293847132,0.1877732807110215,0.26955740874574663
2013-04-27 15:00:00,0.08979986991803397,0.14791411593444906,0.070354553435004,0.0830590350723918,0.04810475198503532,0.10385292518431924
2013-04-27 16:00:00,0.0018966406769105667,0.009234984500541847,0.0,0.0028143494104622578,0.0,0.0017298647070071588
2013-04-27 17:00:00,0.0,0.0,0.0,0.0,0.0,0.0
2013-04-27 18:00:00,0.0,0.0,0.0,0.0,0.0,0.0
2013-04-27 19:00:00,0.0,0.0,0.0,0.0,0.0,0.0
2013-04-27 20:00:00,0.0,0.0,0.0,0.0,0.0,0.0
2013-04-27 21:00:00,0.0,0.0,0.0,0.0,0.0,0.0
2013-04-27 22:00:00,0.0,0.0,0.0,0.0,0.0,0.0
2013-04-27 23:00:00,0.0,0.0,0.0,0.0,0.0,0.0
2013-04-28 00:00:00,0.0,0.0,0.0,0.0,0.0,0.0
2013-04-28 01:00:00,0.0,0.0,0.0,0.0,0.0,0.0
2013-04-28 02:00:00,0.0,0.0,0.0,0.0,0.0,0.0
2013-04-28 03:00:00,0.0,0.0,0.0,0.0,0.0,0.0
2013-04-28 04:00:00,0.014388184736436573,0.007863565532494801,0.02478950226099162,0.004507438693428248,0.015211515750137381,0.025652715557480863
2013-04-28 05:00:00,0.17769776847107283,0.16266414825206252,0.15829009726478346,0.08651392307295772,0.07443417154866684,0.19685419837140736
2013-04-28 06:00:00,0.36912938436122406,0.36427688561672167,0.3198207787884815,0.20070520008663567,0.16792229592157704,0.3919172540427991
2013-04-28 07:00:00,0.5259976490557042,0.5369946018673691,0.4307681934296021,0.36007998386741347,0.2112074463866998,0.5477761262393198
2013-04-28 08:00:00,0.5998810561851073,0.64929296260867,0.5152534786741456,0.4754850980913143,0.28030177960977404,0.6292155126785025
2013-04-28 09:00:00,0.6468911293968204,0.6921076533902984,0.5795854770348695,0.5394727898204204,0.3703571807703064,0.6858155590973937
2013-04-28 10:00:00,0.6516132488259051,0.7039227336496949,0.5526379146724771,0.5275701119131966,0.4205972638795575,0.6891387179841271
2013-04-28 11:00:00,0.6366156357535048,0.6639852614681141,0.5379912058888431,0.5209231470542007,0.4645751184330405,0.6214941688812593
2013-04-28 12:00:00,0.5426609494636939,0.5854244803204464,0.4833938481334701,0.43943533552143405,0.417054550708832,0.5443267797161302
2013-04-28 13:00:00,0.4259302043751004,0.4511191621658666,0.37132663692875184,0.3467299503111735,0.32186001017444377,0.40654026895671574
2013-04-28 14:00:00,0.24760447074508776,0.3084976511754632,0.21901283617647363,0.2179809978650634,0.1928342303154297,0.2581754337411426
2013-04-28 15:00:00,0.1009492585144953,0.13975702561152611,0.07322704461490859,0.07972518875396932,0.05053754379539571,0.09441268908849676
2013-04-28 16:00:00,0.0019704664987329553,0.00944384345672046,0.0,0.0027948523234192103,0.0,0.0016109291025462888
2013-04-28 17:00:00,0.0,0.0,0.0,0.0,0.0,0.0
2013-04-28 18:00:00,0.0,0.0,0.0,0.0,0.0,0.0
2013-04-28 19:00:00,0.0,0.0,0.0,0.0,0.0,0.0
2013-04-28 20:00:00,0.0,0.0,0.0,0.0,0.0,0.0
2013-04-28 21:00:00,0.0,0.0,0.0,0.0,0.0,0.0
2013-04-28 22:00:00,0.0,0.0,0.0,0.0,0.0,0.0
2013-04-28 23:00:00,0.0,0.0,0.0,0.0,0.0,0.0
2013-04-29 00:00:00,0.0,0.0,0.0,0.0,0.0,0.0
2013-04-29 01:00:00,0.0,0.0,0.0,0.0,0.0,0.0
2013-04-29 02:00:00,0.0,0.0,0.0,0.0,0.0,0.0
2013-04-29 03:00:00,0.0,0.0,0.0,0.0,0.0,0.0
2013-04-29 04:00:00,0.014005304143038886,0.007574344682550531,0.025620824895846564,0.006913466928222623,0.03387230732409558,0.02467313156840542
2013-04-29 05:00:00,0.1574727418981591,0.15344469083135892,0.1706593432013615,0.09899548795487882,0.15621839873220447,0.18479710729647808
2013-04-29 06:00:00,0.3240001821969312,0.3406995303970005,0.3348535847488797,0.25508521844140575,0.28607887745238053,0.36480681720403846
2013-04-29 07:00:00,0.4638855796360923,0.5123741205428157,0.49161998254655287,0.3673993397304389,0.4213513434490448,0.5110952832646866
2013-04-29 08:00:00,0.5618682792965086,0.605707113739623,0.5998244225079762,0.47927426298840964,0.5185159752179759,0.6141801347097139
2013-04-29 09:00:00,0.6238191033862999,0.6464065900774396,0.639614856383975,0.5646311723716837,0.5391528358159791,0.6765458590059616
2013-04-29 10:00:00,0.6299716562072856,0.6384462795552058,0.6485312958488546,0.5648143665553927,0.5532812325296257,0.6861935634701278
2013-04-29 11:00:00,0.5304875682838277,0.5948676155991256,0.6234834919627078,0.5274829199842737,0.5540446812209197,0.6320998170812203
2013-04-29 12:00:00,0.45837415793766323,0.5090887209877143,0.5218546834484825,0.4638894573980408,0.47731278581338255,0.535016971632054
2013-04-29 13:00:00,0.36948236449337585,0.41721909834901527,0.38367721347537226,0.35764103243876283,0.3638465619559038,0.40171723147416927
2013-04-29 14:00:00,0.2033132313361135,0.2757090020893428,0.2344328349380273,0.2104483427147905,0.20353412707646226,0.24325947253868813
2013-04-29 15:00:00,0.0778376296656428,0.12883439188625365,0.07668292101277568,0.07649784613935566,0.054044824308209886,0.09046355058326205
2013-04-29 16:00:00,0.0014964331128000967,0.008161880087598791,0.0,0.0022513785143939715,0.0,0.0014802159415356617
2013-04-29 17:00:00,0.0,0.0,0.0,0.0,0.0,0.0
2013-04-29 18:00:00,0.0,0.0,0.0,0.0,0.0,0.0
2013-04-29 19:00:00,0.0,0.0,0.0,0.0,0.0,0.0
2013-04-29 20:00:00,0.0,0.0,0.0,0.0,0.0,0.0
2013-04-29 21:00:00,0.0,0.0,0.0,0.0,0.0,0.0
2013-04-29 22:00:00,0.0,0.0,0.0,0.0,0.0,0.0
2013-04-29 23:00:00,0.0,0.0,0.0,0.0,0.0,0.0
2013-04-30 00:00:00,0.0,0.0,0.0,0.0,0.0,0.0
2013-04-30 01:00:00,0.0,0.0,0.0,0.0,0.0,0.0
2013-04-30 02:00:00,0.0,0.0,0.0,0.0,0.0,0.0
2013-04-30 03:00:00,0.0,0.0,0.0,0.0,0.0,0.0
2013-04-30 04:00:00,0.014528698427612273,0.0077254074379695765,0.02837137275642228,0.010017200690839313,0.038924074392545735,0.02277381377269097
2013-04-30 05:00:00,0.16932612170070105,0.15724222711738117,0.17385569401129128,0.11845182412725984,0.1804518975950713,0.18089528629741272
2013-04-30 06:00:00,0.37844009682349455,0.3610127589704139,0.357829528367613,0.27544189317650847,0.344705735364564,0.37157481411906784
2013-04-30 07:00:00,0.5314078900515297,0.5299615412270039,0.4997243691222634,0.4183343649734459,0.47779757040568804,0.5235889572919487
2013-04-30 08:00:00,0.6338490847871903,0.6313569348431395,0.6108246323241108,0.5322866147453503,0.5646047339370114,0.6329624142849812
2013-04-30 09:00:00,0.6264130047362879,0.6633614318206226,0.6267433379653428,0.5811905486797004,0.5715530707372999,0.6804893731869999
2013-04-30 10:00:00,0.5963320916533693,0.6443027037377362,0.6288007720163641,0.5806308422620671,0.5873433483347131,0.6776374344676335
2013-04-30 11:00:00,0.5197088400626726,0.6041075509483813,0.5991719388992416,0.5539077813233378,0.5391487189733305,0.6272174630474304
2013-04-30 12:00:00,0.4773108272244803,0.5686445612443504,0.5085810739811089,0.47439987684548274,0.4922609696199768,0.5563753992717075
2013-04-30 13:00:00,0.35743436860442873,0.4402648477020372,0.36693200321882463,0.36952551252829935,0.36599283502063173,0.4139610416609503
2013-04-30 14:00:00,0.21363404801647717,0.300812480329501,0.22541808539935587,0.2290166523977614,0.21922983422183284,0.2773313139396491
2013-04-30 15:00:00,0.07551093985985473,0.13550359059538924,0.06855427473560258,0.08412768534835127,0.05207277854468926,0.10173327950121436
2013-04-30 16:00:00,0.0018428562630685725,0.008695717678409393,0.0,0.0019217490985566502,0.0,0.0018359948533472887
2013-04-30 17:00:00,0.0,0.0,0.0,0.0,0.0,0.0
2013-04-30 18:00:00,0.0,0.0,0.0,0.0,0.0,0.0
2013-04-30 19:00:00,0.0,0.0,0.0,0.0,0.0,0.0
2013-04-30 20:00:00,0.0,0.0,0.0,0.0,0.0,0.0
2013-04-30 21:00:00,0.0,0.0,0.0,0.0,0.0,0.0
2013-04-30 22:00:00,0.0,0.0,0.0,0.0,0.0,0.0
2013-04-30 23:00:00,0.0,0.0,0.0,0.0,0.0,0.0
2013-05-01 00:00:00,0.0,0.0,0.0,0.0,0.0,0.0
2013-05-01 01:00:00,0.0,0.0,0.0,0.0,0.0,0.0
2013-05-01 02:00:00,0.0,0.0,0.0,0.0,0.0,0.0
2013-05-01 03:00:00,0.0,0.0,0.0,0.0,0.0,0.0
2013-05-01 04:00:00,0.014724432852195695,0.008985054472172163,0.017968368571285954,0.006171334641804861,0.0320527197914023,0.02536461632358564
2013-05-01 05:00:00,0.17563525090944723,0.16198659153302847,0.12156646082297465,0.09401398821571327,0.1376674059759823,0.19353809090818486
2013-05-01 06:00:00,0.3721228068073825,0.36184351711492624,0.27076173335943793,0.21822205989862242,0.2811785231667457,0.3887550621724662
2013-05-01 07:00:00,0.5050519776180762,0.5306913352979518,0.3833737749519044,0.3341027583278467,0.38734488216499424,0.5444712295448237
2013-05-01 08:00:00,0.5760696706886526,0.6222752546593526,0.48886902148899347,0.4515955646891343,0.5245125303576688,0.6315143812577876
2013-05-01 09:00:00,0.6314534783188663,0.6654216223313114,0.5401697186416711,0.49487448396971495,0.5089276157890723,0.6927451995773495
2013-05-01 10:00:00,0.6105572913520594,0.6493185674603736,0.5790932267487193,0.49920852685943035,0.573774686850067,0.692780346427123
2013-05-01 11:00:00,0.5954466902671848,0.6376534475353887,0.5884414183150783,0.4892405332652929,0.5651889293823474,0.6617083116000616
2013-05-01 12:00:00,0.49902935664932074,0.5481546329434493,0.5033239867852755,0.4515639041727895,0.45814231650050985,0.5716777396692758
2013-05-01 13:00:00,0.39257381091610344,0.4400193128491368,0.3945418487793036,0.33432813532239364,0.37420326711402385,0.45215935158764164
2013-05-01 14:00:00,0.2087873306029741,0.30281187055220266,0.22757785698185926,0.20310437405220483,0.19274863626234023,0.28328661380672243
2013-05-01 15:00:00,0.0842289082498964,0.13794409484338285,0.07660612900065016,0.08377085126248503,0.054435807687228124,0.11089940843908047
2013-05-01 16:00:00,0.0019833147743382753,0.008730525235167692,0.0,0.0024592954760452503,0.0,0.0019311653122031694
2013-05-01 17:00:00,0.0,0.0,0.0,0.0,0.0,0.0
2013-05-01 18:00:00,0.0,0.0,0.0,0.0,0.0,0.0
2013-05-01 19:00:00,0.0,0.0,0.0,0.0,0.0,0.0
2013-05-01 20:00:00,0.0,0.0,0.0,0.0,0.0,0.0
2013-05-01 21:00:00,0.0,0.0,0.0,0.0,0.0,0.0
2013-05-01 22:00:00,0.0,0.0,0.0,0.0,0.0,0.0
2013-05-01 23:00:00,0.0,0.0,0.0,0.0,0.0,0.0
2013-05-02 00:00:00,0.0,0.0,0.0,0.0,0.0,0.0
2013-05-02 01:00:00,0.0,0.0,0.0,0.0,0.0,0.0
2013-05-02 02:00:00,0.0,0.0,0.0,0.0,0.0,0.0
2013-05-02 03:00:00,0.0,0.0,0.0,0.0,0.0,0.0
2013-05-02 04:00:00,0.015592490292658736,0.009481038251945078,0.02714877129473916,0.007973546572206485,0.04115380638385107,0.027942550524036238
2013-05-02 05:00:00,0.1611107750662837,0.15627872927931016,0.1595780945849432,0.0998672027719385,0.17557986124263836,0.1998855225868298
2013-05-02 06:00:00,0.3593787693347834,0.3524639063487377,0.3291512775365033,0.2640669631114637,0.3149497165671528,0.3902128456940916
2013-05-02 07:00:00,0.512007619894534,0.516277401650548,0.4678316402453496,0.4016261994942002,0.47558891111811863,0.5423692996273507
2013-05-02 08:00:00,0.5917088691345962,0.59401000643171,0.5469127043592785,0.4934463698320109,0.5504389716499539,0.6356163003485368
2013-05-02 09:00:00,0.6220340897841449,0.6167622670116353,0.6264841435344348,0.5854902601449261,0.61471314744395,0.6835061956933318
2013-05-02 10:00:00,0.6133449975924692,0.6128521604152276,0.6247537045085093,0.6030143787862147,0.6056956300794705,0.6923001930708031
2013-05-02 11:00:00,0.5309417466623871,0.5773488806682112,0.5518501859967015,0.5250233416902435,0.573927581803453,0.6542171990387758
2013-05-02 12:00:00,0.4307132847158828,0.4907583935025583,0.4775933301773428,0.4757067868696139,0.48349824266275476,0.5725541285606166
2013-05-02 13:00:00,0.31380117611231434,0.39375813580364194,0.33970638158706584,0.3435523067084169,0.3650857157480786,0.4342239780475109
2013-05-02 14:00:00,0.17539870573567043,0.24780274249419915,0.1784391524642065,0.2176661200437829,0.19349853090451238,0.27179570248316565
2013-05-02 15:00:00,0.06879504869131119,0.11075641613740318,0.06215524190490675,0.07106920854328018,0.04902991757598419,0.10457986713631841
2013-05-02 16:00:00,0.0015098146319831218,0.006856738449483377,0.0,0.002398595359015827,0.0,0.0019299792066664679
2013-05-02 17:00:00,0.0,0.0,0.0,0.0,0.0,0.0
2013-05-02 18:00:00,0.0,0.0,0.0,0.0,0.0,0.0
2013-05-02 19:00:00,0.0,0.0,0.0,0.0,0.0,0.0
2013-05-02 20:00:00,0.0,0.0,0.0,0.0,0.0,0.0
2013-05-02 21:00:00,0.0,0.0,0.0,0.0,0.0,0.0
2013-05-02 22:00:00,0.0,0.0,0.0,0.0,0.0,0.0
2013-05-02 23:00:00,0.0,0.0,0.0,0.0,0.0,0.0
2013-05-03 00:00:00,0.0,0.0,0.0,0.0,0.0,0.0
2013-05-03 01:00:00,0.0,0.0,0.0,0.0,0.0,0.0
2013-05-03 02:00:00,0.0,0.0,0.0,0.0,0.0,0.0
2013-05-03 03:00:00,0.0,0.0,0.0,0.0,0.0,0.0
2013-05-03 04:00:00,0.012338116700671385,0.008432565886850941,0.016620815327808618,0.00866409143617351,0.04330071254403781,0.025681803243832964
2013-05-03 05:00:00,0.13880652153649184,0.15199329312228163,0.10632438669959061,0.10705521861334186,0.19042764976942522,0.18307348666626128
2013-05-03 06:00:00,0.30621661339009076,0.33553399173350956,0.23914855568600002,0.27633833472970903,0.3353543239742246,0.3712867846055169
2013-05-03 07:00:00,0.39727701042813884,0.49233100003777247,0.2861440794273733,0.36369374529151766,0.44554951854797337,0.4780538504824901
2013-05-03 08:00:00,0.5102414989691102,0.5772447028201767,0.44717826850676645,0.4720415114824932,0.5456623156845768,0.576869506138184
2013-05-03 09:00:00,0.5380688746869943,0.6130639767165026,0.5357127119684476,0.5125347076190157,0.5936147827051039,0.6244488394509531
2013-05-03 10:00:00,0.5264287880592143,0.6175501127822269,0.5528153364155215,0.5442873641303438,0.5852110101930676,0.6458079126438113
2013-05-03 11:00:00,0.47279367194805905,0.5764286885652157,0.5446443423094188,0.4863161212941275,0.5642757572466018,0.6325756487697971
2013-05-03 12:00:00,0.36383683148340973,0.49148665457805296,0.45239884083808557,0.4210818131060543,0.4789250610986871,0.5707757747796419
2013-05-03 13:00:00,0.2766572213261946,0.3833833022005151,0.33613184007042174,0.32853226944184266,0.36221094001284193,0.43368083257120343
2013-05-03 14:00:00,0.16879904793812292,0.23841669222582249,0.2020245595549646,0.19960227282723586,0.21151757776365313,0.2767417281072468
2013-05-03 15:00:00,0.05660316471346041,0.09801596380956251,0.059553278478866954,0.07402653216424576,0.04815107793605997,0.10011485242484901
2013-05-03 16:00:00,0.0012863082999857117,0.006867175511563194,0.0,0.00261108423000407,0.0,0.001720197872982811
2013-05-03 17:00:00,0.0,0.0,0.0,0.0,0.0,0.0
2013-05-03 18:00:00,0.0,0.0,0.0,0.0,0.0,0.0
2013-05-03 19:00:00,0.0,0.0,0.0,0.0,0.0,0.0
2013-05-03 20:00:00,0.0,0.0,0.0,0.0,0.0,0.0
2013-05-03 21:00:00,0.0,0.0,0.0,0.0,0.0,0.0
2013-05-03 22:00:00,0.0,0.0,0.0,0.0,0.0,0.0
2013-05-03 23:00:00,0.0,0.0,0.0,0.0,0.0,0.0
2013-05-04 00:00:00,0.0,0.0,0.0,0.0,0.0,0.0
2013-05-04 01:00:00,0.0,0.0,0.0,0.0,0.0,0.0
2013-05-04 02:00:00,0.0,0.0,0.0,0.0,0.0,0.0
2013-05-04 03:00:00,0.0,0.0,0.0,0.0,0.0,0.0
2013-05-04 04:00:00,0.012109144701268589,0.008562832620595016,0.03099681546489123,0.010217755205983036,0.04884749108034993,0.028159672993205476
2013-05-04 05:00:00,0.13528463932464727,0.12487369358667613,0.19212657134549407,0.1229157661157193,0.20600491059639364,0.17949352776332608
2013-05-04 06:00:00,0.3428752567388332,0.2946991662389773,0.3745947794973381,0.2983710809922634,0.356013711786876,0.35289864389728715
2013-05-04 07:00:00,0.43706356632904625,0.46954163601300875,0.47761375549316576,0.41874320073956184,0.4825142628889069,0.4950611739884143
2013-05-04 08:00:00,0.5390773022818702,0.5687641977901999,0.5981469393269847,0.5459863865801717,0.5741301813474635,0.599554928177693
2013-05-04 09:00:00,0.6024584690351379,0.5922528458750433,0.6372098821946297,0.5921874109504823,0.6242594746913694,0.65806897018529
2013-05-04 10:00:00,0.603175495747566,0.5587664409778381,0.6373660882314245,0.586131852386803,0.5821710643026204,0.6638181742957353
2013-05-04 11:00:00,0.5496027258052429,0.5470708093761291,0.5691831774065333,0.552103214604798,0.5392074840951947,0.6031505387361633
2013-05-04 12:00:00,0.47714249420905736,0.4295117859386806,0.5089779104702231,0.46044458372506053,0.4926339233290783,0.5395409280158696
2013-05-04 13:00:00,0.3816392085553109,0.33867766632882923,0.3555859096439173,0.3793143252598643,0.35021211883563175,0.3848644053159879
2013-05-04 14:00:00,0.22299246981011134,0.222955973988562,0.20492103630989136,0.22119970819114299,0.1965352463556503,0.22519944998382313
2013-05-04 15:00:00,0.0772753843171766,0.10465301479649976,0.06680834591078945,0.08776317097841901,0.04886608663931862,0.08932563108531473
2013-05-04 16:00:00,0.001557202869792983,0.006768843880106028,0.0,0.002107278714673012,0.0,0.0019636341072175705
2013-05-04 17:00:00,0.0,0.0,0.0,0.0,0.0,0.0
2013-05-04 18:00:00,0.0,0.0,0.0,0.0,0.0,0.0
2013-05-04 19:00:00,0.0,0.0,0.0,0.0,0.0,0.0
2013-05-04 20:00:00,0.0,0.0,0.0,0.0,0.0,0.0
2013-05-04 21:00:00,0.0,0.0,0.0,0.0,0.0,0.0
2013-05-04 22:00:00,0.0,0.0,0.0,0.0,0.0,0.0
2013-05-04 23:00:00,0.0,0.0,0.0,0.0,0.0,0.0
2013-05-05 00:00:00,0.0,0.0,0.0,0.0,0.0,0.0
2013-05-05 01:00:00,0.0,0.0,0.0,0.0,0.0,0.0
2013-05-05 02:00:00,0.0,0.0,0.0,0.0,0.0,0.0
2013-05-05 03:00:00,0.0,0.0,0.0,0.0,0.0,0.0
2013-05-05 04:00:00,0.013877302554620647,0.0067097655754708085,0.0324528433398547,0.010968945969641554,0.050480295287433245,0.02643390880151882
2013-05-05 05:00:00,0.12958527498285635,0.10851743767240467,0.19023400983008773,0.11758419159055988,0.20774850120096372,0.1883463021906318
2013-05-05 06:00:00,0.2783907684522163,0.24440468650179517,0.3578559045604063,0.2686541737503329,0.361795407134655,0.37036189678731607
2013-05-05 07:00:00,0.3816324522665767,0.4253618101532919,0.4839681642972956,0.3460973498533872,0.4944623052492674,0.5136895600400232
2013-05-05 08:00:00,0.5222890573710491,0.5194876196236012,0.59793966532962,0.45536161029318223,0.5853259824724123,0.6096862115284789
2013-05-05 09:00:00,0.5852720759129764,0.5594681475357446,0.6366135938321403,0.4872884871176001,0.6029254576974313,0.67198659128802
2013-05-05 10:00:00,0.59546717134596,0.5684202761191486,0.6377949031885918,0.5194561280395025,0.5840211834821477,0.6790392962870961
2013-05-05 11:00:00,0.5394868181095002,0.5303102889327838,0.5784129745505889,0.46952664539566724,0.550552659587177,0.6140640035340098
2013-05-05 12:00:00,0.4420900919976362,0.4617211662818102,0.48453781641168114,0.42108132555480254,0.46613787103021675,0.5181240172310926
2013-05-05 13:00:00,0.3258430692247303,0.3796934247254138,0.33204836161837337,0.3443710680494913,0.3529910884059457,0.3758091403043822
2013-05-05 14:00:00,0.16996711201710574,0.23509979325125563,0.1923582967505633,0.21579222337241144,0.18845460370452183,0.25743944183074985
2013-05-05 15:00:00,0.05966341158196152,0.10482481500882014,0.06482218876928776,0.08980690090301699,0.050338796631990756,0.105609576194687
2013-05-05 16:00:00,0.0014365148174414475,0.006642084087400351,0.0,0.0028160567798678243,0.0,0.002016988121795025
2013-05-05 17:00:00,0.0,0.0,0.0,0.0,0.0,0.0
2013-05-05 18:00:00,0.0,0.0,0.0,0.0,0.0,0.0
2013-05-05 19:00:00,0.0,0.0,0.0,0.0,0.0,0.0
2013-05-05 20:00:00,0.0,0.0,0.0,0.0,0.0,0.0
2013-05-05 21:00:00,0.0,0.0,0.0,0.0,0.0,0.0
2013-05-05 22:00:00,0.0,0.0,0.0,0.0,0.0,0.0
2013-05-05 23:00:00,0.0,0.0,0.0,0.0,0.0,0.0
2013-05-06 00:00:00,0.0,0.0,0.0,0.0,0.0,0.0
2013-05-06 01:00:00,0.0,0.0,0.0,0.0,0.0,0.0
2013-05-06 02:00:00,0.0,0.0,0.0,0.0,0.0,0.0
2013-05-06 03:00:00,0.0,0.0,0.0,0.0,0.0,0.0
2013-05-06 04:00:00,0.008423310527170665,0.009065649869746952,0.024721388227343075,0.007944323673316716,0.043033783243299345,0.02854882637735709
2013-05-06 05:00:00,0.08335435623295295,0.13223475084509415,0.13960754406283976,0.10403257248973198,0.18040101031483005,0.18664185868123917
2013-05-06 06:00:00,0.20280047093114145,0.3066412312547075,0.3031869020300878,0.2474119286025166,0.3478257913300566,0.3792822001061758
2013-05-06 07:00:00,0.2746797255344465,0.43045423711393366,0.3323381619433435,0.35544703750638984,0.44317384354341394,0.5041758896333985
2013-05-06 08:00:00,0.3659127384085358,0.49899357967453534,0.4613693589988838,0.4172669535400641,0.5269209810027041,0.5954526139761412
2013-05-06 09:00:00,0.4386863154150165,0.5694262803123744,0.550196726187112,0.47142032711471493,0.628558370656717,0.6739893277450502
2013-05-06 10:00:00,0.4764729802466318,0.5887560756991129,0.5558198773889543,0.4728072298550797,0.6117264010593834,0.6490691490307667
2013-05-06 11:00:00,0.41643972140622765,0.5404401209925394,0.5274370090913292,0.4520655066396383,0.5607625369670721,0.6220314872437068
2013-05-06 12:00:00,0.3985270692145876,0.45460413153022866,0.4760217703666321,0.38851036643447373,0.4938159672915598,0.5339394374525032
2013-05-06 13:00:00,0.2644820577002603,0.32587961908327817,0.31782841506277604,0.3159507957810869,0.33069475742004917,0.4080680247029242
2013-05-06 14:00:00,0.15064238309238376,0.22561130382376557,0.2028036670726826,0.19949299953979385,0.18108064919017897,0.2576661354898788
2013-05-06 15:00:00,0.05409644499091346,0.09823966385640964,0.06675462108578209,0.07616894708845173,0.043433443830829144,0.10429082772191259
2013-05-06 16:00:00,0.0006050423220984528,0.005962204183378316,0.0,0.0022863009827001207,0.0,0.0022897323738696952
2013-05-06 17:00:00,0.0,0.0,0.0,0.0,0.0,0.0
2013-05-06 18:00:00,0.0,0.0,0.0,0.0,0.0,0.0
2013-05-06 19:00:00,0.0,0.0,0.0,0.0,0.0,0.0
2013-05-06 20:00:00,0.0,0.0,0.0,0.0,0.0,0.0
2013-05-06 21:00:00,0.0,0.0,0.0,0.0,0.0,0.0
2013-05-06 22:00:00,0.0,0.0,0.0,0.0,0.0,0.0
2013-05-06 23:00:00,0.0,0.0,0.0,0.0,0.0,0.0
2013-05-07 00:00:00,0.0,0.0,0.0,0.0,0.0,0.0
2013-05-07 01:00:00,0.0,0.0,0.0,0.0,0.0,0.0
2013-05-07 02:00:00,0.0,0.0,0.0,0.0,0.0,0.0
2013-05-07 03:00:00,0.0,0.0,0.0,0.0,0.0,0.0
2013-05-07 04:00:00,0.017897717329407342,0.010233909119277573,0.031821167691616435,0.0072683487476362515,0.025752423432900077,0.03089517487223113
2013-05-07 05:00:00,0.17278540588697422,0.15363643062336996,0.18795652460360016,0.07974752399592457,0.13468847391177524,0.2018012673890949
2013-05-07 06:00:00,0.3587761326419033,0.34514893957875514,0.35318718074886246,0.17616592382958823,0.26039828060852893,0.39075620458925464
2013-05-07 07:00:00,0.5178217654015573,0.49447317473090463,0.4817951316710595,0.2845282660179028,0.32177602078140954,0.537179583167227
2013-05-07 08:00:00,0.5928007369921803,0.5837000036549767,0.5943332631909958,0.3645660718840564,0.43620220970433043,0.6274280310306926
2013-05-07 09:00:00,0.6250690708469908,0.6402525326043061,0.6539965479325955,0.43787958023222767,0.509058824203457,0.6501447645880937
2013-05-07 10:00:00,0.5738461300296053,0.6120823872549047,0.6426043467029301,0.4587001142559794,0.560850504398555,0.6696251830784813
2013-05-07 11:00:00,0.5244093163670864,0.5899036761424626,0.6009188053670295,0.4653249395992157,0.5473521672714813,0.6174814043226414
2013-05-07 12:00:00,0.38571465450949394,0.48621732889001296,0.48003615915225456,0.40419948224329466,0.4367991845612559,0.5332881094793513
2013-05-07 13:00:00,0.2654662049595957,0.3978085314309053,0.3508079695407094,0.3253552843497203,0.33659842827498154,0.4164735131162977
2013-05-07 14:00:00,0.13524730908136903,0.2536530482181042,0.20490509602167267,0.19908613002259645,0.18819731637253137,0.28096974282858345
2013-05-07 15:00:00,0.04661753481567675,0.11255254991196996,0.06186611858733087,0.07866059838206504,0.04624088581146632,0.11030229034654325
2013-05-07 16:00:00,0.0016466884367425177,0.007901098952564061,0.0,0.0022881649394191103,0.0,0.002298320142880789
2013-05-07 17:00:00,0.0,0.0,0.0,0.0,0.0,0.0
2013-05-07 18:00:00,0.0,0.0,0.0,0.0,0.0,0.0
2013-05-07 19:00:00,0.0,0.0,0.0,0.0,0.0,0.0
2013-05-07 20:00:00,0.0,0.0,0.0,0.0,0.0,0.0
2013-05-07 21:00:00,0.0,0.0,0.0,0.0,0.0,0.0
2013-05-07 22:00:00,0.0,0.0,0.0,0.0,0.0,0.0
2013-05-07 23:00:00,0.0,0.0,0.0,0.0,0.0,0.0
2013-05-08 00:00:00,0.0,0.0,0.0,0.0,0.0,0.0
2013-05-08 01:00:00,0.0,0.0,0.0,0.0,0.0,0.0
2013-05-08 02:00:00,0.0,0.0,0.0,0.0,0.0,0.0
2013-05-08 03:00:00,0.0,0.0,0.0,0.0,0.0,0.0
2013-05-08 04:00:00,0.01757998844226714,0.010714207213239868,0.032834632420950235,0.010351414170569218,0.04193355600868633,0.030269915164961376
2013-05-08 05:00:00,0.15943683866047326,0.15899783757784916,0.1868590174382069,0.1289087501955052,0.18861809799703944,0.19959489124018476
2013-05-08 06:00:00,0.3582958191192674,0.3575766033430226,0.3698772687974409,0.3098550160854005,0.3519850669656851,0.38508260257005733
2013-05-08 07:00:00,0.5271181028833059,0.5119942129515903,0.4878235098583287,0.41116197924785236,0.48467918428264717,0.529881746567978
2013-05-08 08:00:00,0.6043606567481398,0.5876777518108455,0.5954908273719466,0.5040393060501656,0.5787125203087129,0.6206570782664664
2013-05-08 09:00:00,0.6331260880011954,0.6112612302779019,0.6219025171263095,0.5887523599983501,0.6137902640222138,0.6555169946597592
2013-05-08 10:00:00,0.6105076136470318,0.6239850789566601,0.6271412509625114,0.5814642326876742,0.6052799472257779,0.6470010039307486
2013-05-08 11:00:00,0.5747043018668517,0.5884901069064937,0.5706787596418968,0.5429326353470887,0.5815447009882889,0.6071197870708718
2013-05-08 12:00:00,0.45959580925828203,0.5438039670214483,0.4725798571656455,0.46004198138854313,0.496388874398724,0.5366997488508245
2013-05-08 13:00:00,0.3279113614265095,0.4038570626219807,0.37069749594589885,0.3362689780716129,0.3781682631649062,0.42702465872210416
2013-05-08 14:00:00,0.19609495918267866,0.2828749076755523,0.21933931745995314,0.20496118411164013,0.20743504982577107,0.2787796864944864
2013-05-08 15:00:00,0.06891602669159423,0.122910333072007,0.0736083451281084,0.07751546576816691,0.04922948332457067,0.11371011072353282
2013-05-08 16:00:00,0.001918601034407344,0.007822576691484326,0.0,0.0025284458879864125,0.0,0.002414288147615859
2013-05-08 17:00:00,0.0,0.0,0.0,0.0,0.0,0.0
2013-05-08 18:00:00,0.0,0.0,0.0,0.0,0.0,0.0
2013-05-08 19:00:00,0.0,0.0,0.0,0.0,0.0,0.0
2013-05-08 20:00:00,0.0,0.0,0.0,0.0,0.0,0.0
2013-05-08 21:00:00,0.0,0.0,0.0,0.0,0.0,0.0
2013-05-08 22:00:00,0.0,0.0,0.0,0.0,0.0,0.0
2013-05-08 23:00:00,0.0,0.0,0.0,0.0,0.0,0.0
2013-05-09 00:00:00,0.0,0.0,0.0,0.0,0.0,0.0
2013-05-09 01:00:00,0.0,0.0,0.0,0.0,0.0,0.0
2013-05-09 02:00:00,0.0,0.0,0.0,0.0,0.0,0.0
2013-05-09 03:00:00,0.0,0.0,0.0,0.0,0.0,0.0
2013-05-09 04:00:00,0.016889914402233457,0.009627452429564112,0.03324047347627643,0.010612970121728002,0.046970915587304256,0.029654905890871233
2013-05-09 05:00:00,0.1616109915155356,0.14656531163474934,0.1907882882833682,0.12238619129645836,0.19070518233296394,0.18659932455971306
2013-05-09 06:00:00,0.34169245399752196,0.3336047734270292,0.36892168922035873,0.27105902284977434,0.3556181594364169,0.38041195416865314
2013-05-09 07:00:00,0.5029677699104081,0.49692685304295037,0.5017548612784628,0.394975246382629,0.48963206773368617,0.5283178551760093
2013-05-09 08:00:00,0.6064816212305497,0.5949419227009136,0.5895076314239134,0.5157496384736693,0.5433504810357824,0.6148622721644522
2013-05-09 09:00:00,0.6218088431305416,0.6120934589352182,0.6508725551188927,0.5846238678093595,0.5985889031343505,0.6344337325013654
2013-05-09 10:00:00,0.6006617109478549,0.587477094210716,0.6541898649716286,0.5947119422492665,0.6375977065919717,0.6166038106075699
2013-05-09 11:00:00,0.550759365882329,0.5700081745727386,0.54914363369576,0.5503868010437929,0.5821868323380692,0.546848681068177
2013-05-09 12:00:00,0.43909931722110984,0.4735871024051843,0.4819869462907642,0.4490916102101262,0.5059650907001958,0.5148633660140021
2013-05-09 13:00:00,0.37351055295100366,0.37844684720778815,0.36908091965257717,0.3648892527013039,0.3818473441625463,0.3943051099308055
2013-05-09 14:00:00,0.23303428419243724,0.24745008851464004,0.20602942604922295,0.22457256790142469,0.21696258488241088,0.2475367301447796
2013-05-09 15:00:00,0.07744462906882084,0.10416296818017833,0.06269267240324568,0.0808523286333709,0.04941795972651214,0.09538917905165126
2013-05-09 16:00:00,0.0012867714685678758,0.006751140433389834,0.0,0.001652637419544,0.0,0.0022856533907998373
2013-05-09 17:00:00,0.0,0.0,0.0,0.0,0.0,0.0
2013-05-09 18:00:00,0.0,0.0,0.0,0.0,0.0,0.0
2013-05-09 19:00:00,0.0,0.0,0.0,0.0,0.0,0.0
2013-05-09 20:00:00,0.0,0.0,0.0,0.0,0.0,0.0
2013-05-09 21:00:00,0.0,0.0,0.0,0.0,0.0,0.0
2013-05-09 22:00:00,0.0,0.0,0.0,0.0,0.0,0.0
2013-05-09 23:00:00,0.0,0.0,0.0,0.0,0.0,0.0
2013-05-10 00:00:00,0.0,0.0,0.0,0.0,0.0,0.0
2013-05-10 01:00:00,0.0,0.0,0.0,0.0,0.0,0.0
2013-05-10 02:00:00,0.0,0.0,0.0,0.0,0.0,0.0
2013-05-10 03:00:00,0.0,0.0,0.0,0.0,0.0,0.0
2013-05-10 04:00:00,0.017816223784681815,0.011028093563161008,0.03283864520335923,0.009345404702461481,0.04965646309516863,0.031014892254602675
2013-05-10 05:00:00,0.15920596394470918,0.14312251690504044,0.18378134350991376,0.09477857275851582,0.2115439067682739,0.19860736818188057
2013-05-10 06:00:00,0.3525944585273853,0.33669857417602556,0.3719292564287789,0.23874991937317622,0.36623870245492535,0.3873413262867778
2013-05-10 07:00:00,0.5205589701034529,0.49740090040672125,0.5093141752816799,0.3983526162980489,0.501381066252285,0.5379316494491908
2013-05-10 08:00:00,0.5981764443256122,0.5540307881961462,0.5969203776943837,0.5039003479231116,0.5881870557817735,0.6184834500547249
2013-05-10 09:00:00,0.6476846371218943,0.6085840691592703,0.6410578206213522,0.5769167884724568,0.6038987383499775,0.6131015836274875
2013-05-10 10:00:00,0.6342390508972374,0.5984566417142716,0.6450214791151158,0.5962561162982497,0.6239843668182373,0.6092884347961934
2013-05-10 11:00:00,0.5821658256243123,0.5343404678973481,0.6054898401292337,0.5502459884412979,0.5672048311602446,0.5734149418247766
2013-05-10 12:00:00,0.5039161902976599,0.49103233819669695,0.5335365561429316,0.4832728913164663,0.48560823215459026,0.5151326055730036
2013-05-10 13:00:00,0.3900765419573693,0.38751324654203106,0.4221376141775862,0.3784438356304707,0.3783497165704747,0.4165659403270044
2013-05-10 14:00:00,0.24853932370050494,0.24522602556760856,0.2644123699574678,0.23034255782638433,0.21562487120368926,0.2521070701919161
2013-05-10 15:00:00,0.09118527093015953,0.10271835861630711,0.08889192005106886,0.09249441060615665,0.05613615440115765,0.10705500020651354
2013-05-10 16:00:00,0.0011899583319662837,0.006462662606909854,0.0,0.0023335741238206626,0.0,0.0023015465095639212
2013-05-10 17:00:00,0.0,0.0,0.0,0.0,0.0,0.0
2013-05-10 18:00:00,0.0,0.0,0.0,0.0,0.0,0.0
2013-05-10 19:00:00,0.0,0.0,0.0,0.0,0.0,0.0
2013-05-10 20:00:00,0.0,0.0,0.0,0.0,0.0,0.0
2013-05-10 21:00:00,0.0,0.0,0.0,0.0,0.0,0.0
2013-05-10 22:00:00,0.0,0.0,0.0,0.0,0.0,0.0
2013-05-10 23:00:00,0.0,0.0,0.0,0.0,0.0,0.0
2013-05-11 00:00:00,0.0,0.0,0.0,0.0,0.0,0.0
2013-05-11 01:00:00,0.0,0.0,0.0,0.0,0.0,0.0
2013-05-11 02:00:00,0.0,0.0,0.0,0.0,0.0,0.0
2013-05-11 03:00:00,0.0,0.0,0.0,0.0,0.0,0.0
2013-05-11 04:00:00,0.01648094721586369,0.008139254268312005,0.033725627741045976,0.011317586462128564,0.056225756864894824,0.026201260157639794
2013-05-11 05:00:00,0.15637266929841462,0.12444124696784607,0.19376002963770877,0.12129310771219513,0.22623225927696264,0.1690860887899082
2013-05-11 06:00:00,0.331386224213924,0.29093599474389775,0.35430989828847065,0.2851538117319138,0.3878279976989559,0.34280604236964807
2013-05-11 07:00:00,0.4845883608622245,0.4396412578949512,0.5094970906144765,0.44966754810138404,0.5140821272365281,0.4968490919555456
2013-05-11 08:00:00,0.5501187547810723,0.536741183167836,0.6064415653295544,0.5522201704456894,0.608785414993419,0.5898199338431415
2013-05-11 09:00:00,0.5759271975902094,0.5590119902375146,0.6390687959223033,0.5973379765373912,0.6622905525210907,0.6166922273631491
2013-05-11 10:00:00,0.6016048887138432,0.5709433040047324,0.5920752077228676,0.5822156919885734,0.6466270751848151,0.6047818988127458
2013-05-11 11:00:00,0.5815743557797874,0.5543811803720213,0.5419798089088071,0.5663896197946344,0.5757719137698228,0.5364771341151179
2013-05-11 12:00:00,0.47891411918995697,0.4607772435800172,0.4184649677762914,0.48055088689449993,0.46945109396746837,0.4831410656646729
2013-05-11 13:00:00,0.37329410499235216,0.36989281050133094,0.3165774160613757,0.3585280312883158,0.33752752180363,0.37269621264483216
2013-05-11 14:00:00,0.24775519882101732,0.23146134287453893,0.18588930351231006,0.21381816041297547,0.19435787512011718,0.22037443248441502
2013-05-11 15:00:00,0.08253507164747335,0.08560493941037109,0.059335318639513544,0.08109926957160907,0.04303186338749352,0.08144606501744198
2013-05-11 16:00:00,0.001355183633895824,0.005934958771515588,0.0,0.002090422148221089,0.0,0.0015982176486501638
2013-05-11 17:00:00,0.0,0.0,0.0,0.0,0.0,0.0
2013-05-11 18:00:00,0.0,0.0,0.0,0.0,0.0,0.0
2013-05-11 19:00:00,0.0,0.0,0.0,0.0,0.0,0.0
2013-05-11 20:00:00,0.0,0.0,0.0,0.0,0.0,0.0
2013-05-11 21:00:00,0.0,0.0,0.0,0.0,0.0,0.0
2013-05-11 22:00:00,0.0,0.0,0.0,0.0,0.0,0.0
2013-05-11 23:00:00,0.0,0.0,0.0,0.0,0.0,0.0
2013-05-12 00:00:00,0.0,0.0,0.0,0.0,0.0,0.0
2013-05-12 01:00:00,0.0,0.0,0.0,0.0,0.0,0.0
2013-05-12 02:00:00,0.0,0.0,0.0,0.0,0.0,0.0
2013-05-12 03:00:00,0.0,0.0,0.0,0.0,0.0,0.0
2013-05-12 04:00:00,0.01618816333501236,0.008833926106286786,0.03390009206264674,0.010157684173475057,0.046321758627509695,0.029040617485552058
2013-05-12 05:00:00,0.14492908765209475,0.12266218994418418,0.18637588480688,0.11742999133149376,0.18311995171154893,0.17561858700530966
2013-05-12 06:00:00,0.3110184127771939,0.2882683484652252,0.37252060644142243,0.2713960489784456,0.3403847599527387,0.35802333576014556
2013-05-12 07:00:00,0.45835802283882676,0.4523640791051668,0.4870738868921751,0.3868409544975674,0.48100166332950545,0.5264458185078904
2013-05-12 08:00:00,0.5534451123779333,0.5552085677676127,0.5981423249616147,0.49611498660971254,0.571647164142288,0.6133311336088443
2013-05-12 09:00:00,0.6099247808989413,0.6227359126030171,0.6487919033772681,0.5953067928620134,0.6335677213562145,0.6605958838359126
2013-05-12 10:00:00,0.5623114273714931,0.6197211182977167,0.6012612827902007,0.5774028533940405,0.6296221410224389,0.6436530973321744
2013-05-12 11:00:00,0.5828905621196744,0.5845398639541776,0.5704190929607296,0.5721809315131415,0.57835549030928,0.62757105933505
2013-05-12 12:00:00,0.48042801236264815,0.4934632585709004,0.5081922173233416,0.4840854317161723,0.49635003582807996,0.5495919534794492
2013-05-12 13:00:00,0.37593473907812525,0.36190343174788014,0.38981584509485334,0.37471279150855213,0.3663792573954625,0.4009163270292315
2013-05-12 14:00:00,0.2216391334693622,0.20241059715206186,0.2387206088344089,0.24681335907430701,0.19702918657953045,0.24514944295868027
2013-05-12 15:00:00,0.0841315094702784,0.08491031223097185,0.08169510304121881,0.08943628483671512,0.049598468870405504,0.09892888342288304
2013-05-12 16:00:00,0.002385336557234294,0.005999791517128467,0.0,0.003014375255468423,0.0,0.002003256032131855
2013-05-12 17:00:00,0.0,0.0,0.0,0.0,0.0,0.0
2013-05-12 18:00:00,0.0,0.0,0.0,0.0,0.0,0.0
2013-05-12 19:00:00,0.0,0.0,0.0,0.0,0.0,0.0
2013-05-12 20:00:00,0.0,0.0,0.0,0.0,0.0,0.0
2013-05-12 21:00:00,0.0,0.0,0.0,0.0,0.0,0.0
2013-05-12 22:00:00,0.0,0.0,0.0,0.0,0.0,0.0
2013-05-12 23:00:00,0.0,0.0,0.0,0.0,0.0,0.0
2013-05-13 00:00:00,0.0,0.0,0.0,0.0,0.0,0.0
2013-05-13 01:00:00,0.0,0.0,0.0,0.0,0.0,0.0
2013-05-13 02:00:00,0.0,0.0,0.0,0.0,0.0,0.0
2013-05-13 03:00:00,0.0,0.0,0.0,0.0,0.0,0.0
2013-05-13 04:00:00,0.018627683442694283,0.009868858580119589,0.03530088442084283,0.010995079033545952,0.04640863951280883,0.030049309835805695
2013-05-13 05:00:00,0.17238361458540347,0.1403047117159024,0.19308791694903024,0.13171375670716753,0.18950661558148604,0.18775791505578646
2013-05-13 06:00:00,0.3738686025293291,0.321577707617164,0.37153050505027746,0.313206698141199,0.35205309833513243,0.37554945131118306
2013-05-13 07:00:00,0.4620587790362127,0.40197630377073085,0.5090745398043685,0.4212468442629403,0.4744160860908214,0.5028810992926173
2013-05-13 08:00:00,0.5175613494192179,0.46852204857463375,0.5772885439941201,0.5112579237582202,0.5716466989336125,0.5929305985895883
2013-05-13 09:00:00,0.5526352623023648,0.5184931215254227,0.6130070063979791,0.5411552119573979,0.6290116872202159,0.6133028805776366
2013-05-13 10:00:00,0.5734598504505211,0.5577217432497673,0.5876166488809552,0.59058283792716,0.6134274303480628,0.6140817363076913
2013-05-13 11:00:00,0.5577689338004985,0.5338200090219319,0.5745766449475246,0.5487318216603979,0.5652758169291552,0.5823291893291336
2013-05-13 12:00:00,0.48300369437954016,0.44546191107818656,0.48084890961349097,0.4658482386500819,0.4791402766052342,0.48923702404904146
2013-05-13 13:00:00,0.3878497125484468,0.3237858266925119,0.3826126198254088,0.371240588755879,0.3582755568726458,0.35827410612450883
2013-05-13 14:00:00,0.2469432867195654,0.19871755231533061,0.24089492379274932,0.23679856725552564,0.20031610363545777,0.22723247997158907
2013-05-13 15:00:00,0.08101186788193564,0.07794270943429984,0.08072291687950148,0.0860787683346349,0.05278530491527793,0.08193813103578797
2013-05-13 16:00:00,0.0013882253630558019,0.005285567370970105,0.0,0.002502090614814393,0.0,0.0009419506967150675
2013-05-13 17:00:00,0.0,0.0,0.0,0.0,0.0,0.0
2013-05-13 18:00:00,0.0,0.0,0.0,0.0,0.0,0.0
2013-05-13 19:00:00,0.0,0.0,0.0,0.0,0.0,0.0
2013-05-13 20:00:00,0.0,0.0,0.0,0.0,0.0,0.0
2013-05-13 21:00:00,0.0,0.0,0.0,0.0,0.0,0.0
2013-05-13 22:00:00,0.0,0.0,0.0,0.0,0.0,0.0
2013-05-13 23:00:00,0.0,0.0,0.0,0.0,0.0,0.0
2013-05-14 00:00:00,0.0,0.0,0.0,0.0,0.0,0.0
2013-05-14 01:00:00,0.0,0.0,0.0,0.0,0.0,0.0
2013-05-14 02:00:00,0.0,0.0,0.0,0.0,0.0,0.0
2013-05-14 03:00:00,0.0,0.0,0.0,0.0,0.0,0.0
2013-05-14 04:00:00,0.015564318453430403,0.010148043521494626,0.03590690609962551,0.011821952552642059,0.057927190056417596,0.02998895803861255
2013-05-14 05:00:00,0.14164633016001502,0.1320346300574302,0.19401039891455166,0.1160331733274017,0.23202829796527624,0.18406243589541862
2013-05-14 06:00:00,0.3140603813864042,0.3081494105789462,0.3770477163859373,0.2614157797379895,0.41447581724973753,0.3708998446935404
2013-05-14 07:00:00,0.45406545038263285,0.471545094945783,0.5066240833662837,0.37174839585571817,0.5536507610552793,0.5253808743743672
2013-05-14 08:00:00,0.5434513155668775,0.5725196129660918,0.5890472673024798,0.470781917801558,0.6365246635231868,0.6065869310927061
2013-05-14 09:00:00,0.5868727602848288,0.6377508808189342,0.5752774931854837,0.544802692581324,0.6558672515674707,0.6362352719112764
2013-05-14 10:00:00,0.5653981817324178,0.6043310117233615,0.5402598883552474,0.5694121878409965,0.5957287073057411,0.6378053009877435
2013-05-14 11:00:00,0.5828016109503878,0.6064681472028532,0.5440602817100881,0.5586598201445299,0.5459485208553437,0.5905230440416624
2013-05-14 12:00:00,0.4828585728550856,0.5024226934858694,0.47350243749630117,0.4649616810233029,0.4485949210669987,0.5138801563145757
2013-05-14 13:00:00,0.36382711594481904,0.35467430299193176,0.3373331896361126,0.35851561074024063,0.31725894961817414,0.37308202128616164
2013-05-14 14:00:00,0.25931556634749486,0.24617471746855188,0.2303373638837878,0.24302246383732426,0.19375804064665023,0.2384774646614344
2013-05-14 15:00:00,0.08801408250889607,0.09233087085974231,0.06205397911648059,0.09089536786204522,0.04941392790822616,0.07490711492575171
2013-05-14 16:00:00,0.001985406932863803,0.006387573852156676,0.0,0.0026438393248006857,0.0,0.0022667564404782203
2013-05-14 17:00:00,0.0,0.0,0.0,0.0,0.0,0.0
2013-05-14 18:00:00,0.0,0.0,0.0,0.0,0.0,0.0
2013-05-14 19:00:00,0.0,0.0,0.0,0.0,0.0,0.0
2013-05-14 20:00:00,0.0,0.0,0.0,0.0,0.0,0.0
2013-05-14 21:00:00,0.0,0.0,0.0,0.0,0.0,0.0
2013-05-14 22:00:00,0.0,0.0,0.0,0.0,0.0,0.0
2013-05-14 23:00:00,0.0,0.0,0.0,0.0,0.0,0.0
2013-05-15 00:00:00,0.0,0.0,0.0,0.0,0.0,0.0
2013-05-15 01:00:00,0.0,0.0,0.0,0.0,0.0,0.0
2013-05-15 02:00:00,0.0,0.0,0.0,0.0,0.0,0.0
2013-05-15 03:00:00,0.0,0.0,0.0,0.0,0.0,0.0
2013-05-15 04:00:00,0.016898578132605882,0.01013417357355359,0.03707394222234977,0.011406645858277848,0.06039985972471856,0.03168366773407099
2013-05-15 05:00:00,0.16408838192738262,0.1430737275718328,0.2007500335101523,0.1329064881115071,0.2408678337985715,0.1946467340139882
2013-05-15 06:00:00,0.34431348532281125,0.320041876325709,0.38717696491346165,0.29143137142418574,0.4215807022300225,0.3759038216795623
2013-05-15 07:00:00,0.48835196508811934,0.4285607389943566,0.5178535976403478,0.4268447303779781,0.548597559551912,0.5386991963838966
2013-05-15 08:00:00,0.5625439499595347,0.5300258849649916,0.6053023137094988,0.4867608566869001,0.6292185164866595,0.6316394677126372
2013-05-15 09:00:00,0.6397434649672751,0.6257350382006268,0.6253788074812631,0.5611855456166966,0.6403474195198597,0.6742898945670447
2013-05-15 10:00:00,0.6043956435103758,0.6210748855810738,0.6265818751425836,0.5529038600309175,0.5877118909693866,0.6773569603124185
2013-05-15 11:00:00,0.5943742373852121,0.5712969737763306,0.6040661720815852,0.5357733002592548,0.5322773181890863,0.6147090909631102
2013-05-15 12:00:00,0.49782905961545476,0.4660820960102632,0.5325103803112031,0.4591344781245542,0.43447130430936604,0.54793995426295
2013-05-15 13:00:00,0.38774643983835555,0.36741058583124914,0.40847087677743876,0.34079906303858976,0.3211317193277543,0.4242489212035765
2013-05-15 14:00:00,0.22473895515844158,0.18779549749052768,0.254485753326459,0.21638876125793344,0.18780623197171212,0.26095723556975
2013-05-15 15:00:00,0.09122275477604289,0.08731285301608567,0.08522150899209174,0.08838623288706826,0.050580764581099086,0.09984330676029302
2013-05-15 16:00:00,0.0013124817579152255,0.005089770836931976,0.0,0.002859213081741256,0.0,0.0021802508992950134
2013-05-15 17:00:00,0.0,0.0,0.0,0.0,0.0,0.0
2013-05-15 18:00:00,0.0,0.0,0.0,0.0,0.0,0.0
2013-05-15 19:00:00,0.0,0.0,0.0,0.0,0.0,0.0
2013-05-15 20:00:00,0.0,0.0,0.0,0.0,0.0,0.0
2013-05-15 21:00:00,0.0,0.0,0.0,0.0,0.0,0.0
2013-05-15 22:00:00,0.0,0.0,0.0,0.0,0.0,0.0
2013-05-15 23:00:00,0.0,0.0,0.0,0.0,0.0,0.0
2013-05-16 00:00:00,0.0,0.0,0.0,0.0,0.0,0.0
2013-05-16 01:00:00,0.0,0.0,0.0,0.0,0.0,0.0
2013-05-16 02:00:00,0.0,0.0,0.0,0.0,0.0,0.0
2013-05-16 03:00:00,0.0,0.0,0.0,0.0,0.0,0.0
2013-05-16 04:00:00,0.020268791919392962,0.01140364198156262,0.04029580791742897,0.01416615646767646,0.06053657797060507,0.03201513317273519
2013-05-16 05:00:00,0.17748691302201328,0.13303950668270653,0.20975500491193697,0.14238942233776294,0.239166509575437,0.19353603637329958
2013-05-16 06:00:00,0.36753654830455323,0.30262036251529456,0.3939527421846114,0.3200970292989897,0.42172430002937494,0.38090515573607864
2013-05-16 07:00:00,0.5349682687911916,0.4944851088887185,0.5347788515165888,0.47754091065571025,0.5607509293912053,0.5291493443968374
2013-05-16 08:00:00,0.6219781181669215,0.5947930660894175,0.624528168647729,0.5690137162680795,0.6500602581934093,0.6351228209130049
2013-05-16 09:00:00,0.6819899171642824,0.6696645082528349,0.6484004211234695,0.5873503470909243,0.681154895422833,0.6835076402510522
2013-05-16 10:00:00,0.6618729159056516,0.6614259144476113,0.6508561387300416,0.5680628800093955,0.6628324186022815,0.6932366443608863
2013-05-16 11:00:00,0.6097834831857578,0.5788969835364632,0.5870338199622062,0.5401182778032741,0.5966737045454941,0.6520825305016738
2013-05-16 12:00:00,0.5426757575177299,0.5041536079388795,0.5033174378466722,0.4599910317945122,0.4726046795541437,0.5678672241153013
2013-05-16 13:00:00,0.4213718743215703,0.3816501135826689,0.3780696275881967,0.3550778248532983,0.3415020977066481,0.44179007684876004
2013-05-16 14:00:00,0.2644353670775691,0.24900787661754994,0.25555551432560175,0.2145292280398809,0.2041483020391128,0.27861458658607424
2013-05-16 15:00:00,0.1008545977934099,0.103645149995669,0.0846746399743599,0.0918098574293789,0.051901923568556566,0.10543471548718868
2013-05-16 16:00:00,0.0019463772179095357,0.007394170949395908,0.0,0.002088848323708665,0.0,0.002777508582074911
2013-05-16 17:00:00,0.0,0.0,0.0,0.0,0.0,0.0
2013-05-16 18:00:00,0.0,0.0,0.0,0.0,0.0,0.0
2013-05-16 19:00:00,0.0,0.0,0.0,0.0,0.0,0.0
2013-05-16 20:00:00,0.0,0.0,0.0,0.0,0.0,0.0
2013-05-16 21:00:00,0.0,0.0,0.0,0.0,0.0,0.0
2013-05-16 22:00:00,0.0,0.0,0.0,0.0,0.0,0.0
2013-05-16 23:00:00,0.0,0.0,0.0,0.0,0.0,0.0
2013-05-17 00:00:00,0.0,0.0,0.0,0.0,0.0,0.0
2013-05-17 01:00:00,0.0,0.0,0.0,0.0,0.0,0.0
2013-05-17 02:00:00,0.0,0.0,0.0,0.0,0.0,0.0
2013-05-17 03:00:00,0.0,0.0,0.0,0.0,0.0,0.0
2013-05-17 04:00:00,0.019764963462297065,0.010986610501442956,0.038458941755218724,0.012319535654513858,0.05666999223755979,0.03186265413778746
2013-05-17 05:00:00,0.18183567868471678,0.14872909306712834,0.20754394417545016,0.12947975054052807,0.22382988722928193,0.1989225224306128
2013-05-17 06:00:00,0.3773806176914989,0.32403625582595263,0.3949044095607256,0.29829936998278545,0.38601431514817225,0.38808351418835974
2013-05-17 07:00:00,0.5402330795644246,0.4928098284423368,0.5344917888293556,0.4443698372446691,0.4985023532055781,0.5412096728238743
2013-05-17 08:00:00,0.6253464016840972,0.5802826644000811,0.6141411983787025,0.5231906429321302,0.5413396288675384,0.6407990081236684
2013-05-17 09:00:00,0.6648100870552817,0.6397953980762399,0.6187744451953713,0.5717321831732008,0.5638166783436537,0.6926832334629991
2013-05-17 10:00:00,0.6401337596422337,0.6366004271145065,0.6064872818478747,0.5588102576827273,0.5688117447865774,0.6969788100675749
2013-05-17 11:00:00,0.595768390624756,0.5982794288956874,0.5815623503690674,0.5383970810408583,0.542523299803035,0.6533449164275497
2013-05-17 12:00:00,0.5209622950860525,0.5497558971947976,0.5142377925670559,0.4808753542307971,0.47899140836333226,0.5708409353545394
2013-05-17 13:00:00,0.39237259823645293,0.40465701375192253,0.3790373708622581,0.363005228617033,0.33860992366445614,0.44285099620858376
2013-05-17 14:00:00,0.2646639128198406,0.278621291537546,0.24297182091473996,0.2430814094529334,0.1974375653859386,0.2916819067523365
2013-05-17 15:00:00,0.10889029250080612,0.12569877859425718,0.08244133565112782,0.10106621463471849,0.05178829739024759,0.11364222954646563
2013-05-17 16:00:00,0.0022898633709854347,0.007837002318728999,0.0,0.002670645506022882,0.0,0.003399586630162613
2013-05-17 17:00:00,0.0,0.0,0.0,0.0,0.0,0.0
2013-05-17 18:00:00,0.0,0.0,0.0,0.0,0.0,0.0
2013-05-17 19:00:00,0.0,0.0,0.0,0.0,0.0,0.0
2013-05-17 20:00:00,0.0,0.0,0.0,0.0,0.0,0.0
2013-05-17 21:00:00,0.0,0.0,0.0,0.0,0.0,0.0
2013-05-17 22:00:00,0.0,0.0,0.0,0.0,0.0,0.0
2013-05-17 23:00:00,0.0,0.0,0.0,0.0,0.0,0.0
2013-05-18 00:00:00,0.0,0.0,0.0,0.0,0.0,0.0
2013-05-18 01:00:00,0.0,0.0,0.0,0.0,0.0,0.0
2013-05-18 02:00:00,0.0,0.0,0.0,0.0,0.0,0.0
2013-05-18 03:00:00,0.0,0.0,0.0,0.0,0.0,0.0
2013-05-18 04:00:00,0.019480295243896238,0.01085038304388096,0.03882353680527108,0.012739771318060719,0.05927975165874893,0.03165178948148506
2013-05-18 05:00:00,0.17840675480860352,0.14471605113069388,0.20618713325610685,0.14286052138258884,0.2352890539778189,0.19096419631944384
2013-05-18 06:00:00,0.3741278189658133,0.3305096993889947,0.3925263161084937,0.30963425108794246,0.410702112918457,0.379536253502742
2013-05-18 07:00:00,0.5255321356651947,0.49004990076341703,0.5379794750200909,0.44040831929028845,0.5345669034538385,0.5316728453429895
2013-05-18 08:00:00,0.6319556088524153,0.5882824179134276,0.6375452696867994,0.5289020482423653,0.6190194361672938,0.6354487346650801
2013-05-18 09:00:00,0.6452644741895993,0.6173612339238891,0.6703738323531545,0.5303930970612486,0.642403222188329,0.6742287865186352
2013-05-18 10:00:00,0.6499014853306443,0.6276729732098276,0.6508436679738638,0.5438736262014823,0.6192317434081175,0.6662958112348314
2013-05-18 11:00:00,0.578090170207892,0.5847407056612309,0.6025166412149189,0.5123833529647379,0.5567070562340508,0.6306386754842341
2013-05-18 12:00:00,0.5275881841360044,0.5394047469168286,0.5107078647882773,0.4928627551284158,0.4625700396925521,0.5587864425697995
2013-05-18 13:00:00,0.4016627487563317,0.4222471529827733,0.39009878131401665,0.3789615279407428,0.34330165706027077,0.41266491824737095
2013-05-18 14:00:00,0.2670623218612883,0.2841422991698262,0.24458439985586083,0.2426454972232504,0.20038624426947832,0.2686017385364743
2013-05-18 15:00:00,0.10747306618708145,0.11682056467790022,0.08260494687241804,0.09219388730882407,0.05291916471630326,0.10245443955152499
2013-05-18 16:00:00,0.0024835013511690196,0.007615260937472596,0.0,0.0024551259069543977,0.0,0.0028074612738504877
2013-05-18 17:00:00,0.0,0.0,0.0,0.0,0.0,0.0
2013-05-18 18:00:00,0.0,0.0,0.0,0.0,0.0,0.0
2013-05-18 19:00:00,0.0,0.0,0.0,0.0,0.0,0.0
2013-05-18 20:00:00,0.0,0.0,0.0,0.0,0.0,0.0
2013-05-18 21:00:00,0.0,0.0,0.0,0.0,0.0,0.0
2013-05-18 22:00:00,0.0,0.0,0.0,0.0,0.0,0.0
2013-05-18 23:00:00,0.0,0.0,0.0,0.0,0.0,0.0
2013-05-19 00:00:00,0.0,0.0,0.0,0.0,0.0,0.0
2013-05-19 01:00:00,0.0,0.0,0.0,0.0,0.0,0.0
2013-05-19 02:00:00,0.0,0.0,0.0,0.0,0.0,0.0
2013-05-19 03:00:00,0.0,0.0,0.0,0.0,0.0,0.0
2013-05-19 04:00:00,0.01851898573332755,0.010090548804196483,0.03861923571633441,0.011786760132252399,0.055034521887980796,0.03146627969369341
2013-05-19 05:00:00,0.16421600268644124,0.13927043301544673,0.20320220073139006,0.13843153478117315,0.2178011419595264,0.1935245658269765
2013-05-19 06:00:00,0.34725916650494293,0.31986591778041384,0.39112934430337093,0.2898731688790536,0.39043807585796503,0.37818527678762376
2013-05-19 07:00:00,0.5163667545704811,0.45811317215488195,0.5220910337045028,0.4276750106655583,0.5058611217546211,0.5298168363837419
2013-05-19 08:00:00,0.5883767914801692,0.5573592183246138,0.6073063893502202,0.5295418014786402,0.5617255327874341,0.6047325761677363
2013-05-19 09:00:00,0.6394955250933385,0.6150864740401396,0.6392454702295202,0.5691967332130222,0.5791325693253767,0.636939593812036
2013-05-19 10:00:00,0.6433197473126238,0.6258484908604146,0.6560594503220275,0.5451954141097097,0.5898338846204666,0.6641924617643197
2013-05-19 11:00:00,0.6060602749779387,0.589253948046748,0.6080381305516439,0.5220206297772402,0.5691199866499336,0.6135874140184373
2013-05-19 12:00:00,0.5284300381251776,0.5143140202465829,0.5463026046573461,0.45732769745072915,0.5019439137429008,0.5475594967512553
2013-05-19 13:00:00,0.39612431399117576,0.3813561121700678,0.414817661933334,0.3810653668517217,0.36664012874244395,0.39532382639350716
2013-05-19 14:00:00,0.24017753623495303,0.2264458608539457,0.260364874446791,0.24207251347299064,0.20839285135074098,0.23912276873324842
2013-05-19 15:00:00,0.09839819204289371,0.09099594287662761,0.08877484500701745,0.10102081554064248,0.053773599018835695,0.0872028340003229
2013-05-19 16:00:00,0.002758594524924805,0.007357944336429522,0.0,0.0032595448757932973,0.0,0.0019742357345312526
2013-05-19 17:00:00,0.0,0.0,0.0,0.0,0.0,0.0
2013-05-19 18:00:00,0.0,0.0,0.0,0.0,0.0,0.0
2013-05-19 19:00:00,0.0,0.0,0.0,0.0,0.0,0.0
2013-05-19 20:00:00,0.0,0.0,0.0,0.0,0.0,0.0
2013-05-19 21:00:00,0.0,0.0,0.0,0.0,0.0,0.0
2013-05-19 22:00:00,0.0,0.0,0.0,0.0,0.0,0.0
2013-05-19 23:00:00,0.0,0.0,0.0,0.0,0.0,0.0
2013-05-20 00:00:00,0.0,0.0,0.0,0.0,0.0,0.0
2013-05-20 01:00:00,0.0,0.0,0.0,0.0,0.0,0.0
2013-05-20 02:00:00,0.0,0.0,0.0,0.0,0.0,0.0
2013-05-20 03:00:00,0.0,0.0,0.0,0.0,0.0,0.0
2013-05-20 04:00:00,0.02003123230312893,0.011906273622912892,0.03844140696777606,0.010553185580455884,0.05663971487132697,0.0325854377466679
2013-05-20 05:00:00,0.17656258192538055,0.14489860201140395,0.20153720624958102,0.12358147104011274,0.22664137924146882,0.18937039284104518
2013-05-20 06:00:00,0.3633579391426215,0.317037401138779,0.38076337531551535,0.27343645914396675,0.40346684927009235,0.3663363182603685
2013-05-20 07:00:00,0.5226218059837311,0.46642569032643344,0.534965685833387,0.3956963830256618,0.536861569067454,0.5214619413691812
2013-05-20 08:00:00,0.6102999397279429,0.5477105905118473,0.6192699276453905,0.46643324734923486,0.6051767818063758,0.6143637621849636
2013-05-20 09:00:00,0.6418278357034554,0.601922752999422,0.6243704881345528,0.5397378022030233,0.6006738019701967,0.661303891928264
2013-05-20 10:00:00,0.6523048654208115,0.6145815983030932,0.6352388712006632,0.5494741747726863,0.5978440198162828,0.6539861257981859
2013-05-20 11:00:00,0.5930370729924921,0.5617926935357404,0.6086488408799636,0.5452698223990624,0.5427633352386239,0.6014189015612587
2013-05-20 12:00:00,0.5089622912502765,0.47926506471318875,0.5324141977380072,0.47679854064019994,0.4725435632982855,0.5137057554055517
2013-05-20 13:00:00,0.3823336212793068,0.3607050079522529,0.3981180381529468,0.37638799381686366,0.3573900189099622,0.38244243692080904
2013-05-20 14:00:00,0.24664251917932678,0.21892921560880318,0.24074984398762758,0.23443712463683805,0.1895856104376651,0.2293233225165351
2013-05-20 15:00:00,0.09387404255922406,0.0875068103343587,0.08416217164844217,0.09420460800562633,0.050778774165841374,0.08574843745514274
2013-05-20 16:00:00,0.0026942830406008794,0.0073627999466913995,0.0,0.0032083506409482975,0.0,0.0026319279356967432
2013-05-20 17:00:00,0.0,0.0,0.0,0.0,0.0,0.0
2013-05-20 18:00:00,0.0,0.0,0.0,0.0,0.0,0.0
2013-05-20 19:00:00,0.0,0.0,0.0,0.0,0.0,0.0
2013-05-20 20:00:00,0.0,0.0,0.0,0.0,0.0,0.0
2013-05-20 21:00:00,0.0,0.0,0.0,0.0,0.0,0.0
2013-05-20 22:00:00,0.0,0.0,0.0,0.0,0.0,0.0
2013-05-20 23:00:00,0.0,0.0,0.0,0.0,0.0,0.0
2013-05-21 00:00:00,0.0,0.0,0.0,0.0,0.0,0.0
2013-05-21 01:00:00,0.0,0.0,0.0,0.0,0.0,0.0
2013-05-21 02:00:00,0.0,0.0,0.0,0.0,0.0,0.0
2013-05-21 03:00:00,0.0,0.0,0.0,0.0,0.0,0.0
2013-05-21 04:00:00,0.017009146178161808,0.009681961067670067,0.03773309222674968,0.012102444820986921,0.05389568152177139,0.029994890016634218
2013-05-21 05:00:00,0.14704988911544067,0.12949806533012126,0.19174028347277633,0.1342491852540318,0.2251543041169707,0.17467453376792955
2013-05-21 06:00:00,0.3211443955469283,0.3007117260728064,0.36819625019969054,0.29458190934671696,0.4003242416695293,0.3470294748395015
2013-05-21 07:00:00,0.4584402183643469,0.418953469464964,0.5290830830955796,0.4015649413529716,0.543984334134418,0.5015369844475297
2013-05-21 08:00:00,0.5327410257660617,0.5461916616648562,0.6148827415184568,0.48460876261887054,0.635316541441406,0.602921288299697
2013-05-21 09:00:00,0.5610413828772317,0.6131523387815505,0.6141114116669422,0.5296720538261094,0.6641318907844169,0.6269598974601654
2013-05-21 10:00:00,0.5492206062441434,0.6107944099476941,0.5991091803344977,0.4951190464102329,0.6407322120815006,0.6320725601706201
2013-05-21 11:00:00,0.5368896342045197,0.5711666525270214,0.5686429369881428,0.47941866063749566,0.5862555956469084,0.571215800893456
2013-05-21 12:00:00,0.46432498200241024,0.46240643907119405,0.49306966226582577,0.4271836166582145,0.5003425248518063,0.5105521632441614
2013-05-21 13:00:00,0.36987335926058057,0.36977884107833686,0.39283604891864765,0.34658617544688924,0.3645944403084387,0.4013984543503425
2013-05-21 14:00:00,0.2266726026290026,0.22639854283886188,0.24348608749570685,0.22056156052093098,0.20042045691522403,0.22979779792215344
2013-05-21 15:00:00,0.08358109701404295,0.08649500473297658,0.08038760054192189,0.0877039920409661,0.05154572392238694,0.08056621121239056
2013-05-21 16:00:00,0.002787496782387113,0.006714750542330002,0.0,0.0029801029718036776,0.0,0.002180859590237795
2013-05-21 17:00:00,0.0,0.0,0.0,0.0,0.0,0.0
2013-05-21 18:00:00,0.0,0.0,0.0,0.0,0.0,0.0
2013-05-21 19:00:00,0.0,0.0,0.0,0.0,0.0,0.0
2013-05-21 20:00:00,0.0,0.0,0.0,0.0,0.0,0.0
2013-05-21 21:00:00,0.0,0.0,0.0,0.0,0.0,0.0
2013-05-21 22:00:00,0.0,0.0,0.0,0.0,0.0,0.0
2013-05-21 23:00:00,0.0,0.0,0.0,0.0,0.0,0.0
2013-05-22 00:00:00,0.0,0.0,0.0,0.0,0.0,0.0
2013-05-22 01:00:00,0.0,0.0,0.0,0.0,0.0,0.0
2013-05-22 02:00:00,0.0,0.0,0.0,0.0,0.0,0.0
2013-05-22 03:00:00,0.0,0.0,0.0,0.0,0.0,0.0
2013-05-22 04:00:00,0.018717638719178205,0.010902649673830075,0.037899338371086735,0.012815634797229575,0.05562978365842361,0.029306174010661698
2013-05-22 05:00:00,0.15743888566516429,0.13051404744182907,0.19899648137866313,0.1315398365970398,0.2249402839944635,0.17359091138389776
2013-05-22 06:00:00,0.3446743498548365,0.29707003168622675,0.3777209190742372,0.2882061284362285,0.40264409876206575,0.3465187655499575
2013-05-22 07:00:00,0.4969925589188215,0.4643644220232964,0.5229168323076231,0.43538725535752326,0.5266252632668242,0.5016020049912108
2013-05-22 08:00:00,0.5621431312055861,0.5673731106305563,0.6116682068417756,0.5151718983090169,0.5921977435151216,0.5998179721412985
2013-05-22 09:00:00,0.5883532813114186,0.6003980297305381,0.6382499252196844,0.5405404198054069,0.6204990489422737,0.6460985991150348
2013-05-22 10:00:00,0.6035816005602084,0.6245042672760153,0.6289414151711029,0.5720728134641313,0.6063506585777952,0.6443781489879297
2013-05-22 11:00:00,0.5372894030813099,0.5434994671981271,0.582681629031876,0.5267486673255141,0.5505082328293801,0.5939621019939659
2013-05-22 12:00:00,0.5204267328225287,0.5005327231263966,0.5196825601819384,0.48337647683186746,0.49284752680779687,0.5292490174433508
2013-05-22 13:00:00,0.4048778014033224,0.37810080230591697,0.3925730779297137,0.36847462779299556,0.36975104362078276,0.3990344420160358
2013-05-22 14:00:00,0.2524799164939042,0.22127816019503938,0.23262975228765706,0.23614239812442575,0.2091971123901936,0.24675242699267302
2013-05-22 15:00:00,0.1042224199835423,0.1029318627203695,0.08167072717853631,0.10115850714612361,0.052820654861310996,0.09526449663350911
2013-05-22 16:00:00,0.0029825108718087375,0.007905847751723316,0.0,0.0033328043454269535,0.0,0.0028949341794597314
2013-05-22 17:00:00,0.0,0.0,0.0,0.0,0.0,0.0
2013-05-22 18:00:00,0.0,0.0,0.0,0.0,0.0,0.0
2013-05-22 19:00:00,0.0,0.0,0.0,0.0,0.0,0.0
2013-05-22 20:00:00,0.0,0.0,0.0,0.0,0.0,0.0
2013-05-22 21:00:00,0.0,0.0,0.0,0.0,0.0,0.0
2013-05-22 22:00:00,0.0,0.0,0.0,0.0,0.0,0.0
2013-05-22 23:00:00,0.0,0.0,0.0,0.0,0.0,0.0
2013-05-23 00:00:00,0.0,0.0,0.0,0.0,0.0,0.0
2013-05-23 01:00:00,0.0,0.0,0.0,0.0,0.0,0.0
2013-05-23 02:00:00,0.0,0.0,0.0,0.0,0.0,0.0
2013-05-23 03:00:00,0.0,0.0,0.0,0.0,0.0,0.0
2013-05-23 04:00:00,0.01812643406600887,0.011141552166788311,0.03624652340293319,0.013384349678958365,0.05568530287333638,0.030907968214448862
2013-05-23 05:00:00,0.152904908681079,0.13561414874419617,0.19015647878001055,0.13742313608222126,0.22312478598436575,0.18498700433103213
2013-05-23 06:00:00,0.33707365656852445,0.31266011353831624,0.3710789022223337,0.3199086104876356,0.40134676840600053,0.3670535013209929
2013-05-23 07:00:00,0.4931175426137455,0.4643132499780204,0.522485679492358,0.4458885413694441,0.5458523386617268,0.5216375040886808
2013-05-23 08:00:00,0.5752864918862652,0.5675277528793126,0.6204864246596693,0.556264750121567,0.6395601822866827,0.6289353949498696
2013-05-23 09:00:00,0.5797939342050997,0.5797121539131117,0.622062747894529,0.5891784146904994,0.6725747934098204,0.6490764951518527
2013-05-23 10:00:00,0.6049818880551421,0.5936951652380904,0.5839417180900388,0.593297172066645,0.6638932648247393,0.651950623287504
2013-05-23 11:00:00,0.5709372252199066,0.5755952333426777,0.5245481756752434,0.5619318101983432,0.6119550212172786,0.6095025178521062
2013-05-23 12:00:00,0.5037098236206761,0.49859186932927374,0.4689222013191563,0.5085838257789267,0.5088093206267724,0.5467123879562842
2013-05-23 13:00:00,0.38701085305304284,0.37817465906599645,0.3538879298704549,0.38397642850322095,0.3755948880748679,0.4247704504862648
2013-05-23 14:00:00,0.24993842307653982,0.23883118808160092,0.2191014137340407,0.24572734264188217,0.205421273356635,0.2735870561898236
2013-05-23 15:00:00,0.10148875671089834,0.11175832816047758,0.07250641271875101,0.10282286006143027,0.053025129594826116,0.10873361683208069
2013-05-23 16:00:00,0.0025136593908640405,0.006967352466997078,0.0,0.0030874311373862554,0.0,0.004259548459851332
2013-05-23 17:00:00,0.0,0.0,0.0,0.0,0.0,0.0
2013-05-23 18:00:00,0.0,0.0,0.0,0.0,0.0,0.0
2013-05-23 19:00:00,0.0,0.0,0.0,0.0,0.0,0.0
2013-05-23 20:00:00,0.0,0.0,0.0,0.0,0.0,0.0
2013-05-23 21:00:00,0.0,0.0,0.0,0.0,0.0,0.0
2013-05-23 22:00:00,0.0,0.0,0.0,0.0,0.0,0.0
2013-05-23 23:00:00,0.0,0.0,0.0,0.0,0.0,0.0
2013-05-24 00:00:00,0.0,0.0,0.0,0.0,0.0,0.0
2013-05-24 01:00:00,0.0,0.0,0.0,0.0,0.0,0.0
2013-05-24 02:00:00,0.0,0.0,0.0,0.0,0.0,0.0
2013-05-24 03:00:00,0.0,0.0,0.0,0.0,0.0,0.0
2013-05-24 04:00:00,0.017822658829076257,0.010762150020214434,0.030856653509306428,0.013971051357474739,0.047609119324714885,0.02988105752350567
2013-05-24 05:00:00,0.1522280848301859,0.1336403682132409,0.16278389702338708,0.14599955246570048,0.19729209342055828,0.17791501934757922
2013-05-24 06:00:00,0.32918544132331334,0.31167742702565615,0.31633697233700236,0.32221179358839164,0.3568955756999811,0.3464258645668698
2013-05-24 07:00:00,0.48688015043129884,0.4644185592895756,0.4487378531290226,0.4700693137713679,0.503643674264814,0.4898643992287474
2013-05-24 08:00:00,0.5631268464180966,0.5587447918678504,0.5782415962284424,0.5724219230535142,0.6035295239911742,0.6002130099591829
2013-05-24 09:00:00,0.6070358404295302,0.6209913944149911,0.6219075416057651,0.6371425660588558,0.6563528930679408,0.6444203897846149
2013-05-24 10:00:00,0.6167656980954205,0.6097772553628201,0.6246363678501795,0.638274353961448,0.6552219762208576,0.6152476323915896
2013-05-24 11:00:00,0.5706809566878714,0.5669579076408207,0.5488069216959256,0.5928271954640689,0.6036773624830274,0.5786866611393666
2013-05-24 12:00:00,0.4893589968787382,0.48338150785690304,0.48194352278801994,0.4973892836016963,0.5116675612588094,0.5255567436096059
2013-05-24 13:00:00,0.3573684217306198,0.3816264992133015,0.3692175073222729,0.3931480641561581,0.3676947246291681,0.38800571266063993
2013-05-24 14:00:00,0.21628388445129135,0.23661653224681722,0.23190641195847478,0.24294815917801793,0.20523178789364846,0.25613089400565925
2013-05-24 15:00:00,0.08800336403839797,0.10382428990768172,0.07252864405738195,0.09341743235883065,0.05098992501042525,0.09795329781295427
2013-05-24 16:00:00,0.0029748314775639153,0.00868456246289858,4.402751561823122e-06,0.0035090480360316857,0.0,0.004440553494928044
2013-05-24 17:00:00,0.0,0.0,0.0,0.0,0.0,0.0
2013-05-24 18:00:00,0.0,0.0,0.0,0.0,0.0,0.0
2013-05-24 19:00:00,0.0,0.0,0.0,0.0,0.0,0.0
2013-05-24 20:00:00,0.0,0.0,0.0,0.0,0.0,0.0
2013-05-24 21:00:00,0.0,0.0,0.0,0.0,0.0,0.0
2013-05-24 22:00:00,0.0,0.0,0.0,0.0,0.0,0.0
2013-05-24 23:00:00,0.0,0.0,0.0,0.0,0.0,0.0
2013-05-25 00:00:00,0.0,0.0,0.0,0.0,0.0,0.0
2013-05-25 01:00:00,0.0,0.0,0.0,0.0,0.0,0.0
2013-05-25 02:00:00,0.0,0.0,0.0,0.0,0.0,0.0
2013-05-25 03:00:00,0.0,0.0,0.0,0.0,0.0,0.0
2013-05-25 04:00:00,0.015139256010531264,0.011775496013976788,0.030052101206705265,0.012226185006539516,0.05286872539017201,0.02874299558283936
2013-05-25 05:00:00,0.13980732240496394,0.13777123144262346,0.1614435581059497,0.13019748238707837,0.21672196507690272,0.1740549242387626
2013-05-25 06:00:00,0.3138028586189562,0.3109203474844901,0.32509940411747873,0.27689827226368663,0.39103765951842423,0.3485423162122279
2013-05-25 07:00:00,0.396019147976867,0.4295455689041728,0.44564598324923416,0.41802685709564674,0.5275707302801588,0.4912499560325762
2013-05-25 08:00:00,0.4695799146437615,0.5036594526354752,0.5430764870363836,0.5225423396237705,0.6199671516467532,0.5891725855845583
2013-05-25 09:00:00,0.5559599059716164,0.5493355809404334,0.5957295335579815,0.5791703243121104,0.6634798086684611,0.6282615643695343
2013-05-25 10:00:00,0.5771544886495799,0.5704779377603544,0.616708958915931,0.5827070704250742,0.6521035602122585,0.6285261136921981
2013-05-25 11:00:00,0.5209604154605886,0.533448319285852,0.5718332141234523,0.5490311685608011,0.6048247842248563,0.6063044446932987
2013-05-25 12:00:00,0.44743220690986274,0.448186356058474,0.47542044849498616,0.48983300047200773,0.5010132758391803,0.5107494277506424
2013-05-25 13:00:00,0.33301892840772435,0.3522839984065084,0.3703671765914288,0.3523994273098194,0.3564954315919084,0.3838927076771849
2013-05-25 14:00:00,0.18131423176278727,0.20861017535399734,0.22216960202785133,0.22646246845048493,0.20176842759134267,0.23019141894914552
2013-05-25 15:00:00,0.06462101089636377,0.08059815352462689,0.06810122186058871,0.08275321419448758,0.05024461122093587,0.09241054752376138
2013-05-25 16:00:00,0.0019918631759000757,0.006996416160457548,2.9199427631016698e-06,0.0033878086240138184,0.0,0.0032990806159369605
2013-05-25 17:00:00,0.0,0.0,0.0,0.0,0.0,0.0
2013-05-25 18:00:00,0.0,0.0,0.0,0.0,0.0,0.0
2013-05-25 19:00:00,0.0,0.0,0.0,0.0,0.0,0.0
2013-05-25 20:00:00,0.0,0.0,0.0,0.0,0.0,0.0
2013-05-25 21:00:00,0.0,0.0,0.0,0.0,0.0,0.0
2013-05-25 22:00:00,0.0,0.0,0.0,0.0,0.0,0.0
2013-05-25 23:00:00,0.0,0.0,0.0,0.0,0.0,0.0
2013-05-26 00:00:00,0.0,0.0,0.0,0.0,0.0,0.0
2013-05-26 01:00:00,0.0,0.0,0.0,0.0,0.0,0.0
2013-05-26 02:00:00,0.0,0.0,0.0,0.0,0.0,0.0
2013-05-26 03:00:00,0.0,0.0,0.0,0.0,0.0,0.0
2013-05-26 04:00:00,0.017538669146171783,0.012291223076097075,0.03364850973778133,0.011887921131468441,0.05105707819685219,0.03162840436847614
2013-05-26 05:00:00,0.14582537348971455,0.14080160083903873,0.18204544511134071,0.13541642883197408,0.21118470398991104,0.18690280684914734
2013-05-26 06:00:00,0.3328863590455343,0.31699763688211147,0.3508409687405743,0.29246681670895763,0.3825718773530713,0.36646740489325913
2013-05-26 07:00:00,0.4925047893407731,0.4768935948845702,0.49318874982385175,0.4424028745740155,0.5096492251041728,0.5162877362177651
2013-05-26 08:00:00,0.5914582218686473,0.570448146239519,0.5807067915011158,0.5528659283028001,0.5996374692326645,0.6027960794369425
2013-05-26 09:00:00,0.6249233495111614,0.6336881761390243,0.6254440192569178,0.6060214644719444,0.6413079225742663,0.6503541305784962
2013-05-26 10:00:00,0.6066693590621148,0.636236924204623,0.6054821978361691,0.6177798095623936,0.6388390367779874,0.6455072733353999
2013-05-26 11:00:00,0.5799563243496325,0.6076531375557298,0.5572242318679883,0.5696352919507418,0.594028086563187,0.6067128139331407
2013-05-26 12:00:00,0.48627207235526176,0.5376536307416329,0.4708380790680662,0.49452308385430305,0.48886836327476296,0.5160008868869124
2013-05-26 13:00:00,0.351743451206962,0.40862385386289646,0.366561954759619,0.37922228916786654,0.35734769908179564,0.4027918303121586
2013-05-26 14:00:00,0.1962577235738106,0.2539043698138262,0.2116934897462422,0.22991364724678126,0.18649924011890337,0.24630287669187617
2013-05-26 15:00:00,0.08172649530437469,0.10946187970952696,0.06760870894981333,0.08639194850841003,0.042717534747140774,0.09676715768515284
2013-05-26 16:00:00,0.002891354250015067,0.007977819335018036,7.629648137619119e-06,0.0033505296894172053,0.0,0.004192207560317437
2013-05-26 17:00:00,0.0,0.0,0.0,0.0,0.0,0.0
2013-05-26 18:00:00,0.0,0.0,0.0,0.0,0.0,0.0
2013-05-26 19:00:00,0.0,0.0,0.0,0.0,0.0,0.0
2013-05-26 20:00:00,0.0,0.0,0.0,0.0,0.0,0.0
2013-05-26 21:00:00,0.0,0.0,0.0,0.0,0.0,0.0
2013-05-26 22:00:00,0.0,0.0,0.0,0.0,0.0,0.0
2013-05-26 23:00:00,0.0,0.0,0.0,0.0,0.0,0.0
2013-05-27 00:00:00,0.0,0.0,0.0,0.0,0.0,0.0
2013-05-27 01:00:00,0.0,0.0,0.0,0.0,0.0,0.0
2013-05-27 02:00:00,0.0,0.0,0.0,0.0,0.0,0.0
2013-05-27 03:00:00,0.0,0.0,0.0,0.0,0.0,0.0
2013-05-27 04:00:00,0.016742761744683782,0.012034058800332299,0.034007941492468725,0.011596609046327257,0.04622020859047279,0.03161143573732168
2013-05-27 05:00:00,0.16058318703733815,0.14474375635917286,0.18503074004073838,0.13776751297902495,0.19824483181804195,0.18533516956577803
2013-05-27 06:00:00,0.34645501196085504,0.32616169411340223,0.3567878594530537,0.2925189095219193,0.31549625532252,0.36200798531030565
2013-05-27 07:00:00,0.5054299543258983,0.48550458860761453,0.49845293145830266,0.4428183155505223,0.451570393385301,0.5042737805470199
2013-05-27 08:00:00,0.593309706221487,0.5924166548564315,0.5861000001386717,0.5146957570365152,0.5132343220698324,0.6005645079970235
2013-05-27 09:00:00,0.6140684653259534,0.6507868744761893,0.6303358974884248,0.5676499685822438,0.5436808416016495,0.6620997830247423
2013-05-27 10:00:00,0.6220433482794949,0.650149941666702,0.6185513981212303,0.5954653007351197,0.5365937069685521,0.6617087212652123
2013-05-27 11:00:00,0.5954800914308407,0.6047562634158663,0.5700622140823107,0.5621561192445634,0.4896571889223351,0.5932148752412615
2013-05-27 12:00:00,0.5186298409037043,0.5312825658151435,0.4895185069449025,0.5060850138398479,0.4218450180645325,0.5204168113852093
2013-05-27 13:00:00,0.39589433480547115,0.4087628682686705,0.3723926255578517,0.3800276275288712,0.3008611087670684,0.4024980334406782
2013-05-27 14:00:00,0.2352981896720281,0.24970708601990188,0.2295953910476874,0.2272494503934555,0.1782492169312325,0.26626588400718176
2013-05-27 15:00:00,0.09427978879152553,0.11814199937908297,0.07599903251844693,0.09424114108451301,0.04547233522732917,0.10837326985446666
2013-05-27 16:00:00,0.004111300032530476,0.010667182551855576,1.2071549417393076e-05,0.0033158958508414313,0.0,0.005268524898584288
2013-05-27 17:00:00,0.0,0.0,0.0,0.0,0.0,0.0
2013-05-27 18:00:00,0.0,0.0,0.0,0.0,0.0,0.0
2013-05-27 19:00:00,0.0,0.0,0.0,0.0,0.0,0.0
2013-05-27 20:00:00,0.0,0.0,0.0,0.0,0.0,0.0
2013-05-27 21:00:00,0.0,0.0,0.0,0.0,0.0,0.0
2013-05-27 22:00:00,0.0,0.0,0.0,0.0,0.0,0.0
2013-05-27 23:00:00,0.0,0.0,0.0,0.0,0.0,0.0
2013-05-28 00:00:00,0.0,0.0,0.0,0.0,0.0,0.0
2013-05-28 01:00:00,0.0,0.0,0.0,0.0,0.0,0.0
2013-05-28 02:00:00,0.0,0.0,0.0,0.0,0.0,0.0
2013-05-28 03:00:00,0.0,0.0,0.0,0.0,0.0,0.0
2013-05-28 04:00:00,0.018456589563898087,0.011910802041485249,0.03288373702549982,0.009594698794592661,0.04618466244510803,0.03193547197513208
2013-05-28 05:00:00,0.1604370700948908,0.1394805851003741,0.17605764259767967,0.10791496479692385,0.19583929003049177,0.1847560814915944
2013-05-28 06:00:00,0.3487475366787902,0.3176291735025319,0.33628420586286717,0.24966198629504843,0.3503045063813076,0.3655445369986504
2013-05-28 07:00:00,0.5117032611344373,0.4809896938939715,0.46441586858592715,0.37350889643037555,0.46602386512768057,0.5173788775913587
2013-05-28 08:00:00,0.5840149667554528,0.5756374605982267,0.5417426324545866,0.4654367742090006,0.5336857660747211,0.6141973770522313
2013-05-28 09:00:00,0.6103463319089243,0.6344097220354394,0.5892508781398299,0.5263190080316195,0.5585380493442734,0.6624669433312471
2013-05-28 10:00:00,0.6036438835405584,0.63603109882974,0.5692731147840586,0.5649994017297575,0.528228164973826,0.6656022934789612
2013-05-28 11:00:00,0.5742652021487162,0.6026623947609935,0.5509252825079609,0.5671450288338497,0.5136620360818914,0.6225641598316176
2013-05-28 12:00:00,0.49060655877284715,0.5072410596207042,0.48116685840033013,0.4826488363983518,0.4135850553808082,0.5426435665348736
2013-05-28 13:00:00,0.36428036364551514,0.40418429615984264,0.364595705019554,0.38085747218969546,0.30371633878827237,0.421715634141036
2013-05-28 14:00:00,0.22966137003154766,0.2520517819044903,0.21305973344351384,0.23521824741905298,0.17150715751586895,0.27204135884903247
2013-05-28 15:00:00,0.08567935504398301,0.10465408885146629,0.07539641309535741,0.08972170690194123,0.0460533335046129,0.11231640311345044
2013-05-28 16:00:00,0.0036458810935490853,0.009816966254551465,1.2643335900793788e-05,0.0032294921970790367,0.0,0.005596200017750772
2013-05-28 17:00:00,0.0,0.0,0.0,0.0,0.0,0.0
2013-05-28 18:00:00,0.0,0.0,0.0,0.0,0.0,0.0
2013-05-28 19:00:00,0.0,0.0,0.0,0.0,0.0,0.0
2013-05-28 20:00:00,0.0,0.0,0.0,0.0,0.0,0.0
2013-05-28 21:00:00,0.0,0.0,0.0,0.0,0.0,0.0
2013-05-28 22:00:00,0.0,0.0,0.0,0.0,0.0,0.0
2013-05-28 23:00:00,0.0,0.0,0.0,0.0,0.0,0.0
2013-05-29 00:00:00,0.0,0.0,0.0,0.0,0.0,0.0
2013-05-29 01:00:00,0.0,0.0,0.0,0.0,0.0,0.0
2013-05-29 02:00:00,0.0,0.0,0.0,0.0,0.0,0.0
2013-05-29 03:00:00,0.0,0.0,0.0,0.0,0.0,0.0
2013-05-29 04:00:00,0.01870067711860379,0.011890655510887575,0.033968274202212836,0.012141917794831246,0.04878318602952966,0.0319717911297662
2013-05-29 05:00:00,0.16152537676049594,0.1371510141822722,0.18198060434042992,0.13217255003454179,0.2035917911314442,0.1843584970795817
2013-05-29 06:00:00,0.34817559630567896,0.31428538524260685,0.357045094990545,0.3055681207874925,0.37505089652196333,0.3629018099318734
2013-05-29 07:00:00,0.5181867662758686,0.47271485431974597,0.4963612018100305,0.46738669026472013,0.51261309142835,0.5167083765827424
2013-05-29 08:00:00,0.6092388486618581,0.5676434799204498,0.5837044210272627,0.5462479192856461,0.5966060273251549,0.6147898421162892
2013-05-29 09:00:00,0.6459627486985338,0.6157022574368549,0.6088082431743239,0.5971061840114991,0.633755862019774,0.6657958530830789
2013-05-29 10:00:00,0.6599959272600036,0.624176290502945,0.6204846787957771,0.6064125557605468,0.6293688899636821,0.6731058279362789
2013-05-29 11:00:00,0.5960873767011728,0.5543672939866922,0.5702300706610576,0.5628893928597152,0.561642250518275,0.626536287426272
2013-05-29 12:00:00,0.5048240833170562,0.48663779348924935,0.49431829104691016,0.47013653740697564,0.48150615789202855,0.5459557183979545
2013-05-29 13:00:00,0.35699443065869013,0.3741831315527564,0.3737347270310971,0.3766631125089883,0.34013016962737125,0.42071909470159863
2013-05-29 14:00:00,0.24595954714836185,0.25243326702219904,0.22308565331256144,0.25051694392016544,0.19493088878861564,0.2740609531557991
2013-05-29 15:00:00,0.09089198546845213,0.10201107252366831,0.07567796672306679,0.0971083162301637,0.04982667667173819,0.11120522106750245
2013-05-29 16:00:00,0.0038027997642685846,0.009103260244732089,4.522414828689736e-05,0.0028975323070261306,0.0,0.005735748327112978
2013-05-29 17:00:00,0.0,0.0,0.0,0.0,0.0,0.0
2013-05-29 18:00:00,0.0,0.0,0.0,0.0,0.0,0.0
2013-05-29 19:00:00,0.0,0.0,0.0,0.0,0.0,0.0
2013-05-29 20:00:00,0.0,0.0,0.0,0.0,0.0,0.0
2013-05-29 21:00:00,0.0,0.0,0.0,0.0,0.0,0.0
2013-05-29 22:00:00,0.0,0.0,0.0,0.0,0.0,0.0
2013-05-29 23:00:00,0.0,0.0,0.0,0.0,0.0,0.0
2013-05-30 00:00:00,0.0,0.0,0.0,0.0,0.0,0.0
2013-05-30 01:00:00,0.0,0.0,0.0,0.0,0.0,0.0
2013-05-30 02:00:00,0.0,0.0,0.0,0.0,0.0,0.0
2013-05-30 03:00:00,0.0,0.0,0.0,0.0,0.0,0.0
2013-05-30 04:00:00,0.01783613735075678,0.011299144322340287,0.033682192261005536,0.00984601638816749,0.043162235672380436,0.0314371831449978
2013-05-30 05:00:00,0.15546596720653744,0.13332788208678828,0.18071057242291327,0.11852919515339455,0.16905490928472564,0.18164110629589084
2013-05-30 06:00:00,0.33888719096133246,0.3058907839906712,0.3532732179405864,0.27380434469441006,0.29194838845680965,0.35929450526594786
2013-05-30 07:00:00,0.47397307238913644,0.44801060111598834,0.4941982108556591,0.4257633889007828,0.3794030510306346,0.5082267171853411
2013-05-30 08:00:00,0.5549817636545185,0.5360740658056355,0.5774222376306279,0.49462876934495087,0.4336488680243304,0.6024642113166945
2013-05-30 09:00:00,0.6255950031479955,0.6008898818634579,0.6171236410824325,0.5450331138045337,0.48718717305719783,0.6507895239476263
2013-05-30 10:00:00,0.6089659568451417,0.6063775214786012,0.5980776685002968,0.5677982671605921,0.48169779047628225,0.6403291742717006
2013-05-30 11:00:00,0.5735315564654303,0.555779870667911,0.553426498249341,0.5355460696297042,0.45637082697711884,0.6132606483999091
2013-05-30 12:00:00,0.49925074051012774,0.48789263682201656,0.48276512427380397,0.46183187376714996,0.39318881461053984,0.5282833499196882
2013-05-30 13:00:00,0.3856781164168892,0.3628975986486839,0.36609434450817135,0.36287946534778354,0.28204465931923994,0.40913599651520016
2013-05-30 14:00:00,0.23758697781573104,0.21458206529582222,0.22370339166333114,0.2251250649673153,0.16442971709225085,0.2600467076705083
2013-05-30 15:00:00,0.09436455656868123,0.09250759415157825,0.07435966081217862,0.08795058430006555,0.04486596205322093,0.10500828265595517
2013-05-30 16:00:00,0.003819932245415634,0.007232620394730649,4.5752549525211466e-05,0.003231849245684571,0.0,0.005173291001108837
2013-05-30 17:00:00,0.0,0.0,0.0,0.0,0.0,0.0
2013-05-30 18:00:00,0.0,0.0,0.0,0.0,0.0,0.0
2013-05-30 19:00:00,0.0,0.0,0.0,0.0,0.0,0.0
2013-05-30 20:00:00,0.0,0.0,0.0,0.0,0.0,0.0
2013-05-30 21:00:00,0.0,0.0,0.0,0.0,0.0,0.0
2013-05-30 22:00:00,0.0,0.0,0.0,0.0,0.0,0.0
2013-05-30 23:00:00,0.0,0.0,0.0,0.0,0.0,0.0
2013-05-31 00:00:00,0.0,0.0,0.0,0.0,0.0,0.0
2013-05-31 01:00:00,0.0,0.0,0.0,0.0,0.0,0.0
2013-05-31 02:00:00,0.0,0.0,0.0,0.0,0.0,0.0
2013-05-31 03:00:00,0.0,0.0,0.0,0.0,0.0,0.0
2013-05-31 04:00:00,0.01749764609998376,0.011007639271389964,0.03126371852561882,0.008960597314068524,0.038937399490550695,0.030677456640414255
2013-05-31 05:00:00,0.15427608720080355,0.1324917276916545,0.16544907005405884,0.10912540036386928,0.16047179841777717,0.17721550825707222
2013-05-31 06:00:00,0.3423085330256501,0.30459320200061524,0.32388394430204953,0.2605317750329414,0.2754690302786204,0.3540293508077165
2013-05-31 07:00:00,0.4848145670200767,0.4454408494278322,0.4471730210380086,0.3800949361696513,0.36669875616710895,0.5034107354245434
2013-05-31 08:00:00,0.5499933084586757,0.5333086202662933,0.5269307645969082,0.4461480120529148,0.4511544752865895,0.5907599893714686
2013-05-31 09:00:00,0.5959340996400497,0.6043719673274269,0.5894512720160066,0.5435747451393558,0.5133721566762911,0.6428700168573211
2013-05-31 10:00:00,0.5731611313376649,0.60956758343019,0.5887170580781268,0.5478490251849141,0.514254004748601,0.627079472177551
2013-05-31 11:00:00,0.5403643163388215,0.5588431906367747,0.5405886109841,0.5192109088079898,0.49567788186348394,0.5654972276675767
2013-05-31 12:00:00,0.47321244363713877,0.49618536833863525,0.470272529873291,0.4621226291348949,0.44770630544402495,0.49797083155407224
2013-05-31 13:00:00,0.36057506035019277,0.3496295155449795,0.3451372047656747,0.35077576394462767,0.3205494496334945,0.38281105371499097
2013-05-31 14:00:00,0.22111888713356384,0.21573705143205807,0.2092602211257321,0.21180130313732107,0.1665962354651089,0.2432575998818523
2013-05-31 15:00:00,0.08423417143280819,0.0885221097546462,0.06474146696939168,0.08615304972388522,0.03857218051336572,0.09164714328318524
2013-05-31 16:00:00,0.00374781224785932,0.007525417232167346,8.282703573956803e-05,0.003399388659189219,0.0,0.004995783386034339
2013-05-31 17:00:00,0.0,0.0,0.0,0.0,0.0,0.0
2013-05-31 18:00:00,0.0,0.0,0.0,0.0,0.0,0.0
2013-05-31 19:00:00,0.0,0.0,0.0,0.0,0.0,0.0
2013-05-31 20:00:00,0.0,0.0,0.0,0.0,0.0,0.0
2013-05-31 21:00:00,0.0,0.0,0.0,0.0,0.0,0.0
2013-05-31 22:00:00,0.0,0.0,0.0,0.0,0.0,0.0
2013-05-31 23:00:00,0.0,0.0,0.0,0.0,0.0,0.0
2013-06-01 00:00:00,0.0,0.0,0.0,0.0,0.0,0.0
2013-06-01 01:00:00,0.0,0.0,0.0,0.0,0.0,0.0
2013-06-01 02:00:00,0.0,0.0,0.0,0.0,0.0,0.0
2013-06-01 03:00:00,0.0,0.0,0.0,0.0,0.0,0.0
2013-06-01 04:00:00,0.015936303693296777,0.0109278290461473,0.02756837114909807,0.009072277399589157,0.034582580092342635,0.0295549593758559
2013-06-01 05:00:00,0.13978514583505838,0.12551384086100892,0.15390792968140823,0.11123962105231411,0.15439306463621014,0.174949184000324
2013-06-01 06:00:00,0.31038004142383063,0.29118206025114246,0.2743148161631502,0.25376811078874406,0.279545498353815,0.3495524442781753
2013-06-01 07:00:00,0.4056853400456365,0.3756633188124904,0.41860493479502425,0.3811334366537807,0.3841856606838659,0.49526863252330616
2013-06-01 08:00:00,0.502583427637612,0.4926865184613663,0.48149698397534296,0.466153085396277,0.45541594080880365,0.5682797576381668
2013-06-01 09:00:00,0.5242511323785336,0.5433914580913702,0.5210295194957411,0.5186892966470947,0.46166962066071937,0.6039585715985484
2013-06-01 10:00:00,0.5367018706551773,0.5650402048736406,0.5290586805397605,0.5009734751320654,0.4562794643493635,0.6016640978418684
2013-06-01 11:00:00,0.5293203387859607,0.5492973185602118,0.48402937495803605,0.49664330544593543,0.39012237593579124,0.540421093925468
2013-06-01 12:00:00,0.43209508910870664,0.45911848416557455,0.41321793932001255,0.43105447641411154,0.3269523054067314,0.4747279246300291
2013-06-01 13:00:00,0.326458250035685,0.3159411690989798,0.32411029671777497,0.3295575029428051,0.25252910038121235,0.35845767720954497
2013-06-01 14:00:00,0.20820701695298957,0.2056261466743101,0.19705537357113126,0.20970175750238176,0.14495775321251972,0.24137247720340219
2013-06-01 15:00:00,0.06927471833023906,0.08471306386127515,0.06822207109256445,0.07806718700811717,0.041273516524500384,0.10349440517620898
2013-06-01 16:00:00,0.0029181723984561562,0.007837834358512642,0.00010231777999000934,0.0034879878463983625,0.0,0.005835823281892562
2013-06-01 17:00:00,0.0,0.0,0.0,0.0,0.0,0.0
2013-06-01 18:00:00,0.0,0.0,0.0,0.0,0.0,0.0
2013-06-01 19:00:00,0.0,0.0,0.0,0.0,0.0,0.0
2013-06-01 20:00:00,0.0,0.0,0.0,0.0,0.0,0.0
2013-06-01 21:00:00,0.0,0.0,0.0,0.0,0.0,0.0
2013-06-01 22:00:00,0.0,0.0,0.0,0.0,0.0,0.0
2013-06-01 23:00:00,0.0,0.0,0.0,0.0,0.0,0.0
2013-06-02 00:00:00,0.0,0.0,0.0,0.0,0.0,0.0
2013-06-02 01:00:00,0.0,0.0,0.0,0.0,0.0,0.0
2013-06-02 02:00:00,0.0,0.0,0.0,0.0,0.0,0.0
2013-06-02 03:00:00,0.0,0.0,0.0,0.0,0.0,0.0
2013-06-02 04:00:00,0.014591084120262485,0.010583217521298857,0.031279432939562736,0.010321413591025763,0.04659395314806812,0.030154204078725134
2013-06-02 05:00:00,0.13483184869354625,0.11553917244476712,0.16925522608136664,0.11496906180679792,0.1984883871783472,0.17439021426102438
2013-06-02 06:00:00,0.2926987818700428,0.28800781331897596,0.3385330931353985,0.2806352336787102,0.36794097143855037,0.3472831723512122
2013-06-02 07:00:00,0.4739124828135563,0.47441231404661727,0.4833735929387957,0.443031928470222,0.5114024025855854,0.4997521607275775
2013-06-02 08:00:00,0.5756103495325542,0.5790683861660645,0.5892546478845685,0.5613473553066445,0.6007492871530692,0.6009107788891238
2013-06-02 09:00:00,0.6134652948876875,0.6365255015218523,0.6304105862789833,0.61841671977319,0.6350342815501283,0.6386318941019564
2013-06-02 10:00:00,0.5955952884485716,0.638755053624507,0.605807777521849,0.618417956165008,0.6298199283599111,0.6340832134387829
2013-06-02 11:00:00,0.5526743572391357,0.5838901887192072,0.5434613214170799,0.5839477737905476,0.5739099247112657,0.5710358777071406
2013-06-02 12:00:00,0.4927847782720479,0.4849445161886503,0.45837750222997575,0.517255529368424,0.4932487393766933,0.503557092388507
2013-06-02 13:00:00,0.3647930566242679,0.3797966850485871,0.3538027914035458,0.3905354745007274,0.356272347487177,0.40113522845620264
2013-06-02 14:00:00,0.21089303962918385,0.21147689598332783,0.20732941453677847,0.24378129379777852,0.19912800535128666,0.2469430729481299
2013-06-02 15:00:00,0.08961092582264452,0.09938470126469379,0.07571853386398131,0.09974817476490563,0.05241064986846179,0.10655505925368682
2013-06-02 16:00:00,0.004477209785630854,0.010005599874616172,0.00017329798155700133,0.003679882974054927,0.0,0.006175398265043949
2013-06-02 17:00:00,0.0,0.0,0.0,0.0,0.0,0.0
2013-06-02 18:00:00,0.0,0.0,0.0,0.0,0.0,0.0
2013-06-02 19:00:00,0.0,0.0,0.0,0.0,0.0,0.0
2013-06-02 20:00:00,0.0,0.0,0.0,0.0,0.0,0.0
2013-06-02 21:00:00,0.0,0.0,0.0,0.0,0.0,0.0
2013-06-02 22:00:00,0.0,0.0,0.0,0.0,0.0,0.0
2013-06-02 23:00:00,0.0,0.0,0.0,0.0,0.0,0.0
2013-06-03 00:00:00,0.0,0.0,0.0,0.0,0.0,0.0
2013-06-03 01:00:00,0.0,0.0,0.0,0.0,0.0,0.0
2013-06-03 02:00:00,0.0,0.0,0.0,0.0,0.0,0.0
2013-06-03 03:00:00,0.0,0.0,0.0,0.0,0.0,0.0
2013-06-03 04:00:00,0.01627822286498313,0.01141727184768701,0.03176787784192315,0.011870711943465138,0.04647043285096369,0.030534269460890818
2013-06-03 05:00:00,0.1503522357265414,0.13296644199125615,0.1716525672585151,0.1315109304144205,0.1988336769666081,0.1769881189546834
2013-06-03 06:00:00,0.32439482522001595,0.30262880188515506,0.34391123288024034,0.29180331851918145,0.3690101780765554,0.35518424027207646
2013-06-03 07:00:00,0.4423071976058887,0.42846286643571707,0.4914644662510213,0.4099576820307674,0.512741050186232,0.5062722215497809
2013-06-03 08:00:00,0.5026436792940513,0.5446651604479936,0.5832115780251391,0.4893954591217551,0.6015340371123481,0.6034692192836799
2013-06-03 09:00:00,0.5699318363539606,0.5997217855286769,0.6346786647887187,0.5432732484691997,0.6480566417523339,0.6577279175542191
2013-06-03 10:00:00,0.5667280842977502,0.6283479056450464,0.6352750331669256,0.5319988928991073,0.6426352540400195,0.6677012580750136
2013-06-03 11:00:00,0.5288294742689973,0.5887725912026132,0.5917526787211274,0.5044051044003705,0.5965895373776937,0.6247439303704264
2013-06-03 12:00:00,0.4693646898031449,0.49393068150304553,0.5075009109156021,0.4327947348133472,0.50107220723987,0.5492129191438752
2013-06-03 13:00:00,0.3404423078393227,0.3537753270583163,0.3821191716321053,0.320942420227005,0.36482938829859163,0.4347726532220046
2013-06-03 14:00:00,0.21872024661105227,0.23259849975732427,0.22691677759573667,0.21007788939311584,0.20081828173953775,0.2811773094262846
2013-06-03 15:00:00,0.07908416308542136,0.09551068106612975,0.07857658084149091,0.08156008254857719,0.05198689618884638,0.11345896051264957
2013-06-03 16:00:00,0.0038556702533811423,0.009349220561199766,0.000227059172657393,0.0036645202406556626,0.0,0.007085144813698323
2013-06-03 17:00:00,0.0,0.0,0.0,0.0,0.0,0.0
2013-06-03 18:00:00,0.0,0.0,0.0,0.0,0.0,0.0
2013-06-03 19:00:00,0.0,0.0,0.0,0.0,0.0,0.0
2013-06-03 20:00:00,0.0,0.0,0.0,0.0,0.0,0.0
2013-06-03 21:00:00,0.0,0.0,0.0,0.0,0.0,0.0
2013-06-03 22:00:00,0.0,0.0,0.0,0.0,0.0,0.0
2013-06-03 23:00:00,0.0,0.0,0.0,0.0,0.0,0.0
2013-06-04 00:00:00,0.0,0.0,0.0,0.0,0.0,0.0
2013-06-04 01:00:00,0.0,0.0,0.0,0.0,0.0,0.0
2013-06-04 02:00:00,0.0,0.0,0.0,0.0,0.0,0.0
2013-06-04 03:00:00,0.0,0.0,0.0,0.0,0.0,0.0
2013-06-04 04:00:00,0.015988728737135614,0.011819241140266421,0.03221065766370874,0.009430050018008018,0.04420662720881448,0.03139761433559688
2013-06-04 05:00:00,0.1369511524403433,0.1362261596820354,0.17367935662889544,0.10346493452755184,0.18717649960181934,0.17907154610114842
2013-06-04 06:00:00,0.30601291007724896,0.3098036457703853,0.3461571186071975,0.2523549913460128,0.33819272365434455,0.35560215433150055
2013-06-04 07:00:00,0.4649873761573784,0.468073057364868,0.49344478262305197,0.37356245970772717,0.4437735453298814,0.5071292796757426
2013-06-04 08:00:00,0.5667269827134903,0.5825684996185923,0.583024242196888,0.478303570728871,0.46846766936912204,0.6048628876173986
2013-06-04 09:00:00,0.61016195602242,0.6392370379370934,0.6356677733873262,0.5063130883426189,0.45282133402964586,0.6628554706259379
2013-06-04 10:00:00,0.6005812716250583,0.6388388228260462,0.6406460639270997,0.4922557023105174,0.4221912471589505,0.6710248632888206
2013-06-04 11:00:00,0.5905004847576154,0.6088713286339665,0.5954691167772853,0.4785371496137824,0.35725897081716446,0.6364357128120565
2013-06-04 12:00:00,0.48536558216945763,0.5150163264003803,0.50634239113608,0.39420827387794477,0.31918215193043153,0.5618416884264059
2013-06-04 13:00:00,0.38167915717090134,0.4066917584209505,0.39114882245736493,0.30103486808259516,0.22746975342345185,0.43893931220655424
2013-06-04 14:00:00,0.23800222307569976,0.2506505220065021,0.2323046721957472,0.18884610975187863,0.12690172315900963,0.2808300359367943
2013-06-04 15:00:00,0.09436230644988776,0.1135852539757909,0.07849351646408279,0.07408515870940925,0.037521976685195836,0.11162559933874257
2013-06-04 16:00:00,0.005073395487606848,0.011432834721542339,0.00028075010310354043,0.003447830684951806,0.0,0.007501111077907151
2013-06-04 17:00:00,0.0,0.0,0.0,0.0,0.0,0.0
2013-06-04 18:00:00,0.0,0.0,0.0,0.0,0.0,0.0
2013-06-04 19:00:00,0.0,0.0,0.0,0.0,0.0,0.0
2013-06-04 20:00:00,0.0,0.0,0.0,0.0,0.0,0.0
2013-06-04 21:00:00,0.0,0.0,0.0,0.0,0.0,0.0
2013-06-04 22:00:00,0.0,0.0,0.0,0.0,0.0,0.0
2013-06-04 23:00:00,0.0,0.0,0.0,0.0,0.0,0.0
2013-06-05 00:00:00,0.0,0.0,0.0,0.0,0.0,0.0
2013-06-05 01:00:00,0.0,0.0,0.0,0.0,0.0,0.0
2013-06-05 02:00:00,0.0,0.0,0.0,0.0,0.0,0.0
2013-06-05 03:00:00,0.0,0.0,0.0,0.0,0.0,0.0
2013-06-05 04:00:00,0.014481658857948686,0.011248971630241546,0.029627411306027213,0.008464473933965795,0.03861608534854403,0.02974453463190781
2013-06-05 05:00:00,0.12952619613555158,0.1264079712363252,0.16078213460129562,0.09650019575611805,0.16510569468418396,0.17355752622948556
2013-06-05 06:00:00,0.2843752182209851,0.2879867124246928,0.32761367452749385,0.21851723420739866,0.3116552136404491,0.3475037377214605
2013-06-05 07:00:00,0.3922083857803155,0.4070236826764853,0.44441488825759606,0.2880261821961747,0.37531138874430364,0.4971808651625358
2013-06-05 08:00:00,0.48499977347942574,0.4917681016987543,0.537765915469636,0.37532175555817937,0.4379289059389134,0.59451019728959
2013-06-05 09:00:00,0.5547260039256817,0.5575620312999763,0.5816821756871504,0.4307917510884467,0.4527873220195277,0.6395532779964784
2013-06-05 10:00:00,0.548574853229989,0.5508368700278314,0.5849492360607422,0.3882255071958219,0.42427438344085294,0.6451527147745922
2013-06-05 11:00:00,0.5442623661513734,0.5518649472772724,0.5419054255520289,0.3860555173234105,0.3306020464737528,0.5881475893079338
2013-06-05 12:00:00,0.4432851970496126,0.44547284858607955,0.46741592612979777,0.3009441736935802,0.25062937636392196,0.51572925819394
2013-06-05 13:00:00,0.342784716765576,0.3287917632827276,0.3704977337830456,0.23739536909040956,0.1847883450083281,0.40535638455868395
2013-06-05 14:00:00,0.19293915886048751,0.19610619601754076,0.21793048122750955,0.15092299846706309,0.1026203836703588,0.25739053961054076
2013-06-05 15:00:00,0.07460728827684057,0.07982268473903842,0.07427581368861118,0.061142132764664466,0.028875543826833414,0.10692727114387224
2013-06-05 16:00:00,0.003603356166164624,0.00779191811484056,0.00032657288966260543,0.003329188400665776,0.0,0.007159312692507658
2013-06-05 17:00:00,0.0,0.0,0.0,0.0,0.0,0.0
2013-06-05 18:00:00,0.0,0.0,0.0,0.0,0.0,0.0
2013-06-05 19:00:00,0.0,0.0,0.0,0.0,0.0,0.0
2013-06-05 20:00:00,0.0,0.0,0.0,0.0,0.0,0.0
2013-06-05 21:00:00,0.0,0.0,0.0,0.0,0.0,0.0
2013-06-05 22:00:00,0.0,0.0,0.0,0.0,0.0,0.0
2013-06-05 23:00:00,0.0,0.0,0.0,0.0,0.0,0.0
2013-06-06 00:00:00,0.0,0.0,0.0,0.0,0.0,0.0
2013-06-06 01:00:00,0.0,0.0,0.0,0.0,0.0,0.0
2013-06-06 02:00:00,0.0,0.0,0.0,0.0,0.0,0.0
2013-06-06 03:00:00,0.0,0.0,0.0,0.0,0.0,0.0
2013-06-06 04:00:00,0.014046471501169338,0.009279713314514397,0.027981784454242202,0.007427607384950748,0.03796631271477855,0.027799717527290286
2013-06-06 05:00:00,0.11595251821048731,0.11132940117762971,0.15206096769526023,0.09344058519809302,0.16528135256846088,0.16644189865131648
2013-06-06 06:00:00,0.26701033763971316,0.26337517134416233,0.30954820624215346,0.2109745762609802,0.3103851806978192,0.33707355472687706
2013-06-06 07:00:00,0.4109188151422295,0.4184903622473902,0.4615958466605233,0.3235550833971308,0.39360216765803246,0.4761844317278293
2013-06-06 08:00:00,0.4998433431474208,0.5397271531701405,0.5615708160778461,0.4139256831204355,0.4317249973058847,0.5748813120882078
2013-06-06 09:00:00,0.5399822057445627,0.577292299448735,0.5900403590702943,0.4490359165258058,0.4187818697872269,0.6102537958673003
2013-06-06 10:00:00,0.5632635136268651,0.5965109336795617,0.5417194895779609,0.4717711956774541,0.4307444402300792,0.6079890704566407
2013-06-06 11:00:00,0.5046595289919312,0.5444658389407679,0.4735624082889637,0.41868314857179334,0.36198767220765954,0.5503378844974497
2013-06-06 12:00:00,0.426901112167763,0.444760425204518,0.4370393101533491,0.33487655792712423,0.2742643013669711,0.47713610604615697
2013-06-06 13:00:00,0.32830309772733446,0.3447000475105279,0.35671146426838135,0.26797770223030964,0.2211066608766392,0.36951899915353037
2013-06-06 14:00:00,0.19771365665797527,0.19709344301198212,0.21107671609773007,0.1703259562588658,0.11283777945511346,0.2055112652210949
2013-06-06 15:00:00,0.07902598480320419,0.08762897933104166,0.0742965160714231,0.07820086798419727,0.03219632918125356,0.08912135260244496
2013-06-06 16:00:00,0.0034887732232653152,0.008086620394780588,0.0003690651914624171,0.00416187317806709,0.0,0.005941731080550152
2013-06-06 17:00:00,0.0,0.0,0.0,0.0,0.0,0.0
2013-06-06 18:00:00,0.0,0.0,0.0,0.0,0.0,0.0
2013-06-06 19:00:00,0.0,0.0,0.0,0.0,0.0,0.0
2013-06-06 20:00:00,0.0,0.0,0.0,0.0,0.0,0.0
2013-06-06 21:00:00,0.0,0.0,0.0,0.0,0.0,0.0
2013-06-06 22:00:00,0.0,0.0,0.0,0.0,0.0,0.0
2013-06-06 23:00:00,0.0,0.0,0.0,0.0,0.0,0.0
2013-06-07 00:00:00,0.0,0.0,0.0,0.0,0.0,0.0
2013-06-07 01:00:00,0.0,0.0,0.0,0.0,0.0,0.0
2013-06-07 02:00:00,0.0,0.0,0.0,0.0,0.0,0.0
2013-06-07 03:00:00,0.0,0.0,0.0,0.0,0.0,0.0
2013-06-07 04:00:00,0.012493012448833574,0.00879891782297857,0.028539824271295495,0.008828740967113495,0.04121013678624959,0.026832584873442387
2013-06-07 05:00:00,0.11927071020122092,0.11675977752074121,0.16380997849808934,0.11052173946257256,0.18329359377558618,0.16167515014811046
2013-06-07 06:00:00,0.2783316367407404,0.2760556948617199,0.32867588073989634,0.26237168817725115,0.3471770419266896,0.3268330823726129
2013-06-07 07:00:00,0.43899122120030526,0.43184874551823976,0.4707361839565691,0.3975435538863932,0.48438923975932213,0.4389767743457606
2013-06-07 08:00:00,0.5478219354014778,0.5424864055547025,0.5686679814236713,0.5144333871503647,0.5433079815551067,0.5140238604781221
2013-06-07 09:00:00,0.5747164518223478,0.5968958206773639,0.5904700364840186,0.5389914055957556,0.5420020959790971,0.5897918940696143
2013-06-07 10:00:00,0.5739968649285918,0.6081948586508927,0.5975991413995344,0.5180360366185154,0.47701175006407004,0.5877778343906543
2013-06-07 11:00:00,0.5521672036199964,0.5596554435014284,0.5695994024063314,0.4669567596218675,0.4122185668959217,0.5572687334953198
2013-06-07 12:00:00,0.45720934633107624,0.4699966672278443,0.46981616273126725,0.40264795770500367,0.3309850759481895,0.4822294307013149
2013-06-07 13:00:00,0.359795601496015,0.343674313562545,0.36309659310432446,0.30089338124502235,0.24653920657063919,0.3752010076343232
2013-06-07 14:00:00,0.2119824651521478,0.20814430923516364,0.2095658282779028,0.20480997705867748,0.14361379130350746,0.2384383737198914
2013-06-07 15:00:00,0.08265404435023654,0.09456846355033383,0.0760132203000242,0.08445447600308743,0.04070258326950835,0.0997751093626237
2013-06-07 16:00:00,0.004346184711721174,0.008909213316539119,0.00038026305874862217,0.004128896870887317,0.0,0.006294592202816142
2013-06-07 17:00:00,0.0,0.0,0.0,0.0,0.0,0.0
2013-06-07 18:00:00,0.0,0.0,0.0,0.0,0.0,0.0
2013-06-07 19:00:00,0.0,0.0,0.0,0.0,0.0,0.0
2013-06-07 20:00:00,0.0,0.0,0.0,0.0,0.0,0.0
2013-06-07 21:00:00,0.0,0.0,0.0,0.0,0.0,0.0
2013-06-07 22:00:00,0.0,0.0,0.0,0.0,0.0,0.0
2013-06-07 23:00:00,0.0,0.0,0.0,0.0,0.0,0.0
2013-06-08 00:00:00,0.0,0.0,0.0,0.0,0.0,0.0
2013-06-08 01:00:00,0.0,0.0,0.0,0.0,0.0,0.0
2013-06-08 02:00:00,0.0,0.0,0.0,0.0,0.0,0.0
2013-06-08 03:00:00,0.0,0.0,0.0,0.0,0.0,0.0
2013-06-08 04:00:00,0.01522930825852903,0.010593024400291301,0.023217957757665712,0.009073773775519881,0.03835160036259197,0.01988510684592013
2013-06-08 05:00:00,0.13843587597881693,0.12800057771911497,0.13581850126975434,0.11436656150252972,0.17225139945441004,0.1038319430484068
2013-06-08 06:00:00,0.304754300818756,0.299489773344492,0.2771753456541789,0.2501922840786398,0.32587732654413926,0.23558275126115027
2013-06-08 07:00:00,0.4673096984211574,0.4609163015436211,0.4415158810980204,0.3730270267681314,0.45136262885827033,0.4205793676226256
2013-06-08 08:00:00,0.5512857548567984,0.5627558289491349,0.5345490144116556,0.4345406153676584,0.4854697302072136,0.5570644204521311
2013-06-08 09:00:00,0.597842800936122,0.616228629029669,0.5942678972067591,0.4904384926693997,0.4842272850788447,0.6042283064089857
2013-06-08 10:00:00,0.594760264500575,0.6086973115297085,0.578650497884563,0.5008742924927476,0.37890984882848794,0.5966986180982835
2013-06-08 11:00:00,0.5416448840002163,0.5554568766319136,0.5287586854152343,0.4662231579810007,0.31608622396073593,0.5739681176100556
2013-06-08 12:00:00,0.4886640773467533,0.4778428474617105,0.4524038367941614,0.39780879920785783,0.23129395002364497,0.49857657565394276
2013-06-08 13:00:00,0.35934285554684037,0.3590611444653314,0.35338126636627176,0.2974014203361275,0.16432130876329104,0.37748216929749184
2013-06-08 14:00:00,0.2200025860794292,0.2187847871100269,0.21019480614898003,0.19433061133790894,0.10537222091466526,0.2385405313678368
2013-06-08 15:00:00,0.09014120242003347,0.09301197057651847,0.06766444821412701,0.07783932913030289,0.02660848778698983,0.09743462701614589
2013-06-08 16:00:00,0.005418518055183929,0.010676691707325828,0.0004857858555166196,0.004696429341065105,0.0,0.006518071590866858
2013-06-08 17:00:00,0.0,0.0,0.0,0.0,0.0,0.0
2013-06-08 18:00:00,0.0,0.0,0.0,0.0,0.0,0.0
2013-06-08 19:00:00,0.0,0.0,0.0,0.0,0.0,0.0
2013-06-08 20:00:00,0.0,0.0,0.0,0.0,0.0,0.0
2013-06-08 21:00:00,0.0,0.0,0.0,0.0,0.0,0.0
2013-06-08 22:00:00,0.0,0.0,0.0,0.0,0.0,0.0
2013-06-08 23:00:00,0.0,0.0,0.0,0.0,0.0,0.0
2013-06-09 00:00:00,0.0,0.0,0.0,0.0,0.0,0.0
2013-06-09 01:00:00,0.0,0.0,0.0,0.0,0.0,0.0
2013-06-09 02:00:00,0.0,0.0,0.0,0.0,0.0,0.0
2013-06-09 03:00:00,0.0,0.0,0.0,0.0,0.0,0.0
2013-06-09 04:00:00,0.014079183075588074,0.010652117068461465,0.021028723523796637,0.007346382532905765,0.0323919990290324,0.02588007298921938
2013-06-09 05:00:00,0.12583189148063706,0.12436898148060127,0.11382168251229115,0.10337584434725652,0.13413624273854438,0.15330351866278186
2013-06-09 06:00:00,0.2898034168998693,0.3007873688073918,0.28614787968489597,0.25530941817802144,0.27150789472747117,0.32310240225469533
2013-06-09 07:00:00,0.45297241714444875,0.4411856897611431,0.41727867270769087,0.33610891252386577,0.31509951640980793,0.4714094578767399
2013-06-09 08:00:00,0.5333332784056002,0.545051997184691,0.5083902449656355,0.3887152126252315,0.3965579500379501,0.5732603173490116
2013-06-09 09:00:00,0.5907074864930772,0.5956358146206179,0.5648721772229173,0.42242049101769524,0.3992120553500123,0.6249691287191513
2013-06-09 10:00:00,0.5871639792088151,0.5837420964290848,0.553083165345297,0.45280818022678215,0.3613291106659039,0.6289729165856303
2013-06-09 11:00:00,0.541133051471565,0.5341117155820388,0.531750752928339,0.4188438576619453,0.31168944539711974,0.5803889241474389
2013-06-09 12:00:00,0.4445324980987102,0.42598788011241145,0.44653246667685914,0.3580486902725177,0.24536263659383326,0.4982843979474298
2013-06-09 13:00:00,0.34039957328106085,0.30287279945654144,0.3369476322152674,0.2644655360479957,0.1661997727379534,0.37995427248359903
2013-06-09 14:00:00,0.20670043713843472,0.1963071785241926,0.1964567658535872,0.16955242373331422,0.09312133152637829,0.2332302187832702
2013-06-09 15:00:00,0.08763313837384754,0.09258820124466134,0.06817246049497061,0.06809951568877406,0.027285870642857483,0.09870979650484618
2013-06-09 16:00:00,0.004491883620988415,0.010045260658955505,0.000542219155294101,0.003773291594836543,0.0,0.006861594999756372
2013-06-09 17:00:00,0.0,0.0,0.0,0.0,0.0,0.0
2013-06-09 18:00:00,0.0,0.0,0.0,0.0,0.0,0.0
2013-06-09 19:00:00,0.0,0.0,0.0,0.0,0.0,0.0
2013-06-09 20:00:00,0.0,0.0,0.0,0.0,0.0,0.0
2013-06-09 21:00:00,0.0,0.0,0.0,0.0,0.0,0.0
2013-06-09 22:00:00,0.0,0.0,0.0,0.0,0.0,0.0
2013-06-09 23:00:00,0.0,0.0,0.0,0.0,0.0,0.0
2013-06-10 00:00:00,0.0,0.0,0.0,0.0,0.0,0.0
2013-06-10 01:00:00,0.0,0.0,0.0,0.0,0.0,0.0
2013-06-10 02:00:00,0.0,0.0,0.0,0.0,0.0,0.0
2013-06-10 03:00:00,0.0,0.0,0.0,0.0,0.0,0.0
2013-06-10 04:00:00,0.01325774245985041,0.009898145781154218,0.02512480686165864,0.008886396101123493,0.0355212767027801,0.02720732640803208
2013-06-10 05:00:00,0.12275054420398558,0.11858303323681219,0.14961913781858482,0.10616936132686677,0.16453754394337064,0.15910087168324663
2013-06-10 06:00:00,0.28728067743365227,0.2830291864995787,0.30862567548803,0.2713850074920701,0.32355964024592004,0.32229107388123873
2013-06-10 07:00:00,0.40796580299540386,0.4182950940058019,0.45693425158678097,0.3793242066414131,0.46146163228970155,0.4777859670985413
2013-06-10 08:00:00,0.5123840873900597,0.5376084970531737,0.5554746145609772,0.485329899141588,0.534141161244159,0.5655909098824261
2013-06-10 09:00:00,0.570389828809275,0.5979359121535341,0.6077052464762225,0.5482513748793593,0.5382258454134746,0.5992958843859473
2013-06-10 10:00:00,0.5693326349238896,0.6097780562584281,0.6010209128215301,0.5226242851888155,0.5188053880676321,0.6016682549331483
2013-06-10 11:00:00,0.524984526453218,0.5413651118295304,0.5570291586805147,0.47229710882420745,0.45829267916447847,0.558059193431492
2013-06-10 12:00:00,0.4701999745994433,0.46268114568596147,0.4787853967165819,0.3881585478814798,0.3952838907623256,0.4881301110906311
2013-06-10 13:00:00,0.3559831847508347,0.33681234670286586,0.35621061585041663,0.29305989050209,0.2856942068275254,0.35499746694255857
2013-06-10 14:00:00,0.2381792546206788,0.2151417443183107,0.2071774052061465,0.19564631076168817,0.1633942500293087,0.22889922419266923
2013-06-10 15:00:00,0.08701366985555663,0.08696235823492271,0.06924627243181067,0.07965585829151382,0.04511897999404975,0.08631831453787085
2013-06-10 16:00:00,0.0056330124537746,0.00984710288450739,0.0005682005176018389,0.0044293505272456355,0.0,0.0054233754841483415
2013-06-10 17:00:00,0.0,0.0,0.0,0.0,0.0,0.0
2013-06-10 18:00:00,0.0,0.0,0.0,0.0,0.0,0.0
2013-06-10 19:00:00,0.0,0.0,0.0,0.0,0.0,0.0
2013-06-10 20:00:00,0.0,0.0,0.0,0.0,0.0,0.0
2013-06-10 21:00:00,0.0,0.0,0.0,0.0,0.0,0.0
2013-06-10 22:00:00,0.0,0.0,0.0,0.0,0.0,0.0
2013-06-10 23:00:00,0.0,0.0,0.0,0.0,0.0,0.0
2013-06-11 00:00:00,0.0,0.0,0.0,0.0,0.0,0.0
2013-06-11 01:00:00,0.0,0.0,0.0,0.0,0.0,0.0
2013-06-11 02:00:00,0.0,0.0,0.0,0.0,0.0,0.0
2013-06-11 03:00:00,0.0,0.0,0.0,0.0,0.0,0.0
2013-06-11 04:00:00,0.014077587353917346,0.008741794939456602,0.02598070021095519,0.007936606231194408,0.03830634633418417,0.026683345139464968
2013-06-11 05:00:00,0.12419391168681392,0.11110480282681294,0.15108063761411894,0.09928323949967577,0.17185589151289635,0.15199519362386707
2013-06-11 06:00:00,0.2784656772138506,0.2712887988225645,0.3151902934479873,0.24548675957331392,0.33288613718704985,0.3242023995361638
2013-06-11 07:00:00,0.430849934795088,0.41906982890637007,0.45004514111097244,0.3830059129891599,0.46519716902785774,0.46887718048522786
2013-06-11 08:00:00,0.5106516166402186,0.5237050330668688,0.5479954345490176,0.47550279094938014,0.5445984146339424,0.5620074376169906
2013-06-11 09:00:00,0.5559731472593586,0.5563258951670316,0.5784033073103958,0.5061056950813627,0.5470735229123879,0.6066925404527118
2013-06-11 10:00:00,0.5797554118015175,0.5632365046384161,0.5764359439479873,0.4934929790254587,0.5235749268227549,0.6116175291548014
2013-06-11 11:00:00,0.5739574250473332,0.5180016970008329,0.5370352970064164,0.4465313699944066,0.44200817836473955,0.5609925270660742
2013-06-11 12:00:00,0.48654427088831803,0.45844299067850536,0.45806588957586025,0.3891503386906766,0.3156852364104582,0.4854821355505951
2013-06-11 13:00:00,0.36610084738557086,0.34132479957451917,0.345528026716807,0.2894017781504414,0.21533523732657145,0.3640591335189408
2013-06-11 14:00:00,0.2375627852659991,0.23834797725011778,0.20834314530582795,0.17270669910718742,0.13083457808227106,0.22908373305425567
2013-06-11 15:00:00,0.08977895098596916,0.09364698668859348,0.07019782391364783,0.0700791056259161,0.036667436386305416,0.08092772515911922
2013-06-11 16:00:00,0.004915098322541859,0.010178670499760985,0.0007452201477407888,0.0042861384973617725,0.0,0.005008361957538395
2013-06-11 17:00:00,0.0,0.0,0.0,0.0,0.0,0.0
2013-06-11 18:00:00,0.0,0.0,0.0,0.0,0.0,0.0
2013-06-11 19:00:00,0.0,0.0,0.0,0.0,0.0,0.0
2013-06-11 20:00:00,0.0,0.0,0.0,0.0,0.0,0.0
2013-06-11 21:00:00,0.0,0.0,0.0,0.0,0.0,0.0
2013-06-11 22:00:00,0.0,0.0,0.0,0.0,0.0,0.0
2013-06-11 23:00:00,0.0,0.0,0.0,0.0,0.0,0.0
2013-06-12 00:00:00,0.0,0.0,0.0,0.0,0.0,0.0
2013-06-12 01:00:00,0.0,0.0,0.0,0.0,0.0,0.0
2013-06-12 02:00:00,0.0,0.0,0.0,0.0,0.0,0.0
2013-06-12 03:00:00,0.0,0.0,0.0,0.0,0.0,0.0
2013-06-12 04:00:00,0.011634865149888056,0.007471488967534876,0.027284473013714495,0.007339196368583747,0.03239212363213871,0.024625217713493373
2013-06-12 05:00:00,0.1075973755498801,0.08736625397939285,0.15446459479513377,0.09363233849389321,0.14256644307787758,0.14433130243988002
2013-06-12 06:00:00,0.2398055555544997,0.23331762855534763,0.31595222087147995,0.22156293752012202,0.2826011004135751,0.3042625046030943
2013-06-12 07:00:00,0.3980159276301267,0.3805516764043956,0.4522466368137417,0.36448281610989536,0.38976997685740955,0.43906088753269523
2013-06-12 08:00:00,0.5015970818577966,0.45460573527156445,0.5406478950173346,0.45413613809274755,0.4218504046441063,0.5231721387561237
2013-06-12 09:00:00,0.5649616974229353,0.4960609452042359,0.5925078616275283,0.4949896719821981,0.44350065953406004,0.5565440574589661
2013-06-12 10:00:00,0.6081955889661625,0.5263076682348556,0.5769845900230309,0.522330615584767,0.40197781330869126,0.5857305816844551
2013-06-12 11:00:00,0.531580891019395,0.4555352007519858,0.5327442198250115,0.45614393871480813,0.3382097958166399,0.49773583015160894
2013-06-12 12:00:00,0.4600843411900053,0.37949149329164816,0.4615129827769457,0.38077865284475676,0.27298625438525126,0.39932262966247983
2013-06-12 13:00:00,0.3652393992668664,0.29413383825137546,0.3608149597870996,0.29085607423601345,0.21763364626623807,0.3354223744675593
2013-06-12 14:00:00,0.22097969906369866,0.17983229337594817,0.2139437423635667,0.17473669919555845,0.12046389276459751,0.1929362389254751
2013-06-12 15:00:00,0.09053260892320202,0.07594168590338568,0.07521855183385212,0.07493273430115137,0.035140189571670755,0.0691817856958526
2013-06-12 16:00:00,0.006032038443267606,0.011403160460143199,0.0007728219676216352,0.004503233747857185,0.0,0.003630250795564338
2013-06-12 17:00:00,0.0,0.0,0.0,0.0,0.0,0.0
2013-06-12 18:00:00,0.0,0.0,0.0,0.0,0.0,0.0
2013-06-12 19:00:00,0.0,0.0,0.0,0.0,0.0,0.0
2013-06-12 20:00:00,0.0,0.0,0.0,0.0,0.0,0.0
2013-06-12 21:00:00,0.0,0.0,0.0,0.0,0.0,0.0
2013-06-12 22:00:00,0.0,0.0,0.0,0.0,0.0,0.0
2013-06-12 23:00:00,0.0,0.0,0.0,0.0,0.0,0.0
2013-06-13 00:00:00,0.0,0.0,0.0,0.0,0.0,0.0
2013-06-13 01:00:00,0.0,0.0,0.0,0.0,0.0,0.0
2013-06-13 02:00:00,0.0,0.0,0.0,0.0,0.0,0.0
2013-06-13 03:00:00,0.0,0.0,0.0,0.0,0.0,0.0
2013-06-13 04:00:00,0.009454529999043627,0.003962082907548952,0.024556794803645716,0.007325437531903568,0.03671227436664763,0.01856652779865329
2013-06-13 05:00:00,0.09912056598980583,0.06617541282673062,0.1465347451080131,0.09157284654601697,0.1694062493747,0.11896132017486641
2013-06-13 06:00:00,0.2191638676536617,0.16296554753617556,0.2974831878031318,0.23633193517337217,0.3257583501539661,0.2490587244172608
2013-06-13 07:00:00,0.4005097703603859,0.28525120624715466,0.4372385413045489,0.3743104684945329,0.4684429837933899,0.3855448363243446
2013-06-13 08:00:00,0.48011499246403105,0.36558989070559106,0.5303108192394665,0.4610124382911971,0.5577759552657441,0.49925314907675605
2013-06-13 09:00:00,0.5343831327677869,0.42905931916580753,0.5600772586520757,0.5377341548491376,0.6042618393259074,0.5418558157770128
2013-06-13 10:00:00,0.5338197841562875,0.46733716985936946,0.5290875478965213,0.5345544299223559,0.5916121046517598,0.5316413465673011
2013-06-13 11:00:00,0.47759406795243337,0.43769926910797163,0.4790151080324132,0.47665967229066747,0.5266809871474392,0.502767866313573
2013-06-13 12:00:00,0.40872265275258024,0.3725675208483935,0.423656439014464,0.3941649052318486,0.4337624841987239,0.3943546164940351
2013-06-13 13:00:00,0.296231873586299,0.284612483817907,0.3141236713276545,0.27762460765288205,0.30768895900295057,0.3231051887793299
2013-06-13 14:00:00,0.15736503385815667,0.16455189844980264,0.1897881633589119,0.16706170010836116,0.16341894832417347,0.18677610147857648
2013-06-13 15:00:00,0.05683089586883835,0.07665357082477756,0.05692879089612452,0.06756448974396986,0.041692581865891094,0.0682454581216196
2013-06-13 16:00:00,0.0034428162697442556,0.008691325259049705,0.0005521880489989177,0.0039035936679423285,0.0,0.0040255043019983
2013-06-13 17:00:00,0.0,0.0,0.0,0.0,0.0,0.0
2013-06-13 18:00:00,0.0,0.0,0.0,0.0,0.0,0.0
2013-06-13 19:00:00,0.0,0.0,0.0,0.0,0.0,0.0
2013-06-13 20:00:00,0.0,0.0,0.0,0.0,0.0,0.0
2013-06-13 21:00:00,0.0,0.0,0.0,0.0,0.0,0.0
2013-06-13 22:00:00,0.0,0.0,0.0,0.0,0.0,0.0
2013-06-13 23:00:00,0.0,0.0,0.0,0.0,0.0,0.0
2013-06-14 00:00:00,0.0,0.0,0.0,0.0,0.0,0.0
2013-06-14 01:00:00,0.0,0.0,0.0,0.0,0.0,0.0
2013-06-14 02:00:00,0.0,0.0,0.0,0.0,0.0,0.0
2013-06-14 03:00:00,0.0,0.0,0.0,0.0,0.0,0.0
2013-06-14 04:00:00,0.008574406489801761,0.006683356303907374,0.020857959001819647,0.007359470091641005,0.03417418405234104,0.02011097559159211
2013-06-14 05:00:00,0.08963646424206424,0.08690450479335783,0.12755251379028026,0.09619972206765617,0.16010830332408305,0.12831666271405248
2013-06-14 06:00:00,0.21312671762123508,0.21276033623620447,0.2589049562994473,0.2490613639615449,0.295572522751149,0.24907708763790357
2013-06-14 07:00:00,0.31592982005505466,0.3090174830188173,0.4072509245484223,0.3744009792414797,0.4207040222473415,0.3782389931432944
2013-06-14 08:00:00,0.388134739886072,0.3755816684257418,0.49895125452102823,0.45057734285903367,0.482918391494989,0.4703438682386763
2013-06-14 09:00:00,0.42338648317843286,0.38942045317971885,0.5418047745359323,0.49151062260636114,0.5011662644700074,0.5274928379254941
2013-06-14 10:00:00,0.4632151671861416,0.4631714002073316,0.5516936246464031,0.4650683039434226,0.49381301302966807,0.5269027633967386
2013-06-14 11:00:00,0.48074788806528246,0.45014873974682795,0.508091578054509,0.43991026009024237,0.44691732696324316,0.47387812302657817
2013-06-14 12:00:00,0.39557154883633733,0.3850616722129659,0.43206197238038946,0.34241043072807437,0.3779643539068829,0.4438481399639667
2013-06-14 13:00:00,0.32287835804433673,0.3355052608569605,0.3175447833662489,0.27300335898214995,0.2744881093290063,0.3270512510794534
2013-06-14 14:00:00,0.1895503618231905,0.21057079146428598,0.19261483470992422,0.16020862090702234,0.15926820298214645,0.20373510858390537
2013-06-14 15:00:00,0.06761701380740878,0.09261469150585652,0.0561550934587709,0.06592367808837706,0.04047138024965304,0.06867642269897051
2013-06-14 16:00:00,0.0038661705345164016,0.01147074423955812,0.0006552146114508862,0.004124783788417085,0.0,0.004287058494416281
2013-06-14 17:00:00,0.0,0.0,0.0,0.0,0.0,0.0
2013-06-14 18:00:00,0.0,0.0,0.0,0.0,0.0,0.0
2013-06-14 19:00:00,0.0,0.0,0.0,0.0,0.0,0.0
2013-06-14 20:00:00,0.0,0.0,0.0,0.0,0.0,0.0
2013-06-14 21:00:00,0.0,0.0,0.0,0.0,0.0,0.0
2013-06-14 22:00:00,0.0,0.0,0.0,0.0,0.0,0.0
2013-06-14 23:00:00,0.0,0.0,0.0,0.0,0.0,0.0
2013-06-15 00:00:00,0.0,0.0,0.0,0.0,0.0,0.0
2013-06-15 01:00:00,0.0,0.0,0.0,0.0,0.0,0.0
2013-06-15 02:00:00,0.0,0.0,0.0,0.0,0.0,0.0
2013-06-15 03:00:00,0.0,0.0,0.0,0.0,0.0,0.0
2013-06-15 04:00:00,0.010897759893513397,0.008350891624379412,0.022311040177665085,0.0073268490906029495,0.03504547780545285,0.020281870189957085
2013-06-15 05:00:00,0.10438534260010389,0.10327517292510674,0.13423828769141996,0.0998357467298298,0.16393721909176595,0.13555539515059173
2013-06-15 06:00:00,0.2407895515523257,0.2574459389824751,0.2880966289029175,0.23570890571214034,0.31808627253082017,0.276428919079694
2013-06-15 07:00:00,0.40377979552768734,0.41254851582351215,0.40443137863029316,0.35692964845414316,0.45205414842139946,0.40909354281645843
2013-06-15 08:00:00,0.5008817053634063,0.5278897124161496,0.5120433814476556,0.44787825881803445,0.5123350851870899,0.5240337680316727
2013-06-15 09:00:00,0.5775923994970519,0.6007471520557726,0.5565219707744107,0.48165256876134444,0.5161191744540194,0.5854935772876764
2013-06-15 10:00:00,0.5706272965873732,0.6175722884039845,0.556139461062943,0.47492203407717365,0.43633857408178073,0.5560405049736942
2013-06-15 11:00:00,0.4868617689951282,0.5273233037076878,0.49865447566774185,0.43329179797767814,0.369993056904924,0.5246124921833888
2013-06-15 12:00:00,0.4252564949002909,0.4559273323563341,0.4034397565479213,0.3730002984562103,0.28779779014167217,0.40255260649090574
2013-06-15 13:00:00,0.30132296845571527,0.324802848304853,0.30700080829503684,0.2663833102031552,0.20831821285257499,0.3088246955110423
2013-06-15 14:00:00,0.17774252362774656,0.18435936244287773,0.18310077582605433,0.15391331368129368,0.12699793637969017,0.1983401537516292
2013-06-15 15:00:00,0.06722771623778981,0.08419925863517636,0.06136238917642512,0.0647311785528309,0.03623029282786344,0.07619694158340141
2013-06-15 16:00:00,0.003793778259857847,0.010228873131389394,0.0008124056089632737,0.003938997681204379,0.0,0.004550928456288643
2013-06-15 17:00:00,0.0,0.0,0.0,0.0,0.0,0.0
2013-06-15 18:00:00,0.0,0.0,0.0,0.0,0.0,0.0
2013-06-15 19:00:00,0.0,0.0,0.0,0.0,0.0,0.0
2013-06-15 20:00:00,0.0,0.0,0.0,0.0,0.0,0.0
2013-06-15 21:00:00,0.0,0.0,0.0,0.0,0.0,0.0
2013-06-15 22:00:00,0.0,0.0,0.0,0.0,0.0,0.0
2013-06-15 23:00:00,0.0,0.0,0.0,0.0,0.0,0.0
2013-06-16 00:00:00,0.0,0.0,0.0,0.0,0.0,0.0
2013-06-16 01:00:00,0.0,0.0,0.0,0.0,0.0,0.0
2013-06-16 02:00:00,0.0,0.0,0.0,0.0,0.0,0.0
2013-06-16 03:00:00,0.0,0.0,0.0,0.0,0.0,0.0
2013-06-16 04:00:00,0.009216796400778606,0.008236211408865988,0.023297257042604647,0.006286878320771249,0.03317891090683972,0.02281394207801403
2013-06-16 05:00:00,0.10134700816709444,0.10551058590313475,0.13515343077952383,0.08965023300634835,0.1590346437242564,0.12973533321079675
2013-06-16 06:00:00,0.23613540593233148,0.25673328871034723,0.27460451782044176,0.22415994607889253,0.3065275195991682,0.2774145891810234
2013-06-16 07:00:00,0.391483498384074,0.40496982868729114,0.41028510914468214,0.2994621402298402,0.4210593452467239,0.4092657357513398
2013-06-16 08:00:00,0.49754771491361577,0.5014752586916157,0.4798323302766942,0.3948553401233104,0.4666324394960835,0.49438650560430497
2013-06-16 09:00:00,0.543999668788334,0.5246501638006257,0.5155342362064786,0.4267242873424954,0.4627576264585272,0.5507809769321171
2013-06-16 10:00:00,0.5602426323178159,0.5457963154419561,0.5278638681565146,0.4581844912223389,0.39272408471184284,0.5610839899473242
2013-06-16 11:00:00,0.47308415820347466,0.46657795021635495,0.46990951780881945,0.3945569090608393,0.30950848895336136,0.4863326609355657
2013-06-16 12:00:00,0.4091032148958945,0.42069947570234056,0.39727596117250946,0.34133839576142966,0.23393032821584256,0.4219489921025403
2013-06-16 13:00:00,0.26262648485639656,0.29377118026983406,0.2750501578700159,0.25974129760234294,0.16978351776792472,0.3028947517803406
2013-06-16 14:00:00,0.15187818928250071,0.19004342981003242,0.14990815825370182,0.15418215406740718,0.09216578866289946,0.18649754652205877
2013-06-16 15:00:00,0.05722618099911399,0.08801310469529738,0.05135566107765533,0.06024733604121595,0.025910326394689986,0.07465946988724582
2013-06-16 16:00:00,0.003538358187029227,0.012026488419225375,0.000556118271641992,0.004314465564390655,0.0,0.0057190240680085385
2013-06-16 17:00:00,0.0,0.0,0.0,0.0,0.0,0.0
2013-06-16 18:00:00,0.0,0.0,0.0,0.0,0.0,0.0
2013-06-16 19:00:00,0.0,0.0,0.0,0.0,0.0,0.0
2013-06-16 20:00:00,0.0,0.0,0.0,0.0,0.0,0.0
2013-06-16 21:00:00,0.0,0.0,0.0,0.0,0.0,0.0
2013-06-16 22:00:00,0.0,0.0,0.0,0.0,0.0,0.0
2013-06-16 23:00:00,0.0,0.0,0.0,0.0,0.0,0.0
2013-06-17 00:00:00,0.0,0.0,0.0,0.0,0.0,0.0
2013-06-17 01:00:00,0.0,0.0,0.0,0.0,0.0,0.0
2013-06-17 02:00:00,0.0,0.0,0.0,0.0,0.0,0.0
2013-06-17 03:00:00,0.0,0.0,0.0,0.0,0.0,0.0
2013-06-17 04:00:00,0.006790845481704415,0.008030785713231608,0.01696024659347546,0.0034172907812911385,0.024028416334544972,0.015685919287700148
2013-06-17 05:00:00,0.07711068723461437,0.10842790639020328,0.10292004279375883,0.057275108931642185,0.11415756412407246,0.09733039104400891
2013-06-17 06:00:00,0.20983205635292115,0.27018850952558116,0.2250534893517411,0.15196208630587707,0.20917152856649976,0.2380974791769691
2013-06-17 07:00:00,0.2989885413700176,0.3991178300600725,0.3098687460088037,0.1969242624977896,0.31770442137210175,0.38417603284196616
2013-06-17 08:00:00,0.37902868021978514,0.471769554750799,0.4001769426783355,0.2688560698325306,0.4016885148606738,0.47713744341848285
2013-06-17 09:00:00,0.39779498986241846,0.5061142390550921,0.4292719949602384,0.3319089496252985,0.4296126714039318,0.5440610241012399
2013-06-17 10:00:00,0.4381726240888155,0.5200647665350688,0.4398381794153734,0.3435166192282937,0.44080382349157504,0.5743624356126055
2013-06-17 11:00:00,0.4244382691057184,0.47593463186441726,0.4203330956743751,0.29120353289871026,0.37007336225738746,0.5123399625423167
2013-06-17 12:00:00,0.3872971710524974,0.4241596332997944,0.3668711647874248,0.2490111942823174,0.2652916542827721,0.4503113818010096
2013-06-17 13:00:00,0.28118169968608453,0.3287003567359314,0.2631388785915617,0.209710181114228,0.14907275463369768,0.33235246128177587
2013-06-17 14:00:00,0.1478567494505092,0.19384464448386574,0.15228383008710566,0.11048313886690968,0.06838407584894979,0.20993436563976187
2013-06-17 15:00:00,0.060155938147981286,0.09423047370964381,0.049125580937574014,0.04854636063603083,0.019410280771333888,0.08403147460430319
2013-06-17 16:00:00,0.0034722607575218747,0.01170164639889666,0.0007920638314138356,0.003323584162265437,0.0,0.006080581679248623
2013-06-17 17:00:00,0.0,0.0,0.0,0.0,0.0,0.0
2013-06-17 18:00:00,0.0,0.0,0.0,0.0,0.0,0.0
2013-06-17 19:00:00,0.0,0.0,0.0,0.0,0.0,0.0
2013-06-17 20:00:00,0.0,0.0,0.0,0.0,0.0,0.0
2013-06-17 21:00:00,0.0,0.0,0.0,0.0,0.0,0.0
2013-06-17 22:00:00,0.0,0.0,0.0,0.0,0.0,0.0
2013-06-17 23:00:00,0.0,0.0,0.0,0.0,0.0,0.0
2013-06-18 00:00:00,0.0,0.0,0.0,0.0,0.0,0.0
2013-06-18 01:00:00,0.0,0.0,0.0,0.0,0.0,0.0
2013-06-18 02:00:00,0.0,0.0,0.0,0.0,0.0,0.0
2013-06-18 03:00:00,0.0,0.0,0.0,0.0,0.0,0.0
2013-06-18 04:00:00,0.008624970724073892,0.00816763972582113,0.017540692288672735,0.0023737530485530194,0.024740071338997544,0.02304853723985768
2013-06-18 05:00:00,0.08481865082344732,0.10534385181334839,0.10869370898594975,0.04414718842398717,0.11574671677074409,0.1420008308913368
2013-06-18 06:00:00,0.2216444789597028,0.2607021269338444,0.2381434096049862,0.13271993708468832,0.23685940888524284,0.29897793145363927
2013-06-18 07:00:00,0.29110140604007173,0.4187204276549189,0.3330008097904781,0.1961696754338223,0.3166640178498133,0.44898018913935595
2013-06-18 08:00:00,0.3935670370685394,0.4883786528571343,0.4334028411946808,0.28855397632235175,0.36399976474226214,0.5322575565098567
2013-06-18 09:00:00,0.46279608901526664,0.551489591752877,0.5222560619027126,0.34674420996518523,0.4229759805686415,0.5998357000718384
2013-06-18 10:00:00,0.4661274336150103,0.5155814216792728,0.5124681492444253,0.37150375157965143,0.36476587890472584,0.5793057006620991
2013-06-18 11:00:00,0.4758108503634439,0.4991904129458319,0.48595008123685923,0.37876370332024123,0.29963595256791026,0.5431095089283949
2013-06-18 12:00:00,0.40323594831280757,0.4004869899922721,0.4076945349184003,0.3156886915046056,0.22017845740671693,0.4625838054349043
2013-06-18 13:00:00,0.293618103344206,0.31773826434729635,0.308392272934934,0.2564560918264234,0.16190834612437852,0.3606156311097905
2013-06-18 14:00:00,0.1747326066437097,0.1916540274377175,0.16901794919560245,0.15340082358302276,0.08281951576582128,0.22503350424817667
2013-06-18 15:00:00,0.07611073634388611,0.10122056234898585,0.06156236070613622,0.06490806649867988,0.021825661461929283,0.09105898390718162
2013-06-18 16:00:00,0.005152538424462161,0.011257601916874523,0.0009548603127252758,0.00364624105078507,0.0,0.006940726120342849
2013-06-18 17:00:00,0.0,0.0,0.0,0.0,0.0,0.0
2013-06-18 18:00:00,0.0,0.0,0.0,0.0,0.0,0.0
2013-06-18 19:00:00,0.0,0.0,0.0,0.0,0.0,0.0
2013-06-18 20:00:00,0.0,0.0,0.0,0.0,0.0,0.0
2013-06-18 21:00:00,0.0,0.0,0.0,0.0,0.0,0.0
2013-06-18 22:00:00,0.0,0.0,0.0,0.0,0.0,0.0
2013-06-18 23:00:00,0.0,0.0,0.0,0.0,0.0,0.0
2013-06-19 00:00:00,0.0,0.0,0.0,0.0,0.0,0.0
2013-06-19 01:00:00,0.0,0.0,0.0,0.0,0.0,0.0
2013-06-19 02:00:00,0.0,0.0,0.0,0.0,0.0,0.0
2013-06-19 03:00:00,0.0,0.0,0.0,0.0,0.0,0.0
2013-06-19 04:00:00,0.008649674409658923,0.006072788828522985,0.02038784652313598,0.003872373334919823,0.028227033275318954,0.020896120178862013
2013-06-19 05:00:00,0.0868999006159631,0.08339254399034259,0.12557887798265407,0.06542704280651339,0.14066497889803486,0.1308259066123617
2013-06-19 06:00:00,0.22039395266405126,0.21912773825237003,0.2663535258343149,0.172770370149566,0.28545826508956035,0.2857375988546512
2013-06-19 07:00:00,0.3376908007866119,0.32694426930040527,0.3904954121076343,0.28205324362328177,0.38670426437992667,0.43590484606948204
2013-06-19 08:00:00,0.4508221546552173,0.43475296697182575,0.4920068827788601,0.36004968293400186,0.44857233716394385,0.5493967838627831
2013-06-19 09:00:00,0.4990344521041268,0.5031300175927373,0.5089981744257822,0.40511538402774244,0.45341183229556803,0.6033444384755725
2013-06-19 10:00:00,0.5260877452106497,0.5205229652006526,0.5259471126058033,0.3978253663546919,0.39177415223677425,0.5506403028230068
2013-06-19 11:00:00,0.49806086672437594,0.49587267882579306,0.47409829184317076,0.37796993951181995,0.29308422842259696,0.5177864122925276
2013-06-19 12:00:00,0.4449736456933334,0.43364239024736556,0.41108925536805335,0.31512449885616045,0.22712265995990544,0.4328240603599851
2013-06-19 13:00:00,0.30000020108220854,0.3069278025943829,0.31063386073770244,0.2378493072142947,0.14560023744876702,0.3460190197582954
2013-06-19 14:00:00,0.18136771186162795,0.18705614037717477,0.18339017085302312,0.13339152362621337,0.07898325676548087,0.21374674980303182
2013-06-19 15:00:00,0.07143829605978708,0.07484057853468662,0.06369913133604495,0.05394703535217559,0.0249070946835267,0.08101761330947166
2013-06-19 16:00:00,0.005004830433280387,0.009071325937982948,0.0012532022362789792,0.004256748806566133,0.0,0.006739576512691171
2013-06-19 17:00:00,0.0,0.0,0.0,0.0,0.0,0.0
2013-06-19 18:00:00,0.0,0.0,0.0,0.0,0.0,0.0
2013-06-19 19:00:00,0.0,0.0,0.0,0.0,0.0,0.0
2013-06-19 20:00:00,0.0,0.0,0.0,0.0,0.0,0.0
2013-06-19 21:00:00,0.0,0.0,0.0,0.0,0.0,0.0
2013-06-19 22:00:00,0.0,0.0,0.0,0.0,0.0,0.0
2013-06-19 23:00:00,0.0,0.0,0.0,0.0,0.0,0.0
2013-06-20 00:00:00,0.0,0.0,0.0,0.0,0.0,0.0
2013-06-20 01:00:00,0.0,0.0,0.0,0.0,0.0,0.0
2013-06-20 02:00:00,0.0,0.0,0.0,0.0,0.0,0.0
2013-06-20 03:00:00,0.0,0.0,0.0,0.0,0.0,0.0
2013-06-20 04:00:00,0.010306845297066589,0.005376271588914465,0.022800140495093747,0.004890943484143687,0.03083143064490643,0.021746551355880526
2013-06-20 05:00:00,0.10786805710389603,0.075134738395602,0.14006866219508934,0.08499399124608321,0.14989243824114895,0.13662851050419303
2013-06-20 06:00:00,0.24117143479622397,0.20291061383591036,0.29334650977336635,0.21805921302956754,0.28848698613018114,0.29367008871232186
2013-06-20 07:00:00,0.3733648481467559,0.30731081272456734,0.43666357600878714,0.32096958349557053,0.39310397867016816,0.43626561168542777
2013-06-20 08:00:00,0.4742259014341926,0.42481294052902263,0.5218438963432794,0.4074493592190612,0.42091833214289975,0.5403893878198235
2013-06-20 09:00:00,0.5637784445109648,0.5175816686875673,0.5542961135398505,0.45912405966632003,0.41858088817562306,0.5986289789148386
2013-06-20 10:00:00,0.5548375150073415,0.5384700317768819,0.5382768289714381,0.4485250248768628,0.3526957195958605,0.6017900931745228
2013-06-20 11:00:00,0.5395610282479487,0.4983506743096177,0.4973980499160183,0.4096287774319295,0.2981524255543997,0.551997243836229
2013-06-20 12:00:00,0.4578289177468691,0.43920418708502645,0.42660133089457347,0.3481666192801646,0.23622920443437867,0.44604536121367594
2013-06-20 13:00:00,0.3482182109162365,0.3312096965248261,0.32980152751077485,0.26517112248051083,0.15937959665934565,0.3364890317814179
2013-06-20 14:00:00,0.20063571152872806,0.1937894965546295,0.19374069512302186,0.15356758315981064,0.09190284205837462,0.20009473966801417
2013-06-20 15:00:00,0.083159478471471,0.08121260975148147,0.06458516035877707,0.06521864914112932,0.027618075704971847,0.07747876673364208
2013-06-20 16:00:00,0.0056624164435506615,0.010278441038126638,0.0010893405322634521,0.00511911760472756,0.0,0.005227726235413634
2013-06-20 17:00:00,0.0,0.0,0.0,0.0,0.0,0.0
2013-06-20 18:00:00,0.0,0.0,0.0,0.0,0.0,0.0
2013-06-20 19:00:00,0.0,0.0,0.0,0.0,0.0,0.0
2013-06-20 20:00:00,0.0,0.0,0.0,0.0,0.0,0.0
2013-06-20 21:00:00,0.0,0.0,0.0,0.0,0.0,0.0
2013-06-20 22:00:00,0.0,0.0,0.0,0.0,0.0,0.0
2013-06-20 23:00:00,0.0,0.0,0.0,0.0,0.0,0.0
2013-06-21 00:00:00,0.0,0.0,0.0,0.0,0.0,0.0
2013-06-21 01:00:00,0.0,0.0,0.0,0.0,0.0,0.0
2013-06-21 02:00:00,0.0,0.0,0.0,0.0,0.0,0.0
2013-06-21 03:00:00,0.0,0.0,0.0,0.0,0.0,0.0
2013-06-21 04:00:00,0.00900835582346871,0.0058527953831328415,0.022513165045229613,0.004835656786896078,0.024582329003650052,0.02122243063826425
2013-06-21 05:00:00,0.10308382459060443,0.09428871167278088,0.1383206825461197,0.07828133919276804,0.1259984616284,0.1368680124443386
2013-06-21 06:00:00,0.2565989631839862,0.24642908038379183,0.289531896668852,0.20799051547118072,0.24767733944713208,0.29608809163275823
2013-06-21 07:00:00,0.38982772469881366,0.39469083445321806,0.4266276206860631,0.322998768894909,0.3379209311312153,0.424015189421313
2013-06-21 08:00:00,0.5043800407492958,0.5078549807837415,0.5116526028675831,0.4299458534894556,0.4017283200140358,0.5450190549502296
2013-06-21 09:00:00,0.5679020039840383,0.5878905841103784,0.5596160781777074,0.4698497831655453,0.4545293150000624,0.6039114772063482
2013-06-21 10:00:00,0.5745645329433143,0.586788094718009,0.5521640193263052,0.4566655925810967,0.42379225796615105,0.6169198798622418
2013-06-21 11:00:00,0.5255832665592932,0.550023020233887,0.5148922486787121,0.3927015952817546,0.3478494084473187,0.5358791660287172
2013-06-21 12:00:00,0.47157706546106654,0.45209513261804307,0.4407924451144163,0.3247016971302634,0.2731930610318316,0.458269071188032
2013-06-21 13:00:00,0.35969804134253547,0.3250045627411866,0.3386593264201464,0.24595324063301904,0.19055777390137066,0.3624176211730034
2013-06-21 14:00:00,0.2186358058148947,0.1823186749597131,0.20010866255500503,0.1535899534073208,0.11219606844622784,0.21264077530297568
2013-06-21 15:00:00,0.0776376766207439,0.08487059704452157,0.07007846990436682,0.060598356899834255,0.03272621012395423,0.07474430750946019
2013-06-21 16:00:00,0.004585129664972999,0.010114280664479646,0.0012739464111202667,0.004199822903289948,0.0,0.0049279748578131615
2013-06-21 17:00:00,0.0,0.0,0.0,0.0,0.0,0.0
2013-06-21 18:00:00,0.0,0.0,0.0,0.0,0.0,0.0
2013-06-21 19:00:00,0.0,0.0,0.0,0.0,0.0,0.0
2013-06-21 20:00:00,0.0,0.0,0.0,0.0,0.0,0.0
2013-06-21 21:00:00,0.0,0.0,0.0,0.0,0.0,0.0
2013-06-21 22:00:00,0.0,0.0,0.0,0.0,0.0,0.0
2013-06-21 23:00:00,0.0,0.0,0.0,0.0,0.0,0.0
2013-06-22 00:00:00,0.0,0.0,0.0,0.0,0.0,0.0
2013-06-22 01:00:00,0.0,0.0,0.0,0.0,0.0,0.0
2013-06-22 02:00:00,0.0,0.0,0.0,0.0,0.0,0.0
2013-06-22 03:00:00,0.0,0.0,0.0,0.0,0.0,0.0
2013-06-22 04:00:00,0.009635203791879482,0.0066058826829741915,0.021007190557797054,0.005455636950949506,0.032019900550704826,0.02093889541766908
2013-06-22 05:00:00,0.10258251195944226,0.09338263972629236,0.13275625389968276,0.08688772268098359,0.15332569539895918,0.13303638406810828
2013-06-22 06:00:00,0.23961847097221176,0.22946677769564328,0.2898401478177174,0.22637867124212116,0.30900564699966876,0.2928705226075364
2013-06-22 07:00:00,0.3729587808960454,0.3405544546178829,0.42523297076261396,0.342933536464812,0.44892453898122325,0.4357924658174457
2013-06-22 08:00:00,0.4752720757793854,0.4658743302980172,0.5162934329388402,0.4568453665748708,0.5249679911480581,0.5357580120531528
2013-06-22 09:00:00,0.5376677961599631,0.5311052063372175,0.542874051001912,0.49798971226798405,0.5355438618885219,0.5834943378061664
2013-06-22 10:00:00,0.5234068621655729,0.5625820342166753,0.5364640942409256,0.48365542439582554,0.48603767095704936,0.5794325717587672
2013-06-22 11:00:00,0.4951530842270689,0.5324444222102381,0.5060482488455389,0.43197790643434064,0.39457162975127474,0.5285019865735137
2013-06-22 12:00:00,0.408835554786266,0.409979062440654,0.41882127610241965,0.3620285387302721,0.292662468529184,0.452184571022044
2013-06-22 13:00:00,0.30738028836133907,0.3108434995137908,0.30630854145354025,0.28329625184775353,0.20400760892483305,0.3454151535345194
2013-06-22 14:00:00,0.1983729754259462,0.19045768950784034,0.2051410691254216,0.17884435283235492,0.12208838602440769,0.21502366393340971
2013-06-22 15:00:00,0.07864876343352345,0.0802482150790252,0.06907942352810086,0.07446702975618684,0.03566290040944428,0.0764474344865521
2013-06-22 16:00:00,0.006069977874746479,0.009376302324361726,0.001440709470664789,0.005880984690288263,0.0,0.006053602855365678
2013-06-22 17:00:00,0.0,0.0,0.0,0.0,0.0,0.0
2013-06-22 18:00:00,0.0,0.0,0.0,0.0,0.0,0.0
2013-06-22 19:00:00,0.0,0.0,0.0,0.0,0.0,0.0
2013-06-22 20:00:00,0.0,0.0,0.0,0.0,0.0,0.0
2013-06-22 21:00:00,0.0,0.0,0.0,0.0,0.0,0.0
2013-06-22 22:00:00,0.0,0.0,0.0,0.0,0.0,0.0
2013-06-22 23:00:00,0.0,0.0,0.0,0.0,0.0,0.0
2013-06-23 00:00:00,0.0,0.0,0.0,0.0,0.0,0.0
2013-06-23 01:00:00,0.0,0.0,0.0,0.0,0.0,0.0
2013-06-23 02:00:00,0.0,0.0,0.0,0.0,0.0,0.0
2013-06-23 03:00:00,0.0,0.0,0.0,0.0,0.0,0.0
2013-06-23 04:00:00,0.008769067669453828,0.005627280862661671,0.02260123717403458,0.006205959265515628,0.030767398252251468,0.01993169887246251
2013-06-23 05:00:00,0.1008346565754671,0.08349660405872238,0.13800538609640614,0.0990488032362895,0.1512439322377128,0.12897739002200354
2013-06-23 06:00:00,0.24667731434347048,0.2241837856650464,0.295315272614148,0.23905992279457888,0.3053695879168386,0.2860013183627477
2013-06-23 07:00:00,0.34459723529820174,0.3415618261748084,0.44344695505107457,0.36966765825659237,0.4320225373437414,0.4292798219344729
2013-06-23 08:00:00,0.4670988584440813,0.4478911379911641,0.5365244716144283,0.47264839653087515,0.5011054570030168,0.5427574671820437
2013-06-23 09:00:00,0.5303415434725945,0.5154377290029006,0.5885512199139122,0.5083685359675573,0.5090133940358303,0.6015796098105631
2013-06-23 10:00:00,0.5309537387366229,0.5444011381479389,0.594817450218137,0.5080940233131822,0.4841295516203123,0.5999687124516292
2013-06-23 11:00:00,0.5439095975774676,0.534587589296199,0.5515999153215269,0.48917692193081974,0.4310063370768341,0.5520321030711095
2013-06-23 12:00:00,0.4523778494760119,0.42275134562353534,0.461717982793769,0.4236732673336395,0.3389343730448478,0.4344875522810174
2013-06-23 13:00:00,0.34771186865247017,0.3190158786981325,0.34393881281678573,0.3315462306720797,0.23465536297784187,0.3393117881962986
2013-06-23 14:00:00,0.20615574548866608,0.19948246757293125,0.18891968171680915,0.20557187527720083,0.1442081081125427,0.19000727714989651
2013-06-23 15:00:00,0.07749997166158226,0.08868126208773812,0.06667336267710276,0.08095636146207827,0.04296089297068014,0.0739877447334614
2013-06-23 16:00:00,0.005997624498955185,0.011108617410214773,0.0014300918383473643,0.005372343105373392,0.0,0.005972422073663635
2013-06-23 17:00:00,0.0,0.0,0.0,0.0,0.0,0.0
2013-06-23 18:00:00,0.0,0.0,0.0,0.0,0.0,0.0
2013-06-23 19:00:00,0.0,0.0,0.0,0.0,0.0,0.0
2013-06-23 20:00:00,0.0,0.0,0.0,0.0,0.0,0.0
2013-06-23 21:00:00,0.0,0.0,0.0,0.0,0.0,0.0
2013-06-23 22:00:00,0.0,0.0,0.0,0.0,0.0,0.0
2013-06-23 23:00:00,0.0,0.0,0.0,0.0,0.0,0.0
2013-06-24 00:00:00,0.0,0.0,0.0,0.0,0.0,0.0
2013-06-24 01:00:00,0.0,0.0,0.0,0.0,0.0,0.0
2013-06-24 02:00:00,0.0,0.0,0.0,0.0,0.0,0.0
2013-06-24 03:00:00,0.0,0.0,0.0,0.0,0.0,0.0
2013-06-24 04:00:00,0.009935339534327224,0.0044839299713897145,0.022509028918294857,0.005445405581752069,0.03194404717606341,0.018312309478204933
2013-06-24 05:00:00,0.10744027022502048,0.06434971257720222,0.1435219922457627,0.09119305751275485,0.1542508044549731,0.12673319072512354
2013-06-24 06:00:00,0.2621701403046973,0.1793694329806806,0.30447015553323065,0.2465721150994541,0.28690394994757623,0.2797106842129228
2013-06-24 07:00:00,0.40796959438107755,0.3014513121262098,0.433378316880392,0.35939401958046974,0.34016433928261136,0.41484706644808067
2013-06-24 08:00:00,0.48341409082500086,0.3827895145072076,0.5378160536548096,0.45770351411877663,0.3848947019372339,0.4977627251901744
2013-06-24 09:00:00,0.5413132050339635,0.4501435581465211,0.5826137609356911,0.5045774474958364,0.40186377525028155,0.5616218665060344
2013-06-24 10:00:00,0.5535993541084383,0.45912475591711843,0.579171336218133,0.5267947421423762,0.37058638494098683,0.5629611092527439
2013-06-24 11:00:00,0.51690596254458,0.4629660203247497,0.5413342863695353,0.49439785471700265,0.3227413623700458,0.5125996839678808
2013-06-24 12:00:00,0.447467712606795,0.3930257512288122,0.43814406020907326,0.4169839828898,0.283249225983638,0.4649675267342901
2013-06-24 13:00:00,0.3357934591078725,0.30541393482150425,0.3194596567698643,0.32445305069570296,0.17748264171692366,0.3437286248093072
2013-06-24 14:00:00,0.19612843417493783,0.20241737221718198,0.186724781627111,0.2164159785095395,0.11248642752770535,0.20924204001250918
2013-06-24 15:00:00,0.07614699758430839,0.09076931922806643,0.06270442348372411,0.08466081996985557,0.03793957892565018,0.08004490274451917
2013-06-24 16:00:00,0.006145694266765746,0.012778781366823326,0.0013046145995644388,0.005542645008194591,0.0,0.005636238757440274
2013-06-24 17:00:00,0.0,0.0,0.0,0.0,0.0,0.0
2013-06-24 18:00:00,0.0,0.0,0.0,0.0,0.0,0.0
2013-06-24 19:00:00,0.0,0.0,0.0,0.0,0.0,0.0
2013-06-24 20:00:00,0.0,0.0,0.0,0.0,0.0,0.0
2013-06-24 21:00:00,0.0,0.0,0.0,0.0,0.0,0.0
2013-06-24 22:00:00,0.0,0.0,0.0,0.0,0.0,0.0
2013-06-24 23:00:00,0.0,0.0,0.0,0.0,0.0,0.0
2013-06-25 00:00:00,0.0,0.0,0.0,0.0,0.0,0.0
2013-06-25 01:00:00,0.0,0.0,0.0,0.0,0.0,0.0
2013-06-25 02:00:00,0.0,0.0,0.0,0.0,0.0,0.0
2013-06-25 03:00:00,0.0,0.0,0.0,0.0,0.0,0.0
2013-06-25 04:00:00,0.009976066555045737,0.00666811225304887,0.01908059427387931,0.0056434675975265,0.02746578702054678,0.018233433924004335
2013-06-25 05:00:00,0.10953343687978775,0.09811245687932577,0.1244432489873382,0.09557432322041988,0.130515892783312,0.12111021307074595
2013-06-25 06:00:00,0.26147032506203144,0.24126153442033085,0.27302708120202684,0.2489276035611695,0.2704329867482415,0.2731898043852238
2013-06-25 07:00:00,0.40316759394290097,0.38265303474420803,0.39362456555936415,0.36863692878687687,0.3321694065232624,0.4381397001903774
2013-06-25 08:00:00,0.512914511048796,0.4825694249487694,0.5013530846993312,0.43054905525385734,0.41903931201255673,0.5507086678597295
2013-06-25 09:00:00,0.577999119999378,0.5538928057289246,0.5591839198418408,0.471005051195469,0.4116349127039629,0.584276507585125
2013-06-25 10:00:00,0.5680978230133921,0.5604658428310068,0.5438496192694283,0.4725618867600973,0.36122934027469944,0.5821865510249803
2013-06-25 11:00:00,0.5405758605711009,0.5131041295244434,0.5116244891693362,0.4479865832201007,0.28539619408296496,0.5406177044777334
2013-06-25 12:00:00,0.44379249025137474,0.4396922892234021,0.44064386711352616,0.36811231626967444,0.24255800313806178,0.46258726660964233
2013-06-25 13:00:00,0.3473220536192085,0.326835459678457,0.31893092426547187,0.2876852534413563,0.16473751955720214,0.3420788543328582
2013-06-25 14:00:00,0.19776681255821885,0.2092227781870307,0.19255784187927893,0.1768600307944905,0.09337231735930732,0.2092852330286478
2013-06-25 15:00:00,0.07914882912131316,0.09588466232351256,0.06549711630233004,0.07494294043219438,0.028772554834521756,0.08334210233688791
2013-06-25 16:00:00,0.0057106197488442844,0.011509059260940924,0.001546802423378958,0.004748717512554731,0.0,0.006302066759423766
2013-06-25 17:00:00,0.0,0.0,0.0,0.0,0.0,0.0
2013-06-25 18:00:00,0.0,0.0,0.0,0.0,0.0,0.0
2013-06-25 19:00:00,0.0,0.0,0.0,0.0,0.0,0.0
2013-06-25 20:00:00,0.0,0.0,0.0,0.0,0.0,0.0
2013-06-25 21:00:00,0.0,0.0,0.0,0.0,0.0,0.0
2013-06-25 22:00:00,0.0,0.0,0.0,0.0,0.0,0.0
2013-06-25 23:00:00,0.0,0.0,0.0,0.0,0.0,0.0
2013-06-26 00:00:00,0.0,0.0,0.0,0.0,0.0,0.0
2013-06-26 01:00:00,0.0,0.0,0.0,0.0,0.0,0.0
2013-06-26 02:00:00,0.0,0.0,0.0,0.0,0.0,0.0
2013-06-26 03:00:00,0.0,0.0,0.0,0.0,0.0,0.0
2013-06-26 04:00:00,0.007917824041979209,0.004970465740807415,0.020642998011868183,0.005548500346723256,0.03115427032948326,0.017664926116744407
2013-06-26 05:00:00,0.09021170421988157,0.08458436256654564,0.13524972425170448,0.08822603183144721,0.15687869880644922,0.12190355974394762
2013-06-26 06:00:00,0.20841285739697232,0.219397810611283,0.2893931423933664,0.2259077702891744,0.3091408129007709,0.2643034759376515
2013-06-26 07:00:00,0.320368276067822,0.3724323369563717,0.4139895640884085,0.3419309244238658,0.40088542723024195,0.42255327043188423
2013-06-26 08:00:00,0.4722394482492593,0.4953384586317093,0.5213594317877491,0.462627153341475,0.4699713747697562,0.5298160570510108
2013-06-26 09:00:00,0.5379481604393868,0.5781891310071956,0.5738661392486265,0.5065810354430617,0.4904669072033302,0.5789568894691104
2013-06-26 10:00:00,0.5526554378637827,0.5834698981750994,0.579474808205873,0.47687918516615563,0.46971177006183146,0.5472717899249667
2013-06-26 11:00:00,0.5396324120716284,0.5474639916175588,0.5247004095050904,0.4366617269230585,0.3991293306523522,0.49012766302467
2013-06-26 12:00:00,0.46530507047975,0.44784017860670094,0.4333669447349814,0.36354666243792705,0.31588719999170334,0.44667422763284786
2013-06-26 13:00:00,0.3271033493511596,0.3197365100152615,0.34019352771139283,0.26846812902208084,0.20970143270492023,0.3438335065329534
2013-06-26 14:00:00,0.22256692837089112,0.22048405429923218,0.2012624436413637,0.1804667114322935,0.12018195925243291,0.2113584318788784
2013-06-26 15:00:00,0.0858246519511726,0.0864234344457786,0.07259481456578216,0.07813096221043798,0.03599344110484034,0.07872666552901056
2013-06-26 16:00:00,0.006540771126798435,0.009464226747282591,0.0015687416331023505,0.005725554852248004,0.0,0.007550758023184273
2013-06-26 17:00:00,0.0,0.0,0.0,0.0,0.0,0.0
2013-06-26 18:00:00,0.0,0.0,0.0,0.0,0.0,0.0
2013-06-26 19:00:00,0.0,0.0,0.0,0.0,0.0,0.0
2013-06-26 20:00:00,0.0,0.0,0.0,0.0,0.0,0.0
2013-06-26 21:00:00,0.0,0.0,0.0,0.0,0.0,0.0
2013-06-26 22:00:00,0.0,0.0,0.0,0.0,0.0,0.0
2013-06-26 23:00:00,0.0,0.0,0.0,0.0,0.0,0.0
2013-06-27 00:00:00,0.0,0.0,0.0,0.0,0.0,0.0
2013-06-27 01:00:00,0.0,0.0,0.0,0.0,0.0,0.0
2013-06-27 02:00:00,0.0,0.0,0.0,0.0,0.0,0.0
2013-06-27 03:00:00,0.0,0.0,0.0,0.0,0.0,0.0
2013-06-27 04:00:00,0.009288387088979454,0.0052564989588866845,0.020837727411204977,0.005906549810732005,0.032902008324704204,0.01630822837884579
2013-06-27 05:00:00,0.1091839800892834,0.08920628862413449,0.13107041737916741,0.09986865361817893,0.16325762038812341,0.11229606597739715
2013-06-27 06:00:00,0.26310910595083703,0.22312727765953003,0.284996056628166,0.2540335956298226,0.31711149840319125,0.24727384571727226
2013-06-27 07:00:00,0.44311747029361803,0.39253455903403917,0.44309846267846703,0.40524282435555525,0.46609902309463974,0.40552308255625164
2013-06-27 08:00:00,0.5488751379441328,0.5101536527997733,0.5538247792268907,0.49630704456725283,0.5454509384621875,0.5303890485011045
2013-06-27 09:00:00,0.58616760494695,0.5865009450800492,0.6039762439352593,0.5402240991298347,0.5453455625102129,0.5857524325729484
2013-06-27 10:00:00,0.6059164715205593,0.6070727576757242,0.588932857992195,0.5187312212101862,0.4800440586913369,0.607776823845858
2013-06-27 11:00:00,0.5761053099028802,0.5886869995313043,0.5348088621130568,0.5037289087937424,0.4274957216767756,0.5698867611617696
2013-06-27 12:00:00,0.47006968942723565,0.4975927628330803,0.4321911545418655,0.4032929964940367,0.31006185996940905,0.4717409973816734
2013-06-27 13:00:00,0.36605633081140426,0.3923036046165427,0.33631979151173036,0.30283012509102253,0.25374689473405426,0.3733539229521873
2013-06-27 14:00:00,0.20902949707930285,0.21831662014016695,0.19082989566461778,0.1859220174028281,0.12844040899143383,0.23341890510161814
2013-06-27 15:00:00,0.08577722260359441,0.09331281943968986,0.06410724434910103,0.08638663317571223,0.03708615531379547,0.08416366752807855
2013-06-27 16:00:00,0.007123692986698495,0.013029868032149994,0.001706128624917967,0.005977570711091557,0.0,0.007913367628714587
2013-06-27 17:00:00,0.0,0.0,0.0,0.0,0.0,0.0
2013-06-27 18:00:00,0.0,0.0,0.0,0.0,0.0,0.0
2013-06-27 19:00:00,0.0,0.0,0.0,0.0,0.0,0.0
2013-06-27 20:00:00,0.0,0.0,0.0,0.0,0.0,0.0
2013-06-27 21:00:00,0.0,0.0,0.0,0.0,0.0,0.0
2013-06-27 22:00:00,0.0,0.0,0.0,0.0,0.0,0.0
2013-06-27 23:00:00,0.0,0.0,0.0,0.0,0.0,0.0
2013-06-28 00:00:00,0.0,0.0,0.0,0.0,0.0,0.0
2013-06-28 01:00:00,0.0,0.0,0.0,0.0,0.0,0.0
2013-06-28 02:00:00,0.0,0.0,0.0,0.0,0.0,0.0
2013-06-28 03:00:00,0.0,0.0,0.0,0.0,0.0,0.0
2013-06-28 04:00:00,0.008520969331489077,0.005384933201576184,0.021973542945739884,0.006802980935022221,0.033067018762731645,0.020339009171657044
2013-06-28 05:00:00,0.0993790829086524,0.08066957489730164,0.1421672271728412,0.09650806547838048,0.16304503550342125,0.13816998135024516
2013-06-28 06:00:00,0.2300304581059549,0.20033224958682969,0.2963166919592123,0.23737947428757056,0.31459055420329934,0.2849647829142611
2013-06-28 07:00:00,0.37916123369196103,0.345273419254513,0.44458773424351866,0.33303175982989175,0.44169113552059147,0.41280354690872373
2013-06-28 08:00:00,0.4916226179175009,0.47351169703746937,0.5453232301267709,0.4251272800377194,0.5024722819054509,0.5222329492877325
2013-06-28 09:00:00,0.5677387744454568,0.5412416242522019,0.6025724556338236,0.4667570688366655,0.5094676548356951,0.6013490178674953
2013-06-28 10:00:00,0.563964978512717,0.5633862048258395,0.591682757141232,0.4780002676801326,0.45680488016834514,0.58116304652324
2013-06-28 11:00:00,0.5278654372958831,0.5432642038762303,0.5428657912987197,0.46194502386935427,0.40258935072378643,0.5361854518424067
2013-06-28 12:00:00,0.4206010004432264,0.4389566098359301,0.432515718444814,0.3869482168749396,0.3205435124220858,0.4678443778866093
2013-06-28 13:00:00,0.3541395153097156,0.3254778090354037,0.3352745286437249,0.2970203817911424,0.22653338966166003,0.3380757151119422
2013-06-28 14:00:00,0.20047759343510613,0.1857591761568602,0.1868378001816583,0.17897763157294957,0.13611849188830524,0.20052271419183618
2013-06-28 15:00:00,0.08874946009451039,0.0805428608280598,0.06620317619784324,0.08046532112716653,0.04225633274379005,0.08253640159819461
2013-06-28 16:00:00,0.00703754523149347,0.010277267212911813,0.0017825237562591148,0.005631677817972361,0.0,0.007039846522414739
2013-06-28 17:00:00,0.0,0.0,0.0,0.0,0.0,0.0
2013-06-28 18:00:00,0.0,0.0,0.0,0.0,0.0,0.0
2013-06-28 19:00:00,0.0,0.0,0.0,0.0,0.0,0.0
2013-06-28 20:00:00,0.0,0.0,0.0,0.0,0.0,0.0
2013-06-28 21:00:00,0.0,0.0,0.0,0.0,0.0,0.0
2013-06-28 22:00:00,0.0,0.0,0.0,0.0,0.0,0.0
2013-06-28 23:00:00,0.0,0.0,0.0,0.0,0.0,0.0
2013-06-29 00:00:00,0.0,0.0,0.0,0.0,0.0,0.0
2013-06-29 01:00:00,0.0,0.0,0.0,0.0,0.0,0.0
2013-06-29 02:00:00,0.0,0.0,0.0,0.0,0.0,0.0
2013-06-29 03:00:00,0.0,0.0,0.0,0.0,0.0,0.0
2013-06-29 04:00:00,0.009478765999540435,0.005515956363280573,0.02128186218413267,0.006036591795856623,0.032637993263328155,0.019101398542016826
2013-06-29 05:00:00,0.10402746161771129,0.09365775075126531,0.13973265954853414,0.10158432430767927,0.16215832709466693,0.13110191159833495
2013-06-29 06:00:00,0.24495756641427444,0.2499028892156201,0.2948632313487782,0.2547517801872319,0.31169265082694414,0.2903488754660408
2013-06-29 07:00:00,0.38823298438685483,0.41064621204551366,0.43895432454202293,0.38287495460405063,0.4179795772034749,0.44463082226151546
2013-06-29 08:00:00,0.516248242219933,0.5395696585138299,0.5320447175814017,0.48140830698269493,0.4848473040622076,0.5360446166976265
2013-06-29 09:00:00,0.5420272276773354,0.6036350004344244,0.580419955128055,0.5249572221020201,0.4956991129831564,0.5981445885503274
2013-06-29 10:00:00,0.5776237735426398,0.6055246073408389,0.5695675482802804,0.5213318100943841,0.48518974734212833,0.6025588695671644
2013-06-29 11:00:00,0.5376752464867974,0.5408111163178266,0.5097600851262922,0.46646150494310207,0.43719374233637104,0.554558111215379
2013-06-29 12:00:00,0.48671127047524265,0.4788297340135058,0.3975057560835842,0.3913436853820103,0.35970275070033997,0.4623552782520413
2013-06-29 13:00:00,0.35712349580007957,0.3283516358133775,0.31380635372585985,0.2962785465554672,0.26198799542556106,0.348649211180554
2013-06-29 14:00:00,0.2230700489911637,0.19400455369961392,0.2028413983049964,0.18301212870333625,0.15489412933098523,0.1988189386073775
2013-06-29 15:00:00,0.08813488818128913,0.08466976534200434,0.07306269728109205,0.07527444848006365,0.045987978311745864,0.07429127040022741
2013-06-29 16:00:00,0.006993385639207571,0.011109007364061669,0.0018581421737175778,0.004990832171975242,0.0,0.006278832889926555
2013-06-29 17:00:00,0.0,0.0,0.0,0.0,0.0,0.0
2013-06-29 18:00:00,0.0,0.0,0.0,0.0,0.0,0.0
2013-06-29 19:00:00,0.0,0.0,0.0,0.0,0.0,0.0
2013-06-29 20:00:00,0.0,0.0,0.0,0.0,0.0,0.0
2013-06-29 21:00:00,0.0,0.0,0.0,0.0,0.0,0.0
2013-06-29 22:00:00,0.0,0.0,0.0,0.0,0.0,0.0
2013-06-29 23:00:00,0.0,0.0,0.0,0.0,0.0,0.0
2013-06-30 00:00:00,0.0,0.0,0.0,0.0,0.0,0.0
2013-06-30 01:00:00,0.0,0.0,0.0,0.0,0.0,0.0
2013-06-30 02:00:00,0.0,0.0,0.0,0.0,0.0,0.0
2013-06-30 03:00:00,0.0,0.0,0.0,0.0,0.0,0.0
2013-06-30 04:00:00,0.008885221610924329,0.005699216106422914,0.019021836771363876,0.005347201024113222,0.03074194727599966,0.018576525426176462
2013-06-30 05:00:00,0.09557435284882118,0.08608028362568264,0.13256317490023048,0.07543893579494851,0.1575785508347878,0.12999184727533333
2013-06-30 06:00:00,0.23165895692153965,0.22783801344222704,0.2852115428877626,0.19116661901629073,0.31069758413121146,0.28249451487052935
2013-06-30 07:00:00,0.4055426461763554,0.3731358584464307,0.4228685312794218,0.33990523896322355,0.4505712297844076,0.43514562501647214
2013-06-30 08:00:00,0.4955415108381328,0.48149326528564773,0.5329837361120809,0.40009334104583827,0.5295991369584646,0.5489454482063687
2013-06-30 09:00:00,0.5531189989778835,0.5552043982280557,0.5607429640880645,0.4412169739765317,0.5296864693248621,0.6115509780604197
2013-06-30 10:00:00,0.5444987502856972,0.5524694185880472,0.551837392213373,0.43155846890566396,0.5165472489156069,0.5978445531760448
2013-06-30 11:00:00,0.5425698670080086,0.5237045254102989,0.5017960130803615,0.40946046179149564,0.4393694347766183,0.561288388681186
2013-06-30 12:00:00,0.4411201530405726,0.4059525293129834,0.443442774225271,0.34656966191947375,0.3543808212128402,0.4761554059383798
2013-06-30 13:00:00,0.35701009526579525,0.2958908463882502,0.3338480919669861,0.24855247724093285,0.2149129633822999,0.3428213598938151
2013-06-30 14:00:00,0.20393253534367026,0.16728628164352993,0.20220152152221507,0.1554712973018278,0.10954952980950126,0.2194166501841423
2013-06-30 15:00:00,0.07999412387671423,0.07850380470096696,0.07594266691894629,0.06147674959275958,0.038352510329357055,0.08487608270839242
2013-06-30 16:00:00,0.0059624551521687335,0.008710604434328905,0.0018186405818026872,0.003877253662245468,0.0,0.007068209972196442
2013-06-30 17:00:00,0.0,0.0,0.0,0.0,0.0,0.0
2013-06-30 18:00:00,0.0,0.0,0.0,0.0,0.0,0.0
2013-06-30 19:00:00,0.0,0.0,0.0,0.0,0.0,0.0
2013-06-30 20:00:00,0.0,0.0,0.0,0.0,0.0,0.0
2013-06-30 21:00:00,0.0,0.0,0.0,0.0,0.0,0.0
2013-06-30 22:00:00,0.0,0.0,0.0,0.0,0.0,0.0
2013-06-30 23:00:00,0.0,0.0,0.0,0.0,0.0,0.0
2013-07-01 00:00:00,0.0,0.0,0.0,0.0,0.0,0.0
2013-07-01 01:00:00,0.0,0.0,0.0,0.0,0.0,0.0
2013-07-01 02:00:00,0.0,0.0,0.0,0.0,0.0,0.0
2013-07-01 03:00:00,0.0,0.0,0.0,0.0,0.0,0.0
2013-07-01 04:00:00,0.008242920923354794,0.0052988990462872225,0.020573221062626358,0.006056583095943284,0.03279398453890148,0.016330982354152163
2013-07-01 05:00:00,0.10377049596542103,0.08508415005434017,0.1432570723213948,0.10555003265330087,0.1674441154431734,0.11588513381530101
2013-07-01 06:00:00,0.24463282245098814,0.211756913339212,0.297596881440077,0.2651448683438647,0.32391349303558786,0.2424041857198815
2013-07-01 07:00:00,0.33891613714639923,0.3501839972375336,0.438161620534698,0.39940148998211944,0.467735115530743,0.35616164214391277
2013-07-01 08:00:00,0.45328596742990823,0.4433002055780429,0.5355906567229687,0.49059602527772644,0.5424939004976056,0.4531924943312964
2013-07-01 09:00:00,0.5524612362833959,0.5196145276776366,0.5856962236162854,0.5402343710619423,0.5742758985969101,0.5500226518847071
2013-07-01 10:00:00,0.5987211539372561,0.5383953067997965,0.5907233458211714,0.5151541791407902,0.5498967277703193,0.588215446171601
2013-07-01 11:00:00,0.5371660360447903,0.4874950112335915,0.5554326020074608,0.46607540696453414,0.5038263932610174,0.5441864693140149
2013-07-01 12:00:00,0.4770124183191593,0.3950045621382284,0.47353969479877295,0.38604641145760793,0.4222869980397665,0.44359207337199796
2013-07-01 13:00:00,0.34456795114539257,0.29062664168654073,0.35587778979391793,0.26943509999451676,0.2955826941153069,0.331881435192215
2013-07-01 14:00:00,0.20902974581324554,0.17908522168026683,0.2135709510427188,0.16451612120296655,0.1768180622106621,0.19136210319483402
2013-07-01 15:00:00,0.08559587240848811,0.07905777690559611,0.07343489876601103,0.07436366292033672,0.05503671920783727,0.08296992395799856
2013-07-01 16:00:00,0.00649920370124019,0.010932176537572825,0.0015981886683276451,0.004784278052987482,0.0,0.00916832668877798
2013-07-01 17:00:00,0.0,0.0,0.0,0.0,0.0,0.0
2013-07-01 18:00:00,0.0,0.0,0.0,0.0,0.0,0.0
2013-07-01 19:00:00,0.0,0.0,0.0,0.0,0.0,0.0
2013-07-01 20:00:00,0.0,0.0,0.0,0.0,0.0,0.0
2013-07-01 21:00:00,0.0,0.0,0.0,0.0,0.0,0.0
2013-07-01 22:00:00,0.0,0.0,0.0,0.0,0.0,0.0
2013-07-01 23:00:00,0.0,0.0,0.0,0.0,0.0,0.0
2013-07-02 00:00:00,0.0,0.0,0.0,0.0,0.0,0.0
2013-07-02 01:00:00,0.0,0.0,0.0,0.0,0.0,0.0
2013-07-02 02:00:00,0.0,0.0,0.0,0.0,0.0,0.0
2013-07-02 03:00:00,0.0,0.0,0.0,0.0,0.0,0.0
2013-07-02 04:00:00,0.008922725705248345,0.006270498284930451,0.02029978992945908,0.005612201585810305,0.03243227835572647,0.01641744102557226
2013-07-02 05:00:00,0.1062589905439482,0.10030617979349557,0.14030526395054319,0.09834382998303332,0.16691519408692962,0.12319923027686891
2013-07-02 06:00:00,0.2648987695235893,0.25932649547397135,0.2978950980431506,0.2500114282189193,0.3312802646915143,0.28518430149910523
2013-07-02 07:00:00,0.3199422348478107,0.41484469121470946,0.45318568885074784,0.37298852888829637,0.47424297959734574,0.41067117204944575
2013-07-02 08:00:00,0.42256200717325343,0.5028424821709663,0.5496505583318309,0.44938520343550437,0.5635373722629143,0.5193766003224254
2013-07-02 09:00:00,0.48440403345301103,0.5599962834257988,0.6027143710705929,0.49995146748139296,0.5861413606815982,0.596838258796337
2013-07-02 10:00:00,0.5300051651189254,0.5852701899917709,0.597429525897826,0.47548626079044143,0.5567041419283851,0.5969081382390029
2013-07-02 11:00:00,0.5272952218192122,0.542935744112232,0.5480931003758144,0.4359718970521963,0.4529635278151562,0.5435130561414002
2013-07-02 12:00:00,0.4358331811832128,0.4272591288643581,0.4807438413063677,0.35623033186755754,0.3341008093453372,0.45735423521672885
2013-07-02 13:00:00,0.33659132866519226,0.300120712306238,0.36483954505639404,0.27236298907687395,0.2234848460986386,0.37171534064353845
2013-07-02 14:00:00,0.2301127966837288,0.1975284575269011,0.2106726912680421,0.17698748611250512,0.12894691631026808,0.22033692109142455
2013-07-02 15:00:00,0.09839326913541055,0.08444004325275198,0.06695608143496315,0.07371097502130386,0.04070269492644642,0.0955961691592011
2013-07-02 16:00:00,0.007977493656999507,0.012120914939054601,0.0016783709463395243,0.006111176977147552,0.0,0.008151603121100052
2013-07-02 17:00:00,0.0,0.0,0.0,0.0,0.0,0.0
2013-07-02 18:00:00,0.0,0.0,0.0,0.0,0.0,0.0
2013-07-02 19:00:00,0.0,0.0,0.0,0.0,0.0,0.0
2013-07-02 20:00:00,0.0,0.0,0.0,0.0,0.0,0.0
2013-07-02 21:00:00,0.0,0.0,0.0,0.0,0.0,0.0
2013-07-02 22:00:00,0.0,0.0,0.0,0.0,0.0,0.0
2013-07-02 23:00:00,0.0,0.0,0.0,0.0,0.0,0.0
2013-07-03 00:00:00,0.0,0.0,0.0,0.0,0.0,0.0
2013-07-03 01:00:00,0.0,0.0,0.0,0.0,0.0,0.0
2013-07-03 02:00:00,0.0,0.0,0.0,0.0,0.0,0.0
2013-07-03 03:00:00,0.0,0.0,0.0,0.0,0.0,0.0
2013-07-03 04:00:00,0.007910087885942713,0.005525187664147942,0.01899286561424201,0.004222315122446422,0.02858901936502497,0.019494117907799223
2013-07-03 05:00:00,0.10547341736959435,0.09392667245218041,0.13830479708592133,0.0812464184629896,0.15161553291091984,0.13969114480241823
2013-07-03 06:00:00,0.26778789194196945,0.23950548020698326,0.2993630038071529,0.20956152480788798,0.2951182219283936,0.29980393954993784
2013-07-03 07:00:00,0.4149248405808426,0.3566131327580024,0.436074639139888,0.3357052198254468,0.4029743825506232,0.4454497799857847
2013-07-03 08:00:00,0.5038941919034222,0.46162385974175296,0.5229973596432387,0.4319285856110546,0.4637669485689621,0.5484078774969173
2013-07-03 09:00:00,0.5839361591891916,0.5513278885292494,0.5594051313340106,0.5113049563909845,0.5018028921662664,0.6083783917442485
2013-07-03 10:00:00,0.5663710167353526,0.5581307399432293,0.546819828294147,0.48998796956441004,0.4961458605622058,0.6201973339573458
2013-07-03 11:00:00,0.5273072916228366,0.5089535574556366,0.5222328319590378,0.44107812437888844,0.4365918436763699,0.5852848433648326
2013-07-03 12:00:00,0.4859229771144989,0.46059279936201664,0.46292183760804306,0.38497836766069743,0.35109914127793834,0.49297678487770785
2013-07-03 13:00:00,0.333719266705215,0.3215903762363534,0.343141727014109,0.29443748155528965,0.23866463349697842,0.38721164486081666
2013-07-03 14:00:00,0.20459121093720967,0.19558365973158912,0.20669933692489262,0.1954541546015101,0.1333674591719468,0.2339803378235184
2013-07-03 15:00:00,0.08039506820718322,0.08389097510924456,0.0694118549397203,0.07811686026826463,0.04058998750537728,0.0941249208008284
2013-07-03 16:00:00,0.006438352133452665,0.012463049544500117,0.0018837826348187116,0.00593679151971028,0.0,0.007078656185376129
2013-07-03 17:00:00,0.0,0.0,0.0,0.0,0.0,0.0
2013-07-03 18:00:00,0.0,0.0,0.0,0.0,0.0,0.0
2013-07-03 19:00:00,0.0,0.0,0.0,0.0,0.0,0.0
2013-07-03 20:00:00,0.0,0.0,0.0,0.0,0.0,0.0
2013-07-03 21:00:00,0.0,0.0,0.0,0.0,0.0,0.0
2013-07-03 22:00:00,0.0,0.0,0.0,0.0,0.0,0.0
2013-07-03 23:00:00,0.0,0.0,0.0,0.0,0.0,0.0
2013-07-04 00:00:00,0.0,0.0,0.0,0.0,0.0,0.0
2013-07-04 01:00:00,0.0,0.0,0.0,0.0,0.0,0.0
2013-07-04 02:00:00,0.0,0.0,0.0,0.0,0.0,0.0
2013-07-04 03:00:00,0.0,0.0,0.0,0.0,0.0,0.0
2013-07-04 04:00:00,0.007338528523928323,0.005012848802022168,0.01763894542576908,0.005105717124103648,0.03146105455681963,0.018289801013924734
2013-07-04 05:00:00,0.09136144318710825,0.08908023235501206,0.12083666072677302,0.09812023100616332,0.15584269330512227,0.138216650222795
2013-07-04 06:00:00,0.2186514557862514,0.2303206448483016,0.2837239595116591,0.24428839827515245,0.3157731572132117,0.29880111471205584
2013-07-04 07:00:00,0.37208965611412925,0.3413948902309747,0.4388563817300266,0.3680520304526516,0.43437309680817265,0.4485679899628723
2013-07-04 08:00:00,0.4752319916313386,0.43534481029584354,0.5323629319137091,0.4374349022847546,0.49676211436727735,0.5546779904899368
2013-07-04 09:00:00,0.5276358800787513,0.5048631743199702,0.5761790584653852,0.4864502738401495,0.514197886409482,0.6014211305407448
2013-07-04 10:00:00,0.5388853587328514,0.5188298435814159,0.5779682154444451,0.49407180856421157,0.48203459694756673,0.6073909333645274
2013-07-04 11:00:00,0.521068556818461,0.4868068550874208,0.5358257637555027,0.4611225945237768,0.4017829849384747,0.5527241624418875
2013-07-04 12:00:00,0.46354072237489047,0.4350920469846743,0.4728621535716851,0.41661018113650267,0.3465216526140106,0.4459168384805284
2013-07-04 13:00:00,0.35380349105830267,0.3220396999582005,0.35439700976658955,0.33045993849418054,0.2601608055987192,0.33884001543401515
2013-07-04 14:00:00,0.2283007119895396,0.19105668484398533,0.20884907191383095,0.2199227542809018,0.1619093064391284,0.20432470726859006
2013-07-04 15:00:00,0.07908121078088903,0.07915581963726318,0.06715154114537175,0.09143308148749515,0.0520532210527668,0.07483615530280448
2013-07-04 16:00:00,0.006474036178264892,0.010711791679440565,0.0015521457433407139,0.0065247674374724705,0.0,0.005399461753726236
2013-07-04 17:00:00,0.0,0.0,0.0,0.0,0.0,0.0
2013-07-04 18:00:00,0.0,0.0,0.0,0.0,0.0,0.0
2013-07-04 19:00:00,0.0,0.0,0.0,0.0,0.0,0.0
2013-07-04 20:00:00,0.0,0.0,0.0,0.0,0.0,0.0
2013-07-04 21:00:00,0.0,0.0,0.0,0.0,0.0,0.0
2013-07-04 22:00:00,0.0,0.0,0.0,0.0,0.0,0.0
2013-07-04 23:00:00,0.0,0.0,0.0,0.0,0.0,0.0
2013-07-05 00:00:00,0.0,0.0,0.0,0.0,0.0,0.0
2013-07-05 01:00:00,0.0,0.0,0.0,0.0,0.0,0.0
2013-07-05 02:00:00,0.0,0.0,0.0,0.0,0.0,0.0
2013-07-05 03:00:00,0.0,0.0,0.0,0.0,0.0,0.0
2013-07-05 04:00:00,0.003989625409306584,0.004073914284804326,0.016307923261306843,0.0054159736170268325,0.02994798682935048,0.011800633984459484
2013-07-05 05:00:00,0.06111804293920316,0.0689083713330132,0.11006355344355417,0.09187202413058161,0.1494243323194192,0.0838360071027089
2013-07-05 06:00:00,0.17116412990010485,0.1791799823289853,0.25228855060705657,0.2241934581860184,0.30837305580475777,0.23308084749534738
2013-07-05 07:00:00,0.23307846106790253,0.2808392243196561,0.39838679562286516,0.26988283573335825,0.4514606581587464,0.3714469441521393
2013-07-05 08:00:00,0.3233728658110397,0.3595575344307081,0.4770638198857878,0.37300395870206815,0.5346531726404187,0.4604445592855322
2013-07-05 09:00:00,0.44192988434377395,0.44982745713987726,0.5110771538102732,0.4154192125448472,0.5664083571382571,0.5303646059556595
2013-07-05 10:00:00,0.4643942321103931,0.4419146281121545,0.5025214928199541,0.40015797731462505,0.5565775228255342,0.5700806919636968
2013-07-05 11:00:00,0.4618372466372265,0.41967296103423,0.4934276902692743,0.3816515860197646,0.5060127481328585,0.546731709883063
2013-07-05 12:00:00,0.4123680747521079,0.35692935715764856,0.4309474096957794,0.35126816192592597,0.43288575323517176,0.45958678935321995
2013-07-05 13:00:00,0.3146807469476191,0.29199044196336565,0.32236652962763074,0.28371601369519356,0.32031750924194374,0.3415466037031729
2013-07-05 14:00:00,0.1798896765662825,0.18455698808894336,0.19294759624647656,0.1951903499468803,0.1940510884871716,0.21796945655485772
2013-07-05 15:00:00,0.05859660719024938,0.08368015090814303,0.0648947149393364,0.07882503059511264,0.057362684653045275,0.09134040805098348
2013-07-05 16:00:00,0.004804603967336473,0.012560548983950835,0.0014645344639048247,0.006627557584268498,0.0,0.008785991502802475
2013-07-05 17:00:00,0.0,0.0,0.0,0.0,0.0,0.0
2013-07-05 18:00:00,0.0,0.0,0.0,0.0,0.0,0.0
2013-07-05 19:00:00,0.0,0.0,0.0,0.0,0.0,0.0
2013-07-05 20:00:00,0.0,0.0,0.0,0.0,0.0,0.0
2013-07-05 21:00:00,0.0,0.0,0.0,0.0,0.0,0.0
2013-07-05 22:00:00,0.0,0.0,0.0,0.0,0.0,0.0
2013-07-05 23:00:00,0.0,0.0,0.0,0.0,0.0,0.0
2013-07-06 00:00:00,0.0,0.0,0.0,0.0,0.0,0.0
2013-07-06 01:00:00,0.0,0.0,0.0,0.0,0.0,0.0
2013-07-06 02:00:00,0.0,0.0,0.0,0.0,0.0,0.0
2013-07-06 03:00:00,0.0,0.0,0.0,0.0,0.0,0.0
2013-07-06 04:00:00,0.005060935496876358,0.0060200574871811805,0.016752912045319954,0.004013693021569196,0.022282884441244797,0.01840483501450284
2013-07-06 05:00:00,0.07374168468324496,0.08783211503729935,0.1136910935304295,0.07270001107144142,0.1197426687802603,0.13010293086517796
2013-07-06 06:00:00,0.20034663476762016,0.23456439914796515,0.24640957293546234,0.18650102400178956,0.25519633772682115,0.2818976997263783
2013-07-06 07:00:00,0.22489283786549993,0.3503768755035514,0.3667822228032786,0.29368528611079725,0.3557269800876272,0.43399862542837875
2013-07-06 08:00:00,0.3275346510285623,0.42559350186446415,0.4748374065312089,0.39114018103485537,0.4306584057769029,0.534780352587963
2013-07-06 09:00:00,0.3772096181036647,0.4777629336713289,0.5485326486166354,0.4467153526052352,0.44411932620806605,0.588065182439642
2013-07-06 10:00:00,0.4416947554178981,0.49681060297336294,0.5651959982319956,0.47184518223177024,0.43232714157918195,0.6146920433920987
2013-07-06 11:00:00,0.45433902417993527,0.423422264253102,0.5351423026147957,0.4393533470355917,0.38676450116749944,0.5675464080313025
2013-07-06 12:00:00,0.4073860529274264,0.35365047507715436,0.4684834250751573,0.35935482592879836,0.32659674898002095,0.45697305202310423
2013-07-06 13:00:00,0.3244841603733653,0.26870759137707734,0.3603102218194762,0.2814890281043085,0.23986667767414668,0.3578060034862974
2013-07-06 14:00:00,0.19926627501847152,0.16294159748171366,0.20385290330645167,0.17998987912166822,0.13545528212746843,0.2096421004969419
2013-07-06 15:00:00,0.07478777058879349,0.07388283148797493,0.06935443695177451,0.07527175123476741,0.04410252807955815,0.08378708734738513
2013-07-06 16:00:00,0.006286304396572578,0.012035532400667608,0.002132928337023334,0.006104411274513307,0.0,0.007854653126477519
2013-07-06 17:00:00,0.0,0.0,0.0,0.0,0.0,0.0
2013-07-06 18:00:00,0.0,0.0,0.0,0.0,0.0,0.0
2013-07-06 19:00:00,0.0,0.0,0.0,0.0,0.0,0.0
2013-07-06 20:00:00,0.0,0.0,0.0,0.0,0.0,0.0
2013-07-06 21:00:00,0.0,0.0,0.0,0.0,0.0,0.0
2013-07-06 22:00:00,0.0,0.0,0.0,0.0,0.0,0.0
2013-07-06 23:00:00,0.0,0.0,0.0,0.0,0.0,0.0
2013-07-07 00:00:00,0.0,0.0,0.0,0.0,0.0,0.0
2013-07-07 01:00:00,0.0,0.0,0.0,0.0,0.0,0.0
2013-07-07 02:00:00,0.0,0.0,0.0,0.0,0.0,0.0
2013-07-07 03:00:00,0.0,0.0,0.0,0.0,0.0,0.0
2013-07-07 04:00:00,0.007124273288953511,0.004740940665472264,0.018715143487982602,0.005446152257843451,0.03142372425823641,0.018435511187239444
2013-07-07 05:00:00,0.08574280218211036,0.08262902827034788,0.13362752231864217,0.09521539289773123,0.1648741866696018,0.13938329335087632
2013-07-07 06:00:00,0.22830150435711655,0.21999692349945818,0.2884906840392778,0.2589791003302365,0.3165420677743456,0.30775146175175444
2013-07-07 07:00:00,0.3643588721519189,0.3325974398860731,0.44867451652803275,0.3692867012394512,0.4581623799223767,0.44654943840681777
2013-07-07 08:00:00,0.47903242259241036,0.4460667456708749,0.5465432612595645,0.45230112292704916,0.5263771550964995,0.5544210304072784
2013-07-07 09:00:00,0.5596516636914447,0.5024969279943311,0.6056717285473886,0.4821901119250318,0.521735644829547,0.6062517378270018
2013-07-07 10:00:00,0.5807158958597742,0.5302758777730335,0.6109531540084225,0.48527324045480563,0.4851977413840547,0.6135908083015326
2013-07-07 11:00:00,0.5244219115841217,0.49218108099342267,0.562129197903532,0.46337326069325724,0.3962200854393275,0.573628534384602
2013-07-07 12:00:00,0.44318914268797965,0.4390384158275828,0.48117044640757783,0.40005358418189013,0.32173823173382216,0.48647202317653443
2013-07-07 13:00:00,0.340076919195165,0.3351415928728155,0.3580144705979511,0.29137421670332675,0.22734419936428804,0.3628894969000118
2013-07-07 14:00:00,0.1901971759048006,0.18914734643415154,0.21910116685343095,0.18523310945462615,0.14194632327371445,0.22171054717953506
2013-07-07 15:00:00,0.08588622803991212,0.08987321680928546,0.07348094133165436,0.0788467251803217,0.04627504342521574,0.07212176006275234
2013-07-07 16:00:00,0.006282939780108104,0.012420329173694605,0.001651141904042441,0.006059100442065791,0.0,0.006176860633870386
2013-07-07 17:00:00,0.0,0.0,0.0,0.0,0.0,0.0
2013-07-07 18:00:00,0.0,0.0,0.0,0.0,0.0,0.0
2013-07-07 19:00:00,0.0,0.0,0.0,0.0,0.0,0.0
2013-07-07 20:00:00,0.0,0.0,0.0,0.0,0.0,0.0
2013-07-07 21:00:00,0.0,0.0,0.0,0.0,0.0,0.0
2013-07-07 22:00:00,0.0,0.0,0.0,0.0,0.0,0.0
2013-07-07 23:00:00,0.0,0.0,0.0,0.0,0.0,0.0
2013-07-08 00:00:00,0.0,0.0,0.0,0.0,0.0,0.0
2013-07-08 01:00:00,0.0,0.0,0.0,0.0,0.0,0.0
2013-07-08 02:00:00,0.0,0.0,0.0,0.0,0.0,0.0
2013-07-08 03:00:00,0.0,0.0,0.0,0.0,0.0,0.0
2013-07-08 04:00:00,0.007535970066412464,0.005063316135113585,0.019130554225299003,0.005018131662768426,0.03214406014384712,0.018289760540983656
2013-07-08 05:00:00,0.09893083284267262,0.08791481463905597,0.13588557531084697,0.09537401654185583,0.16976036982426368,0.1416075809352915
2013-07-08 06:00:00,0.23480406219883687,0.23578850773009885,0.2942754991680576,0.253696380039639,0.33956090226019897,0.30855362059069935
2013-07-08 07:00:00,0.3289787262532503,0.3994468878616596,0.43428081272073105,0.37111990424183205,0.48373333490255754,0.45836369456743975
2013-07-08 08:00:00,0.4161331308690035,0.4857140144049021,0.5299286176858923,0.47694251173527225,0.5802720743603944,0.5579478777856933
2013-07-08 09:00:00,0.4740432625575868,0.5480789277209684,0.5995505594354494,0.5338186489738483,0.6293009171623686,0.6119272503103872
2013-07-08 10:00:00,0.5529477684082198,0.5830407749499458,0.6025735388744685,0.564019154961956,0.6114797600378016,0.6159812925782965
2013-07-08 11:00:00,0.5100452004198787,0.5469807474601088,0.552624067563853,0.4912727748842957,0.5493457211352242,0.5708116345703443
2013-07-08 12:00:00,0.4334945590316808,0.4591260895023076,0.4710456001678241,0.38944747461996765,0.44432661037197435,0.5178462011486795
2013-07-08 13:00:00,0.35202583602328924,0.3494336688306968,0.36015824554260095,0.29371736575415214,0.32258186011423556,0.3965353119307599
2013-07-08 14:00:00,0.2327330519679238,0.22029246072656786,0.21061087174752202,0.17829264394226654,0.18363302481187999,0.23764104025994787
2013-07-08 15:00:00,0.09979095379320393,0.09950913810263452,0.07072775464654286,0.07990896460364938,0.05578901952732635,0.08471796848555861
2013-07-08 16:00:00,0.007956707722538852,0.012529824766864026,0.002041953676971817,0.0064070960197198795,0.0,0.008161366979025645
2013-07-08 17:00:00,0.0,0.0,0.0,0.0,0.0,0.0
2013-07-08 18:00:00,0.0,0.0,0.0,0.0,0.0,0.0
2013-07-08 19:00:00,0.0,0.0,0.0,0.0,0.0,0.0
2013-07-08 20:00:00,0.0,0.0,0.0,0.0,0.0,0.0
2013-07-08 21:00:00,0.0,0.0,0.0,0.0,0.0,0.0
2013-07-08 22:00:00,0.0,0.0,0.0,0.0,0.0,0.0
2013-07-08 23:00:00,0.0,0.0,0.0,0.0,0.0,0.0
2013-07-09 00:00:00,0.0,0.0,0.0,0.0,0.0,0.0
2013-07-09 01:00:00,0.0,0.0,0.0,0.0,0.0,0.0
2013-07-09 02:00:00,0.0,0.0,0.0,0.0,0.0,0.0
2013-07-09 03:00:00,0.0,0.0,0.0,0.0,0.0,0.0
2013-07-09 04:00:00,0.004833302071203704,0.0038908216719119536,0.014241381729912655,0.004570353411860379,0.027960437198469395,0.010027299167638584
2013-07-09 05:00:00,0.06608533568924196,0.07727526783551857,0.10573036952979276,0.08234435108616973,0.1510486336352208,0.0948701570463921
2013-07-09 06:00:00,0.19843333737788468,0.2207529190550894,0.23622077207576794,0.2144438744352513,0.2986004757683962,0.20831851412971902
2013-07-09 07:00:00,0.23129320155111321,0.29647058998834513,0.30397779581219725,0.33579011697021566,0.4130487648980978,0.2910597510931133
2013-07-09 08:00:00,0.3031611352977095,0.4186273805800246,0.42179120029460276,0.395829322705855,0.4688785016379682,0.4244828809753331
2013-07-09 09:00:00,0.40285885691320783,0.4851535498046474,0.5205915586937944,0.46856319424402265,0.5131526917902801,0.5403522173730883
2013-07-09 10:00:00,0.44675901743678315,0.4977731986255146,0.5487281241592333,0.4802355155909517,0.44029181795168615,0.604299687280607
2013-07-09 11:00:00,0.4247655337372451,0.4965543920469031,0.5309896359289621,0.3900360798202875,0.3620122955177401,0.5684729950555151
2013-07-09 12:00:00,0.4053891279024355,0.4428329565893379,0.4542279608877063,0.33631069228769533,0.28295269345632,0.5069448940295339
2013-07-09 13:00:00,0.33381733567125665,0.3269250860438283,0.33025201850671726,0.2478057189952454,0.18736410229583508,0.39548701948027726
2013-07-09 14:00:00,0.20510017381202555,0.19440782463324377,0.20402713758055194,0.16026976154934844,0.10386873912564581,0.249814178620914
2013-07-09 15:00:00,0.07629906024173001,0.09215476022242755,0.07628677936827769,0.0609623081018325,0.031244493852812163,0.09733814988619159
2013-07-09 16:00:00,0.005365512814963624,0.014338425381072552,0.00270733903268159,0.004776322289398336,0.0,0.00785473652485177
2013-07-09 17:00:00,0.0,0.0,0.0,0.0,0.0,0.0
2013-07-09 18:00:00,0.0,0.0,0.0,0.0,0.0,0.0
2013-07-09 19:00:00,0.0,0.0,0.0,0.0,0.0,0.0
2013-07-09 20:00:00,0.0,0.0,0.0,0.0,0.0,0.0
2013-07-09 21:00:00,0.0,0.0,0.0,0.0,0.0,0.0
2013-07-09 22:00:00,0.0,0.0,0.0,0.0,0.0,0.0
2013-07-09 23:00:00,0.0,0.0,0.0,0.0,0.0,0.0
2013-07-10 00:00:00,0.0,0.0,0.0,0.0,0.0,0.0
2013-07-10 01:00:00,0.0,0.0,0.0,0.0,0.0,0.0
2013-07-10 02:00:00,0.0,0.0,0.0,0.0,0.0,0.0
2013-07-10 03:00:00,0.0,0.0,0.0,0.0,0.0,0.0
2013-07-10 04:00:00,0.006622088830603269,0.005145754263969439,0.014168140109251678,0.003984409065391122,0.026688460296668742,0.014043077412993744
2013-07-10 05:00:00,0.0848458849650864,0.09126475151028769,0.10711663754055413,0.0722328272564848,0.13784069712786687,0.11022495792714385
2013-07-10 06:00:00,0.2263637633158097,0.24334390394824526,0.24641029311616308,0.19615626313846257,0.27775511796802954,0.26104793143555116
2013-07-10 07:00:00,0.34265346437201566,0.36419671645446633,0.37509234633476524,0.3434737099968557,0.3925829146918579,0.3919652227905498
2013-07-10 08:00:00,0.44489740000674266,0.4735439102582735,0.4546865543617103,0.40962403379030465,0.45212747910075046,0.48791384689611755
2013-07-10 09:00:00,0.5181247417740511,0.5367473636950493,0.5045954131394641,0.4443745400710423,0.4803222544262842,0.5671965093273441
2013-07-10 10:00:00,0.5299146771017442,0.5670185475598242,0.5171866947286157,0.4570813406435912,0.412266695417208,0.5784341076119259
2013-07-10 11:00:00,0.5419735153260596,0.5485869194716297,0.48242081619397154,0.4596286875239446,0.35884728553017664,0.5126521019397795
2013-07-10 12:00:00,0.4752709693253871,0.4583172205736274,0.43730340489336905,0.38270845915320967,0.26122944989289637,0.4618866810004405
2013-07-10 13:00:00,0.33409826634610806,0.3085540511137399,0.3418718740418154,0.30328822965534935,0.2030976718140227,0.33717825443889254
2013-07-10 14:00:00,0.18754455411610446,0.193891394132973,0.21713868886296037,0.181756314720133,0.11452157380418086,0.2055420752194161
2013-07-10 15:00:00,0.08370702347875868,0.09172012999285105,0.07811250439065322,0.08082062660127885,0.03734457364431011,0.081032625687611
2013-07-10 16:00:00,0.00696132656767108,0.013592663950461683,0.0022355034967207984,0.006762097071714562,0.0,0.006423221082757086
2013-07-10 17:00:00,0.0,0.0,0.0,0.0,0.0,0.0
2013-07-10 18:00:00,0.0,0.0,0.0,0.0,0.0,0.0
2013-07-10 19:00:00,0.0,0.0,0.0,0.0,0.0,0.0
2013-07-10 20:00:00,0.0,0.0,0.0,0.0,0.0,0.0
2013-07-10 21:00:00,0.0,0.0,0.0,0.0,0.0,0.0
2013-07-10 22:00:00,0.0,0.0,0.0,0.0,0.0,0.0
2013-07-10 23:00:00,0.0,0.0,0.0,0.0,0.0,0.0
2013-07-11 00:00:00,0.0,0.0,0.0,0.0,0.0,0.0
2013-07-11 01:00:00,0.0,0.0,0.0,0.0,0.0,0.0
2013-07-11 02:00:00,0.0,0.0,0.0,0.0,0.0,0.0
2013-07-11 03:00:00,0.0,0.0,0.0,0.0,0.0,0.0
2013-07-11 04:00:00,0.0049874974752978545,0.0016243017165901458,0.017376824436755162,0.0037487991233144456,0.022662888291472304,0.012966101041526255
2013-07-11 05:00:00,0.0730655693669735,0.05006461013202976,0.13102321119967844,0.08169439293861243,0.14385569519633512,0.11158650374009225
2013-07-11 06:00:00,0.17209903218735959,0.13365663827837254,0.2873055947673259,0.20203101325249678,0.28296865415412226,0.2614435046685833
2013-07-11 07:00:00,0.24629623530971548,0.19006452833723986,0.4123670552030169,0.2987306346448141,0.3839741139189622,0.3892080965681758
2013-07-11 08:00:00,0.35273058259324014,0.25166863846127135,0.487250972503137,0.38709486501287865,0.41729735922591676,0.5045364031391537
2013-07-11 09:00:00,0.41253550477819473,0.29081786765910306,0.5273438749578233,0.420240175519774,0.40390030265355475,0.562874389790343
2013-07-11 10:00:00,0.45272966662329933,0.29460445214780134,0.5373017184134009,0.40461833408226117,0.33672989250227464,0.5817394019752592
2013-07-11 11:00:00,0.44709881806956514,0.3053569922730882,0.4925936662847266,0.39266630805046526,0.2845423759173655,0.544415458211055
2013-07-11 12:00:00,0.3930040511127208,0.28368260233993897,0.4361335945728542,0.34469996954031396,0.24979203273709663,0.46927976166739804
2013-07-11 13:00:00,0.3090009013818631,0.24466672510975906,0.32709224738003345,0.26453198658576355,0.16216088438846746,0.3603253112017793
2013-07-11 14:00:00,0.19494439093565538,0.14195348539842545,0.1966784103559116,0.1655776448464527,0.0917765974597621,0.20028819023043762
2013-07-11 15:00:00,0.0819366282117528,0.07871161758367924,0.07207178355528909,0.07044804161282342,0.025217471881238334,0.0779182921167626
2013-07-11 16:00:00,0.007183590644229777,0.012219890615691632,0.00224340811259402,0.005783270878177313,0.0,0.006793935976042001
2013-07-11 17:00:00,0.0,0.0,0.0,0.0,0.0,0.0
2013-07-11 18:00:00,0.0,0.0,0.0,0.0,0.0,0.0
2013-07-11 19:00:00,0.0,0.0,0.0,0.0,0.0,0.0
2013-07-11 20:00:00,0.0,0.0,0.0,0.0,0.0,0.0
2013-07-11 21:00:00,0.0,0.0,0.0,0.0,0.0,0.0
2013-07-11 22:00:00,0.0,0.0,0.0,0.0,0.0,0.0
2013-07-11 23:00:00,0.0,0.0,0.0,0.0,0.0,0.0
2013-07-12 00:00:00,0.0,0.0,0.0,0.0,0.0,0.0
2013-07-12 01:00:00,0.0,0.0,0.0,0.0,0.0,0.0
2013-07-12 02:00:00,0.0,0.0,0.0,0.0,0.0,0.0
2013-07-12 03:00:00,0.0,0.0,0.0,0.0,0.0,0.0
2013-07-12 04:00:00,0.007154717183650604,0.004241117887876735,0.018433734713989517,0.004327867785018812,0.028163442955611455,0.015108658594168345
2013-07-12 05:00:00,0.10071547824934271,0.08725271670906451,0.1397108306163189,0.09234650479536295,0.15381279619713317,0.11966637894508127
2013-07-12 06:00:00,0.24585423192533887,0.23667303861194197,0.2952034951409855,0.2437539462711097,0.3010256486633851,0.2747467052570402
2013-07-12 07:00:00,0.41319366089354354,0.3909244262585983,0.4507242141844354,0.3865442196386019,0.4289757993202819,0.4359030543111041
2013-07-12 08:00:00,0.515823457172406,0.510845223175658,0.5485541130905786,0.48290986153530036,0.4886085656759652,0.5373014863588815
2013-07-12 09:00:00,0.5886727409775586,0.5723110919984359,0.5950975751067776,0.5343626801959102,0.5110454697500263,0.5904461268510827
2013-07-12 10:00:00,0.5985602267168179,0.559023624035358,0.5876818447715886,0.507581050222786,0.4946457757405431,0.5999788736086737
2013-07-12 11:00:00,0.5760377978680638,0.5374277460555507,0.550570984142539,0.46721171032232156,0.42511641389093235,0.569755164909227
2013-07-12 12:00:00,0.49619392120785444,0.4839500043522008,0.47844297536189834,0.3894098710111351,0.33763777656335714,0.49576181803384367
2013-07-12 13:00:00,0.38837667742278675,0.34391265401625043,0.36667375276354136,0.3070789926166663,0.23322934996607886,0.37217479165247236
2013-07-12 14:00:00,0.23533555470125664,0.2196682232885826,0.22594296791934818,0.19963779717097038,0.13790874339212394,0.20532163375412385
2013-07-12 15:00:00,0.09601880719970633,0.1047009035273258,0.0783712503036737,0.08345689916540586,0.04253758256069648,0.07653850449582451
2013-07-12 16:00:00,0.008687684173327668,0.014301550866214822,0.0021618350593337627,0.007303776135019006,0.0,0.007252674576894791
2013-07-12 17:00:00,0.0,0.0,0.0,0.0,0.0,0.0
2013-07-12 18:00:00,0.0,0.0,0.0,0.0,0.0,0.0
2013-07-12 19:00:00,0.0,0.0,0.0,0.0,0.0,0.0
2013-07-12 20:00:00,0.0,0.0,0.0,0.0,0.0,0.0
2013-07-12 21:00:00,0.0,0.0,0.0,0.0,0.0,0.0
2013-07-12 22:00:00,0.0,0.0,0.0,0.0,0.0,0.0
2013-07-12 23:00:00,0.0,0.0,0.0,0.0,0.0,0.0
2013-07-13 00:00:00,0.0,0.0,0.0,0.0,0.0,0.0
2013-07-13 01:00:00,0.0,0.0,0.0,0.0,0.0,0.0
2013-07-13 02:00:00,0.0,0.0,0.0,0.0,0.0,0.0
2013-07-13 03:00:00,0.0,0.0,0.0,0.0,0.0,0.0
2013-07-13 04:00:00,0.005119605746896176,0.003067427009273017,0.016914687271779135,0.0034665072880954674,0.02808013222557755,0.013319675183635159
2013-07-13 05:00:00,0.0784801772171008,0.07723502841020734,0.13373719539318338,0.08110938367699491,0.15402393541060558,0.10631120423670819
2013-07-13 06:00:00,0.22116164689995707,0.21311973065279452,0.29023320159552063,0.23690332103884928,0.3094327331175922,0.2204815475967943
2013-07-13 07:00:00,0.316234148214899,0.3156957425307547,0.42739209464313305,0.3849092174245843,0.4080820434217661,0.3737848862157713
2013-07-13 08:00:00,0.4243854245735257,0.40409589762844345,0.5314982416116839,0.4811576502931058,0.46016734869821196,0.45100961945000667
2013-07-13 09:00:00,0.5406590325520405,0.4755360957637362,0.5913696267680701,0.49627641988007853,0.4535580967551146,0.4751245788048966
2013-07-13 10:00:00,0.5354104431337735,0.477453448583044,0.5522634949133098,0.44886967401104405,0.34285629681604185,0.49641209950016396
2013-07-13 11:00:00,0.5481404147073387,0.47646613346881256,0.5025220559283826,0.44373003900659197,0.29285215404567333,0.44583575247128715
2013-07-13 12:00:00,0.48145661619521923,0.39087179096103825,0.4244839840694794,0.3762281868067149,0.2252167541648885,0.40617671785913123
2013-07-13 13:00:00,0.3626341547240781,0.28629755724767064,0.32452479420967645,0.28304678124494653,0.1568322015264265,0.29998173477435847
2013-07-13 14:00:00,0.19996178431000478,0.16991107181448353,0.17154881017771223,0.165367519493923,0.07993113745700703,0.1888234204514983
2013-07-13 15:00:00,0.08546884317513577,0.09202514205484436,0.064855804589276,0.07905270937715057,0.02390729413680796,0.0787214018517554
2013-07-13 16:00:00,0.007343438544593161,0.013623873628791078,0.001696518630641187,0.007056798160367759,0.0,0.006945711707609289
2013-07-13 17:00:00,0.0,0.0,0.0,0.0,0.0,0.0
2013-07-13 18:00:00,0.0,0.0,0.0,0.0,0.0,0.0
2013-07-13 19:00:00,0.0,0.0,0.0,0.0,0.0,0.0
2013-07-13 20:00:00,0.0,0.0,0.0,0.0,0.0,0.0
2013-07-13 21:00:00,0.0,0.0,0.0,0.0,0.0,0.0
2013-07-13 22:00:00,0.0,0.0,0.0,0.0,0.0,0.0
2013-07-13 23:00:00,0.0,0.0,0.0,0.0,0.0,0.0
2013-07-14 00:00:00,0.0,0.0,0.0,0.0,0.0,0.0
2013-07-14 01:00:00,0.0,0.0,0.0,0.0,0.0,0.0
2013-07-14 02:00:00,0.0,0.0,0.0,0.0,0.0,0.0
2013-07-14 03:00:00,0.0,0.0,0.0,0.0,0.0,0.0
2013-07-14 04:00:00,0.005506417674890912,0.0037189858596148933,0.01783981205389657,0.0034797571568072044,0.02598642212166697,0.014592984930906832
2013-07-14 05:00:00,0.09997343606215874,0.08691097930746661,0.13206871714006216,0.08163231129562623,0.14785073713426228,0.12174982780254154
2013-07-14 06:00:00,0.24436381205852314,0.23357283281070243,0.28461703613929773,0.21705056993968935,0.31714573879818564,0.28310377014945143
2013-07-14 07:00:00,0.38148914219538355,0.3248996835609793,0.4305727372599913,0.3629209989854738,0.4271265303280838,0.39749904683165743
2013-07-14 08:00:00,0.477391009851186,0.3995450888374629,0.5284934248610283,0.46086712059383067,0.49976741085282855,0.48335124574652666
2013-07-14 09:00:00,0.5511602569009525,0.48155467340797725,0.5631512090553079,0.5087023400349171,0.4945746854626541,0.5162543970602258
2013-07-14 10:00:00,0.541324027361836,0.5084161336225558,0.5553648897178554,0.49705727748178835,0.4432222909944975,0.4933309696791068
2013-07-14 11:00:00,0.5162933222502133,0.45978111656328446,0.5130967024703208,0.46206529167295857,0.38574442429555456,0.4993008159512284
2013-07-14 12:00:00,0.39902100198457185,0.37531462813043187,0.4438290290322487,0.3653325525425583,0.2487934150318449,0.4115352299948165
2013-07-14 13:00:00,0.30254062054499625,0.26134657577406006,0.32754824018999645,0.2831218966034786,0.1900479763418721,0.31106906639674486
2013-07-14 14:00:00,0.19210657531785774,0.15334876047764853,0.20640925843827082,0.182761752418755,0.11273955200334351,0.17804403739630822
2013-07-14 15:00:00,0.08259638871930275,0.07666271382445637,0.06845885848432816,0.08342782110287254,0.039329064625452194,0.07542384900619221
2013-07-14 16:00:00,0.006413030877785729,0.010855997155040565,0.001623308820382743,0.006285965042509763,0.0,0.005740168746081208
2013-07-14 17:00:00,0.0,0.0,0.0,0.0,0.0,0.0
2013-07-14 18:00:00,0.0,0.0,0.0,0.0,0.0,0.0
2013-07-14 19:00:00,0.0,0.0,0.0,0.0,0.0,0.0
2013-07-14 20:00:00,0.0,0.0,0.0,0.0,0.0,0.0
2013-07-14 21:00:00,0.0,0.0,0.0,0.0,0.0,0.0
2013-07-14 22:00:00,0.0,0.0,0.0,0.0,0.0,0.0
2013-07-14 23:00:00,0.0,0.0,0.0,0.0,0.0,0.0
2013-07-15 00:00:00,0.0,0.0,0.0,0.0,0.0,0.0
2013-07-15 01:00:00,0.0,0.0,0.0,0.0,0.0,0.0
2013-07-15 02:00:00,0.0,0.0,0.0,0.0,0.0,0.0
2013-07-15 03:00:00,0.0,0.0,0.0,0.0,0.0,0.0
2013-07-15 04:00:00,0.0028946534194596043,0.0032239012399883768,0.017690117687191614,0.004037519432353762,0.029619382648252153,0.013904466762805335
2013-07-15 05:00:00,0.05121658561171853,0.05516987098392936,0.12189342926494094,0.08599030344514878,0.16595008767482328,0.11059217376737014
2013-07-15 06:00:00,0.14903211751722406,0.14642688092164213,0.25790028590289465,0.21969843652988388,0.32331333420612995,0.241418101439248
2013-07-15 07:00:00,0.23810224711021613,0.28812858410363484,0.41193324908071627,0.34247510839780376,0.4390076404414563,0.37712404722354653
2013-07-15 08:00:00,0.3226672653845283,0.32708776499881764,0.48580888519617976,0.4458855604523172,0.5081033631912247,0.5036148638508021
2013-07-15 09:00:00,0.43546114278945874,0.4143845935474249,0.5361250970800483,0.4848568311150772,0.5168137103301063,0.5698903238134885
2013-07-15 10:00:00,0.4770912446201447,0.4155065131234651,0.533237725482906,0.4935176395882017,0.45897791189596815,0.5731227270887189
2013-07-15 11:00:00,0.47163426556695576,0.4154298135750024,0.4977406093369654,0.46419750733955295,0.3731999949715159,0.5681270719384455
2013-07-15 12:00:00,0.45121749964526814,0.34782424930147854,0.43508898071583707,0.3953144148416453,0.27207040808736643,0.47937311580666475
2013-07-15 13:00:00,0.3837471444944263,0.3041564362059656,0.33934529044899886,0.291217457452815,0.19063077886747506,0.33305475445815425
2013-07-15 14:00:00,0.22177251467955716,0.18479318906207728,0.21148972146278477,0.16515522722213186,0.11789373922928426,0.2118033504708511
2013-07-15 15:00:00,0.09186843909578099,0.07872573166196076,0.0777452761072768,0.06685624034398174,0.041866772796813286,0.07649256057050055
2013-07-15 16:00:00,0.007328076935756196,0.011201321338853763,0.0019535010530638696,0.006201732760917479,0.0,0.006508271500238607
2013-07-15 17:00:00,0.0,0.0,0.0,0.0,0.0,0.0
2013-07-15 18:00:00,0.0,0.0,0.0,0.0,0.0,0.0
2013-07-15 19:00:00,0.0,0.0,0.0,0.0,0.0,0.0
2013-07-15 20:00:00,0.0,0.0,0.0,0.0,0.0,0.0
2013-07-15 21:00:00,0.0,0.0,0.0,0.0,0.0,0.0
2013-07-15 22:00:00,0.0,0.0,0.0,0.0,0.0,0.0
2013-07-15 23:00:00,0.0,0.0,0.0,0.0,0.0,0.0
2013-07-16 00:00:00,0.0,0.0,0.0,0.0,0.0,0.0
2013-07-16 01:00:00,0.0,0.0,0.0,0.0,0.0,0.0
2013-07-16 02:00:00,0.0,0.0,0.0,0.0,0.0,0.0
2013-07-16 03:00:00,0.0,0.0,0.0,0.0,0.0,0.0
2013-07-16 04:00:00,0.0033552053204867083,0.0014595189284668639,0.015252984606407307,0.004003266921417165,0.029704059656211708,0.01295024070081859
2013-07-16 05:00:00,0.07076428456784459,0.0679534640142675,0.1330003412347568,0.08682620469323923,0.171549097877648,0.10868528494230517
2013-07-16 06:00:00,0.18698207146277032,0.18409787679977604,0.293050393432398,0.22097942976868512,0.34219782910217816,0.24821963524126217
2013-07-16 07:00:00,0.30022418436133735,0.27340402267427255,0.4425196063213192,0.3483945733227251,0.4736334034370455,0.35718417625095444
2013-07-16 08:00:00,0.3985332974856409,0.37675117723037016,0.5408600134738746,0.47482821883158305,0.5746607998084264,0.5114258955805814
2013-07-16 09:00:00,0.48017396176277166,0.42292411694761173,0.6053217861459318,0.5540991838005263,0.5873731480321241,0.5262876104420965
2013-07-16 10:00:00,0.506364600376163,0.43202780358203413,0.6108873404409193,0.5403830153942343,0.5492239852438573,0.5418732417330213
2013-07-16 11:00:00,0.4920752913537734,0.43138740914538315,0.5602532997980063,0.4860590137707374,0.4308009484220682,0.4954657918631147
2013-07-16 12:00:00,0.43235054482711477,0.35209951616351026,0.47956232320514125,0.4265977054192109,0.3260585816914473,0.43133750652214525
2013-07-16 13:00:00,0.35335375898369153,0.27371436575589747,0.35261010606627163,0.33201594528056394,0.23317370387650704,0.2983190823357545
2013-07-16 14:00:00,0.22196110626266724,0.16821157597078365,0.21589093718591498,0.21439473983241664,0.13438609357654255,0.15525085637510702
2013-07-16 15:00:00,0.10246672046608804,0.07844805017771428,0.0779424960312008,0.0873978423649917,0.04982221231285152,0.06501674761732396
2013-07-16 16:00:00,0.007942114766393454,0.012558069620558944,0.0017628698757831645,0.0072660316645532085,0.0,0.004555236642108893
2013-07-16 17:00:00,0.0,0.0,0.0,0.0,0.0,0.0
2013-07-16 18:00:00,0.0,0.0,0.0,0.0,0.0,0.0
2013-07-16 19:00:00,0.0,0.0,0.0,0.0,0.0,0.0
2013-07-16 20:00:00,0.0,0.0,0.0,0.0,0.0,0.0
2013-07-16 21:00:00,0.0,0.0,0.0,0.0,0.0,0.0
2013-07-16 22:00:00,0.0,0.0,0.0,0.0,0.0,0.0
2013-07-16 23:00:00,0.0,0.0,0.0,0.0,0.0,0.0
2013-07-17 00:00:00,0.0,0.0,0.0,0.0,0.0,0.0
2013-07-17 01:00:00,0.0,0.0,0.0,0.0,0.0,0.0
2013-07-17 02:00:00,0.0,0.0,0.0,0.0,0.0,0.0
2013-07-17 03:00:00,0.0,0.0,0.0,0.0,0.0,0.0
2013-07-17 04:00:00,0.006135212038652735,0.003892172001984163,0.015681171352221288,0.0046086693056947205,0.028411731366597266,0.010318984993213624
2013-07-17 05:00:00,0.0910895753374134,0.08604669267495059,0.11730156401844022,0.09602246206246509,0.15138909814592758,0.08851034400109886
2013-07-17 06:00:00,0.23157844362366736,0.22875306299712264,0.24466718352426653,0.24708037720785178,0.30722276907449214,0.2103481529065417
2013-07-17 07:00:00,0.20109738514791853,0.2578289505179068,0.367128725767143,0.3566850340073788,0.40383664877089004,0.24743565124959793
2013-07-17 08:00:00,0.26227543427741407,0.3319685826672837,0.46027661246821894,0.458891291238303,0.4675609922117019,0.3244339654718487
2013-07-17 09:00:00,0.3235322074328133,0.35973868155709515,0.485960882512773,0.5183063632727771,0.49434994015113903,0.4340961867946729
2013-07-17 10:00:00,0.3805920463073951,0.37621996125533597,0.4556136107066292,0.4844772218987256,0.4127624871695115,0.3977274894106125
2013-07-17 11:00:00,0.34355259688977036,0.33102464439827334,0.4410641169772293,0.4298129153475069,0.3289357164824874,0.4498771915845255
2013-07-17 12:00:00,0.3128425745137421,0.2733320199130587,0.38354832687990026,0.3088810082985299,0.2296896418187259,0.3809775177863797
2013-07-17 13:00:00,0.25537653995380666,0.19242959513532196,0.28451449157025593,0.23421556150048603,0.16725569784392483,0.29230247980712154
2013-07-17 14:00:00,0.16041860498023414,0.11353424684887656,0.17207421080331126,0.15111390928439408,0.10251734136462498,0.1651483974437079
2013-07-17 15:00:00,0.06882796463298675,0.05555800442671354,0.061475921964173945,0.06493527151912727,0.03630275109410257,0.059250859166994754
2013-07-17 16:00:00,0.004153840719922028,0.008851401965497488,0.0016080817542990838,0.005004386268413746,0.0,0.005352673596750428
2013-07-17 17:00:00,0.0,0.0,0.0,0.0,0.0,0.0
2013-07-17 18:00:00,0.0,0.0,0.0,0.0,0.0,0.0
2013-07-17 19:00:00,0.0,0.0,0.0,0.0,0.0,0.0
2013-07-17 20:00:00,0.0,0.0,0.0,0.0,0.0,0.0
2013-07-17 21:00:00,0.0,0.0,0.0,0.0,0.0,0.0
2013-07-17 22:00:00,0.0,0.0,0.0,0.0,0.0,0.0
2013-07-17 23:00:00,0.0,0.0,0.0,0.0,0.0,0.0
2013-07-18 00:00:00,0.0,0.0,0.0,0.0,0.0,0.0
2013-07-18 01:00:00,0.0,0.0,0.0,0.0,0.0,0.0
2013-07-18 02:00:00,0.0,0.0,0.0,0.0,0.0,0.0
2013-07-18 03:00:00,0.0,0.0,0.0,0.0,0.0,0.0
2013-07-18 04:00:00,0.00321020691618781,0.0008135913541831722,0.00850592012933728,0.00373336365371422,0.026580058957093537,0.007537534881971085
2013-07-18 05:00:00,0.05639426139601983,0.04065492170307389,0.07085971092510748,0.08305134018644604,0.15113593539983627,0.06740079245454046
2013-07-18 06:00:00,0.1450600398521165,0.10258963504117026,0.17543158729785235,0.20635048716564366,0.2905266533088971,0.17788763759623355
2013-07-18 07:00:00,0.2512902101268665,0.1709001315914589,0.2084315810800396,0.29413027733223496,0.41389722118055094,0.3241669461021185
2013-07-18 08:00:00,0.3523884156055762,0.2552170937780476,0.32414776968674086,0.4046764782776018,0.4657748918281051,0.4253872764212649
2013-07-18 09:00:00,0.41594945715901904,0.29847097111163445,0.3630069702696805,0.4517411692379707,0.42900671032557275,0.4782298983617539
2013-07-18 10:00:00,0.46944345055099157,0.305378307808411,0.39631114272485374,0.4814679906297728,0.36438557543232086,0.5252232534692349
2013-07-18 11:00:00,0.40415395296225726,0.26234269695560425,0.37923516180974326,0.4112029110107433,0.29467463128885035,0.45852127132852943
2013-07-18 12:00:00,0.34174033453448893,0.265973603775803,0.3391887733295789,0.3501475089100456,0.24868943029492097,0.4454779034436978
2013-07-18 13:00:00,0.23007544219289336,0.19229194483658443,0.22879282722290856,0.2646547952750218,0.1738359961520647,0.2911307032530892
2013-07-18 14:00:00,0.1292565393082421,0.12962161645819553,0.162324362572989,0.17610993509757905,0.09320417838410332,0.18499566988755387
2013-07-18 15:00:00,0.051003846467756526,0.06250672016821067,0.053479864407159225,0.07950458961624902,0.02971890311629629,0.06820351247455528
2013-07-18 16:00:00,0.003953893790905837,0.009842842152103749,0.0013638971140503809,0.0073316391418644005,0.0,0.004996083888622449
2013-07-18 17:00:00,0.0,0.0,0.0,0.0,0.0,0.0
2013-07-18 18:00:00,0.0,0.0,0.0,0.0,0.0,0.0
2013-07-18 19:00:00,0.0,0.0,0.0,0.0,0.0,0.0
2013-07-18 20:00:00,0.0,0.0,0.0,0.0,0.0,0.0
2013-07-18 21:00:00,0.0,0.0,0.0,0.0,0.0,0.0
2013-07-18 22:00:00,0.0,0.0,0.0,0.0,0.0,0.0
2013-07-18 23:00:00,0.0,0.0,0.0,0.0,0.0,0.0
2013-07-19 00:00:00,0.0,0.0,0.0,0.0,0.0,0.0
2013-07-19 01:00:00,0.0,0.0,0.0,0.0,0.0,0.0
2013-07-19 02:00:00,0.0,0.0,0.0,0.0,0.0,0.0
2013-07-19 03:00:00,0.0,0.0,0.0,0.0,0.0,0.0
2013-07-19 04:00:00,0.005151008704554544,0.003604350543922179,0.015983142945174767,0.0023454804470141055,0.026928415982520743,0.014438070676470696
2013-07-19 05:00:00,0.08417494381663931,0.0870624036909294,0.12716392692344228,0.07107008098525384,0.15391608659509537,0.12354867064741132
2013-07-19 06:00:00,0.22114723785568619,0.24236779644695583,0.2870949549245148,0.2031974198301136,0.3133744163646563,0.28490631857917936
2013-07-19 07:00:00,0.3983104901364712,0.407451934911467,0.40542405387384955,0.35366827217500896,0.4360202086551507,0.43642824409937975
2013-07-19 08:00:00,0.48995097253119285,0.5161815150587057,0.5003500524061032,0.45170053223647255,0.5256973345686942,0.5369084639584633
2013-07-19 09:00:00,0.5778600830051973,0.5815882953272653,0.5551415607892753,0.5167470583712696,0.5447741252478903,0.5963280802432248
2013-07-19 10:00:00,0.6226870727512277,0.6347659091140878,0.5759207022835349,0.517582752658406,0.5351578106999284,0.613406525376806
2013-07-19 11:00:00,0.5925720604819574,0.5601374118592767,0.5386737629495149,0.4698245748907407,0.45754121868550485,0.5843944399300721
2013-07-19 12:00:00,0.4842925991981282,0.46069839356092585,0.45836262569774905,0.3937850963981608,0.3431874011656181,0.4816539105722314
2013-07-19 13:00:00,0.3637448001687249,0.34215498331478716,0.36261214889254373,0.3095824902857177,0.2257994761265332,0.3856881919464025
2013-07-19 14:00:00,0.22396794017758082,0.21804143552781546,0.21519539600741242,0.1995828442412308,0.10857368492727497,0.23575595597847554
2013-07-19 15:00:00,0.1017385459990234,0.10497322158680125,0.07496555649537265,0.09353577195760275,0.0342420491522345,0.08961760702398834
2013-07-19 16:00:00,0.006854218408581665,0.013068070068104719,0.0019759658000086584,0.00840123469490126,0.0,0.007356835359000885
2013-07-19 17:00:00,0.0,0.0,0.0,0.0,0.0,0.0
2013-07-19 18:00:00,0.0,0.0,0.0,0.0,0.0,0.0
2013-07-19 19:00:00,0.0,0.0,0.0,0.0,0.0,0.0
2013-07-19 20:00:00,0.0,0.0,0.0,0.0,0.0,0.0
2013-07-19 21:00:00,0.0,0.0,0.0,0.0,0.0,0.0
2013-07-19 22:00:00,0.0,0.0,0.0,0.0,0.0,0.0
2013-07-19 23:00:00,0.0,0.0,0.0,0.0,0.0,0.0
2013-07-20 00:00:00,0.0,0.0,0.0,0.0,0.0,0.0
2013-07-20 01:00:00,0.0,0.0,0.0,0.0,0.0,0.0
2013-07-20 02:00:00,0.0,0.0,0.0,0.0,0.0,0.0
2013-07-20 03:00:00,0.0,0.0,0.0,0.0,0.0,0.0
2013-07-20 04:00:00,0.004571154821910109,0.002904097280971243,0.01684175348501299,0.003920798496485845,0.024333545679613718,0.013568510027662758
2013-07-20 05:00:00,0.08665985856068648,0.08976067965205589,0.13182413724693215,0.09256322975193082,0.14602660152405947,0.12592409959505946
2013-07-20 06:00:00,0.2568373743169387,0.252340077462071,0.28249225070360034,0.251815582759399,0.2956733143165573,0.27676187659249557
2013-07-20 07:00:00,0.3822248395094374,0.4131427386964304,0.3962286363930901,0.3765293075194808,0.41434208083093393,0.43817530408173044
2013-07-20 08:00:00,0.5036785110391115,0.5426892567002031,0.4855901472466208,0.46746148689000644,0.4988496367132321,0.5415437255261359
2013-07-20 09:00:00,0.596839650128018,0.6051202745666762,0.5256313429351435,0.5059668355980711,0.5101705055373917,0.5908454310361587
2013-07-20 10:00:00,0.5956530741895746,0.6181548486391444,0.5445278139850325,0.4942711544781835,0.47885108858152203,0.6142081741898704
2013-07-20 11:00:00,0.5716271359648112,0.5876474998713018,0.5218056900393252,0.44644974210300636,0.36723055302023694,0.5816792745477722
2013-07-20 12:00:00,0.48418313219800846,0.49649970578798513,0.452820451679468,0.3911291505122292,0.2725415493866988,0.5084728818975129
2013-07-20 13:00:00,0.37714467087923914,0.3692142001283172,0.3647125072303673,0.30953206735309174,0.19240143574319143,0.38297249161003927
2013-07-20 14:00:00,0.22030782296693902,0.22057398577887194,0.2180173144843525,0.19167074379462212,0.10470050499512565,0.23922900834988423
2013-07-20 15:00:00,0.09184428694525551,0.10066491660047003,0.07927784354831614,0.07851568738099901,0.033592338384402766,0.09401135936826101
2013-07-20 16:00:00,0.007570925360566766,0.015041430886203268,0.0023877856800126776,0.007109651206692683,0.0,0.008816796767837119
2013-07-20 17:00:00,0.0,0.0,0.0,0.0,0.0,0.0
2013-07-20 18:00:00,0.0,0.0,0.0,0.0,0.0,0.0
2013-07-20 19:00:00,0.0,0.0,0.0,0.0,0.0,0.0
2013-07-20 20:00:00,0.0,0.0,0.0,0.0,0.0,0.0
2013-07-20 21:00:00,0.0,0.0,0.0,0.0,0.0,0.0
2013-07-20 22:00:00,0.0,0.0,0.0,0.0,0.0,0.0
2013-07-20 23:00:00,0.0,0.0,0.0,0.0,0.0,0.0
2013-07-21 00:00:00,0.0,0.0,0.0,0.0,0.0,0.0
2013-07-21 01:00:00,0.0,0.0,0.0,0.0,0.0,0.0
2013-07-21 02:00:00,0.0,0.0,0.0,0.0,0.0,0.0
2013-07-21 03:00:00,0.0,0.0,0.0,0.0,0.0,0.0
2013-07-21 04:00:00,0.004650316485324215,0.0026960475979218934,0.014867192448828347,0.0012961926361477992,0.01845874725434307,0.015247879440788406
2013-07-21 05:00:00,0.08535458956031661,0.07912389161022836,0.12097199947158199,0.05314924339395587,0.09875877127234844,0.13099575786335918
2013-07-21 06:00:00,0.2181908489504243,0.19996074063034006,0.2566797576266944,0.15748207379122653,0.20274546648787697,0.27896864936873816
2013-07-21 07:00:00,0.3610892378296363,0.33968488009395603,0.3695595766061997,0.25322042960857716,0.2639099175475927,0.42887245112147
2013-07-21 08:00:00,0.4518249673101693,0.4413233214822174,0.45102334245241416,0.33512654514941326,0.3440967954122864,0.5265731687826395
2013-07-21 09:00:00,0.5404958151097686,0.5413293475740459,0.505130526783106,0.4364728355416222,0.3890082092341676,0.59389952677679
2013-07-21 10:00:00,0.5440841922384014,0.5416916592637149,0.5183958934833227,0.42219879843751834,0.38920017315147837,0.6046279338796464
2013-07-21 11:00:00,0.530194547105148,0.475334678616217,0.4642874339232389,0.4146039460736799,0.32327421516082117,0.5578091244653762
2013-07-21 12:00:00,0.4416750229425771,0.41090900187924956,0.4074095987435088,0.35046184761937976,0.23566913538456485,0.47388940598928764
2013-07-21 13:00:00,0.30700777296652804,0.2766010171224744,0.31596234827040875,0.23772382428936886,0.16924691225111183,0.3548240905704648
2013-07-21 14:00:00,0.1713301579690246,0.17705458802199064,0.19130476314181175,0.14063303112935596,0.0844325898689785,0.21010455104828574
2013-07-21 15:00:00,0.06989337750383844,0.07906187511289464,0.0668782055200071,0.06022769866516654,0.023148197058061103,0.07839462047107018
2013-07-21 16:00:00,0.004809570904524079,0.010801773696926479,0.001438394496288317,0.004479428784562979,0.0,0.006910212245098601
2013-07-21 17:00:00,0.0,0.0,0.0,0.0,0.0,0.0
2013-07-21 18:00:00,0.0,0.0,0.0,0.0,0.0,0.0
2013-07-21 19:00:00,0.0,0.0,0.0,0.0,0.0,0.0
2013-07-21 20:00:00,0.0,0.0,0.0,0.0,0.0,0.0
2013-07-21 21:00:00,0.0,0.0,0.0,0.0,0.0,0.0
2013-07-21 22:00:00,0.0,0.0,0.0,0.0,0.0,0.0
2013-07-21 23:00:00,0.0,0.0,0.0,0.0,0.0,0.0
2013-07-22 00:00:00,0.0,0.0,0.0,0.0,0.0,0.0
2013-07-22 01:00:00,0.0,0.0,0.0,0.0,0.0,0.0
2013-07-22 02:00:00,0.0,0.0,0.0,0.0,0.0,0.0
2013-07-22 03:00:00,0.0,0.0,0.0,0.0,0.0,0.0
2013-07-22 04:00:00,0.0019866693470256516,0.0020557679054295495,0.011948205155115915,0.002314202717861985,0.02049637096333583,0.013119277473555525
2013-07-22 05:00:00,0.04555161285652049,0.06679393473800892,0.09605434694270436,0.07076729095175344,0.12512474628429177,0.1270674983732032
2013-07-22 06:00:00,0.1190790641822394,0.18767414170795815,0.20548674727832203,0.1908677397292754,0.25049401353063894,0.27099776326561714
2013-07-22 07:00:00,0.11130198864409244,0.22679148926372522,0.3519857154468697,0.22400425976773747,0.33824834549006455,0.42596999499162796
2013-07-22 08:00:00,0.16262324301605605,0.2823092743553917,0.4405798755228382,0.30316816981116435,0.38482933699900723,0.5196757129897005
2013-07-22 09:00:00,0.23579476030224703,0.3505181652953475,0.46251665361230254,0.34114028802241236,0.41443806097490804,0.5894144773048706
2013-07-22 10:00:00,0.27714576069296737,0.378210220993393,0.47508779992907363,0.3385038231147114,0.404331096615333,0.5945757770907231
2013-07-22 11:00:00,0.2752962414915932,0.3388819021168434,0.4405311864874996,0.28229334743342305,0.3446131408947776,0.5668310197662058
2013-07-22 12:00:00,0.3026399532368974,0.29752685408096347,0.3853854605953529,0.22139142529346142,0.3093383359195829,0.4724703464376797
2013-07-22 13:00:00,0.2518651882408477,0.22174894887603702,0.28722251364155305,0.17414004710804526,0.17899458592255696,0.37127709450846674
2013-07-22 14:00:00,0.1486230389468408,0.1375385038099183,0.1818946192427895,0.10937107425238052,0.10342254529788764,0.22654142555725898
2013-07-22 15:00:00,0.06681399821248243,0.06776376611666968,0.0707431560706326,0.05151233174332675,0.027400757497714087,0.08641032421506484
2013-07-22 16:00:00,0.006164914382969868,0.011145320013226483,0.0021233241664055714,0.003303352747915297,0.0,0.0058945957334880575
2013-07-22 17:00:00,0.0,0.0,0.0,0.0,0.0,0.0
2013-07-22 18:00:00,0.0,0.0,0.0,0.0,0.0,0.0
2013-07-22 19:00:00,0.0,0.0,0.0,0.0,0.0,0.0
2013-07-22 20:00:00,0.0,0.0,0.0,0.0,0.0,0.0
2013-07-22 21:00:00,0.0,0.0,0.0,0.0,0.0,0.0
2013-07-22 22:00:00,0.0,0.0,0.0,0.0,0.0,0.0
2013-07-22 23:00:00,0.0,0.0,0.0,0.0,0.0,0.0
2013-07-23 00:00:00,0.0,0.0,0.0,0.0,0.0,0.0
2013-07-23 01:00:00,0.0,0.0,0.0,0.0,0.0,0.0
2013-07-23 02:00:00,0.0,0.0,0.0,0.0,0.0,0.0
2013-07-23 03:00:00,0.0,0.0,0.0,0.0,0.0,0.0
2013-07-23 04:00:00,0.004702346714831988,0.0032238534470307692,0.01367314579637765,0.0011981967593473462,0.015928310142201616,0.014379386872650552
2013-07-23 05:00:00,0.08907376429044371,0.09362091660912487,0.1184621347040087,0.0412141755412733,0.10250525681431749,0.12958652377508698
2013-07-23 06:00:00,0.23765405530349687,0.24864322511686765,0.25240472801269753,0.12129399232715583,0.20854714327779808,0.2985539007134149
2013-07-23 07:00:00,0.383019517596634,0.39718934051340526,0.39072742866096044,0.23492347281965048,0.3112833779447501,0.45052132531536127
2013-07-23 08:00:00,0.4913424592271532,0.5145164126093998,0.474054170196136,0.3334717462680474,0.3715454685871082,0.5518141370061536
2013-07-23 09:00:00,0.5586126718473381,0.556094064608887,0.5065980196386283,0.4144681496424807,0.39136229588477567,0.6185266470220672
2013-07-23 10:00:00,0.5923269509816537,0.5874321928237464,0.5174249288077493,0.44772451014984116,0.38424156527063,0.6264454827224631
2013-07-23 11:00:00,0.5292688077512555,0.5401480585027703,0.4820172574593855,0.36931803787365397,0.3472760624226737,0.5914115813966219
2013-07-23 12:00:00,0.47732583511865073,0.46799193940342465,0.44150576405219644,0.3528629573879211,0.2557245432505277,0.5008639481906527
2013-07-23 13:00:00,0.3785688802541799,0.33694695034727784,0.34241531096022526,0.2622695194560176,0.18747445132158486,0.3645998359261686
2013-07-23 14:00:00,0.23817134728620062,0.20370667795495961,0.2035428052200805,0.17235841514111738,0.0980551808836737,0.2230883196214807
2013-07-23 15:00:00,0.10120395027733918,0.08705095889001116,0.07781419724972499,0.07468025380490415,0.022445589365296382,0.07840559174256109
2013-07-23 16:00:00,0.0070100135185495755,0.010445876063155078,0.001988265964992445,0.006872319133432548,0.0,0.005979357103550907
2013-07-23 17:00:00,0.0,0.0,0.0,0.0,0.0,0.0
2013-07-23 18:00:00,0.0,0.0,0.0,0.0,0.0,0.0
2013-07-23 19:00:00,0.0,0.0,0.0,0.0,0.0,0.0
2013-07-23 20:00:00,0.0,0.0,0.0,0.0,0.0,0.0
2013-07-23 21:00:00,0.0,0.0,0.0,0.0,0.0,0.0
2013-07-23 22:00:00,0.0,0.0,0.0,0.0,0.0,0.0
2013-07-23 23:00:00,0.0,0.0,0.0,0.0,0.0,0.0
2013-07-24 00:00:00,0.0,0.0,0.0,0.0,0.0,0.0
2013-07-24 01:00:00,0.0,0.0,0.0,0.0,0.0,0.0
2013-07-24 02:00:00,0.0,0.0,0.0,0.0,0.0,0.0
2013-07-24 03:00:00,0.0,0.0,0.0,0.0,0.0,0.0
2013-07-24 04:00:00,0.0054962046758938845,0.0031364077520776,0.016141182100693072,0.0029679791664885356,0.02430033511264263,0.012581087300366684
2013-07-24 05:00:00,0.0997048309791807,0.09480062106418051,0.13059425293166496,0.08048500931788034,0.14634859286993107,0.11452145204898571
2013-07-24 06:00:00,0.2552615419807391,0.25412026664583726,0.29042461561922733,0.24114167270007242,0.3107971572353866,0.27355076577874293
2013-07-24 07:00:00,0.39926840785745094,0.40500178111372526,0.44276159673408544,0.376299059498271,0.46430537950604495,0.41763717649005055
2013-07-24 08:00:00,0.5218927866106603,0.5159770517483426,0.5393619108302781,0.46850113078164923,0.5339407113327097,0.53401794020036
2013-07-24 09:00:00,0.5868888546648001,0.5876124169832037,0.5810426834809097,0.518722416041964,0.525496182613412,0.5954117233664409
2013-07-24 10:00:00,0.597493463963813,0.5944306005857262,0.5598919847874353,0.5094809487312215,0.5086473096549293,0.6206714568894707
2013-07-24 11:00:00,0.5418393101366552,0.5615822049427983,0.5226427223782539,0.46899344107789964,0.4347629586712601,0.5795065540320316
2013-07-24 12:00:00,0.4426557861481627,0.4662605059872329,0.4489054370953888,0.389943811479134,0.2950276109123609,0.4796883467886971
2013-07-24 13:00:00,0.333998932144249,0.322390707799675,0.3325333505305133,0.28382551919347154,0.19640592562000117,0.3620812201419084
2013-07-24 14:00:00,0.21315903787655363,0.21645105631637845,0.21292237630293595,0.18404127864951744,0.11559252293677963,0.21080155104240275
2013-07-24 15:00:00,0.0910140951496262,0.09318451001104706,0.07597957048753738,0.07508214598228619,0.03671492840434572,0.08032474117619276
2013-07-24 16:00:00,0.007310350701172508,0.013430634081461178,0.002230777964700201,0.0068830056232037865,0.0,0.006659474324958763
2013-07-24 17:00:00,0.0,0.0,0.0,0.0,0.0,0.0
2013-07-24 18:00:00,0.0,0.0,0.0,0.0,0.0,0.0
2013-07-24 19:00:00,0.0,0.0,0.0,0.0,0.0,0.0
2013-07-24 20:00:00,0.0,0.0,0.0,0.0,0.0,0.0
2013-07-24 21:00:00,0.0,0.0,0.0,0.0,0.0,0.0
2013-07-24 22:00:00,0.0,0.0,0.0,0.0,0.0,0.0
2013-07-24 23:00:00,0.0,0.0,0.0,0.0,0.0,0.0
2013-07-25 00:00:00,0.0,0.0,0.0,0.0,0.0,0.0
2013-07-25 01:00:00,0.0,0.0,0.0,0.0,0.0,0.0
2013-07-25 02:00:00,0.0,0.0,0.0,0.0,0.0,0.0
2013-07-25 03:00:00,0.0,0.0,0.0,0.0,0.0,0.0
2013-07-25 04:00:00,0.005166667677026097,0.002806516341365931,0.015635186477777847,0.0034174319904319147,0.027228726251535655,0.012374169173402921
2013-07-25 05:00:00,0.07088711663301318,0.06621878965219685,0.11920283608899652,0.07722783008951367,0.1523138465359027,0.10955377646411518
2013-07-25 06:00:00,0.187538705520434,0.19328788957925414,0.26600090424024686,0.2048902142603997,0.30631975052368665,0.2524568553441708
2013-07-25 07:00:00,0.23372129097472785,0.2662496509154009,0.35459935300103107,0.3133643029497806,0.38315131491298005,0.4351855593329931
2013-07-25 08:00:00,0.3128635474396566,0.3742563619260976,0.47130040941375934,0.37271681660085515,0.43731979685133165,0.5561338233008887
2013-07-25 09:00:00,0.3925013311676942,0.4639469626531741,0.49309827553214536,0.47534112486241614,0.4573085496277379,0.611938794398365
2013-07-25 10:00:00,0.4586604100103995,0.5025393032905958,0.4676305968802608,0.4573463105345783,0.47846965329008695,0.616288257279784
2013-07-25 11:00:00,0.4114423242973443,0.45039066650940285,0.41699350394919715,0.4335188550993429,0.4436186128148582,0.5663397867701672
2013-07-25 12:00:00,0.32962139453824485,0.3399845592718149,0.37847445520282613,0.356918411641244,0.39583697453801053,0.49794489561930566
2013-07-25 13:00:00,0.2515231466298396,0.24962654494794662,0.26931180988094655,0.25416567021944536,0.2790410268174649,0.33891250107810694
2013-07-25 14:00:00,0.15639970228713998,0.14217924818604857,0.1841035085292253,0.1449936676582054,0.17534628174094022,0.1998435021875989
2013-07-25 15:00:00,0.06780449430433798,0.07613811949670093,0.06499947732461116,0.06363879019991352,0.056524790732831155,0.07320898617702938
2013-07-25 16:00:00,0.006032067474770464,0.010804079361221543,0.0017804416607356145,0.005902343396183151,0.0,0.004532497991625283
2013-07-25 17:00:00,0.0,0.0,0.0,0.0,0.0,0.0
2013-07-25 18:00:00,0.0,0.0,0.0,0.0,0.0,0.0
2013-07-25 19:00:00,0.0,0.0,0.0,0.0,0.0,0.0
2013-07-25 20:00:00,0.0,0.0,0.0,0.0,0.0,0.0
2013-07-25 21:00:00,0.0,0.0,0.0,0.0,0.0,0.0
2013-07-25 22:00:00,0.0,0.0,0.0,0.0,0.0,0.0
2013-07-25 23:00:00,0.0,0.0,0.0,0.0,0.0,0.0
2013-07-26 00:00:00,0.0,0.0,0.0,0.0,0.0,0.0
2013-07-26 01:00:00,0.0,0.0,0.0,0.0,0.0,0.0
2013-07-26 02:00:00,0.0,0.0,0.0,0.0,0.0,0.0
2013-07-26 03:00:00,0.0,0.0,0.0,0.0,0.0,0.0
2013-07-26 04:00:00,0.003157847513605343,0.0011479626845443333,0.013813642532297877,0.0015061211949367894,0.021464247171246804,0.012932729111093917
2013-07-26 05:00:00,0.05502548966274335,0.034338100224771045,0.11709822688647709,0.04633408801008348,0.11936031300236467,0.11282729630209072
2013-07-26 06:00:00,0.1538954442696519,0.1050400259665653,0.2859451754060183,0.119616967318422,0.2476668267878169,0.2719011762372195
2013-07-26 07:00:00,0.2692108802912975,0.21169274234808289,0.4454160876707889,0.2358595101460637,0.3498883781529737,0.38705095265444794
2013-07-26 08:00:00,0.3337169577017895,0.2609093300125443,0.5299001843828858,0.2796252375727297,0.38856583260871025,0.487893260448385
2013-07-26 09:00:00,0.475069082175691,0.3526145050716848,0.5876788314069659,0.3660020004572403,0.44389325531661206,0.5231550040485605
2013-07-26 10:00:00,0.48702398565144167,0.35770448020764956,0.586850638643681,0.37733192114129815,0.427301657268962,0.5694549375579747
2013-07-26 11:00:00,0.47286632885491525,0.3344786687524205,0.5418464098344637,0.3948512724096847,0.3527611205535585,0.5330358905655546
2013-07-26 12:00:00,0.4186969568793516,0.2728906944088729,0.46228257330531297,0.29713479662712183,0.28961339870095343,0.418027011799589
2013-07-26 13:00:00,0.315450263888819,0.19981316771563065,0.33344774406259436,0.23799943497153678,0.23334322702070592,0.31246478642721304
2013-07-26 14:00:00,0.18160507791275593,0.1393165194149747,0.1840531399770062,0.1483904983738502,0.12842466660206808,0.16022303533017038
2013-07-26 15:00:00,0.07083127404513836,0.060859805559182516,0.0629487046639141,0.0668226869812935,0.03755956342899461,0.05492083214799876
2013-07-26 16:00:00,0.0041064551092686585,0.008784725245874538,0.0007427362439759497,0.004183998012357286,0.0,0.0050046330649991064
2013-07-26 17:00:00,0.0,0.0,0.0,0.0,0.0,0.0
2013-07-26 18:00:00,0.0,0.0,0.0,0.0,0.0,0.0
2013-07-26 19:00:00,0.0,0.0,0.0,0.0,0.0,0.0
2013-07-26 20:00:00,0.0,0.0,0.0,0.0,0.0,0.0
2013-07-26 21:00:00,0.0,0.0,0.0,0.0,0.0,0.0
2013-07-26 22:00:00,0.0,0.0,0.0,0.0,0.0,0.0
2013-07-26 23:00:00,0.0,0.0,0.0,0.0,0.0,0.0
2013-07-27 00:00:00,0.0,0.0,0.0,0.0,0.0,0.0
2013-07-27 01:00:00,0.0,0.0,0.0,0.0,0.0,0.0
2013-07-27 02:00:00,0.0,0.0,0.0,0.0,0.0,0.0
2013-07-27 03:00:00,0.0,0.0,0.0,0.0,0.0,0.0
2013-07-27 04:00:00,0.0019434386591762325,0.002230535579206685,0.009811602945207177,0.0015887188118054738,0.012088457599452634,0.009819593265551383
2013-07-27 05:00:00,0.047685740583539304,0.061557293695196115,0.07692546326177505,0.041416778340869584,0.08500777139496668,0.09676781965802966
2013-07-27 06:00:00,0.12454266936564694,0.16633391857352084,0.1609569985882444,0.09916211396840761,0.17051982418010128,0.24498731499805404
2013-07-27 07:00:00,0.18195452902176035,0.28164356769365273,0.19770833368353255,0.18904366900195313,0.29892282273260246,0.3436904137024034
2013-07-27 08:00:00,0.2678033370463753,0.3532220119088276,0.26133487698711816,0.2493710826467228,0.35774449002158365,0.4562833548799694
2013-07-27 09:00:00,0.33447709873833775,0.40361917504577016,0.3196332052853897,0.29560190563156935,0.40068498512746914,0.5469248115692634
2013-07-27 10:00:00,0.3356895913816139,0.4317308825871654,0.35305447550188984,0.2916786794249317,0.39766073325062196,0.5700390828995939
2013-07-27 11:00:00,0.38242005879471996,0.42665761393219304,0.36030932212186084,0.3146496906835212,0.3585586019466292,0.5464057371123162
2013-07-27 12:00:00,0.35664988735699493,0.37458009744209875,0.3322383292896439,0.24659186427681878,0.2522758667262481,0.4637029670006133
2013-07-27 13:00:00,0.294266626332999,0.31076053308886514,0.2645763907772958,0.1979622792288528,0.1823120083057262,0.33599161006882816
2013-07-27 14:00:00,0.18811043494909674,0.1996222961343521,0.172191693846767,0.13742638155906603,0.09453417846999759,0.2015111736195861
2013-07-27 15:00:00,0.0892364529695708,0.0966575935951112,0.0623180280139952,0.06070483209237603,0.02705528832303519,0.07016293296406352
2013-07-27 16:00:00,0.006712192295834914,0.014316224619093123,0.0017329655926050453,0.0058254014557815184,0.0,0.005717190978887244
2013-07-27 17:00:00,0.0,0.0,0.0,0.0,0.0,0.0
2013-07-27 18:00:00,0.0,0.0,0.0,0.0,0.0,0.0
2013-07-27 19:00:00,0.0,0.0,0.0,0.0,0.0,0.0
2013-07-27 20:00:00,0.0,0.0,0.0,0.0,0.0,0.0
2013-07-27 21:00:00,0.0,0.0,0.0,0.0,0.0,0.0
2013-07-27 22:00:00,0.0,0.0,0.0,0.0,0.0,0.0
2013-07-27 23:00:00,0.0,0.0,0.0,0.0,0.0,0.0
2013-07-28 00:00:00,0.0,0.0,0.0,0.0,0.0,0.0
2013-07-28 01:00:00,0.0,0.0,0.0,0.0,0.0,0.0
2013-07-28 02:00:00,0.0,0.0,0.0,0.0,0.0,0.0
2013-07-28 03:00:00,0.0,0.0,0.0,0.0,0.0,0.0
2013-07-28 04:00:00,0.005319340571042284,0.0021851005260600724,0.012997771582957921,0.0015023629649160155,0.02108232452747014,0.010611818382316838
2013-07-28 05:00:00,0.09453049722613122,0.07062903083708902,0.11360024770395735,0.05788654149612847,0.11696031746212292,0.10562826358771685
2013-07-28 06:00:00,0.2669855677517238,0.21870540390913956,0.259337155101659,0.18087295345069127,0.22727552550871447,0.2288738909498155
2013-07-28 07:00:00,0.38497374935110834,0.3392181166812657,0.3821140357030487,0.2908292965899614,0.30002833653676936,0.38440226998882443
2013-07-28 08:00:00,0.48423658022648947,0.4452453811065547,0.4718322113411757,0.42674052807158974,0.39127082436651667,0.47497017691836385
2013-07-28 09:00:00,0.5721530199990245,0.46478875032844796,0.520940637188013,0.4965060393620667,0.4380556739997457,0.4987627590332196
2013-07-28 10:00:00,0.6081671414692621,0.5112908091663418,0.5441339934270861,0.4917639315649475,0.4089047954818391,0.5564134851940237
2013-07-28 11:00:00,0.5708704727038775,0.47880399417856034,0.5179510745616765,0.458597507415511,0.342086179320532,0.5890379021451023
2013-07-28 12:00:00,0.4687055022001376,0.411231252507241,0.4513734065303626,0.39783731406985595,0.2378224625279207,0.4860761623653736
2013-07-28 13:00:00,0.4018228106675886,0.33515572071634053,0.34044122081945105,0.29054692564902146,0.15802713732928697,0.3693343792342032
2013-07-28 14:00:00,0.22567766118110297,0.2152356791854915,0.20906766784448075,0.1893989262428811,0.08640677260875779,0.20986457394285382
2013-07-28 15:00:00,0.09705914187872358,0.09747773896449007,0.07819836357264014,0.08570595619784914,0.027945109409351333,0.08941749403836828
2013-07-28 16:00:00,0.0071874148312710785,0.010788732111750911,0.0018914535747113013,0.006979276347444692,0.0,0.005894791492297086
2013-07-28 17:00:00,0.0,0.0,0.0,0.0,0.0,0.0
2013-07-28 18:00:00,0.0,0.0,0.0,0.0,0.0,0.0
2013-07-28 19:00:00,0.0,0.0,0.0,0.0,0.0,0.0
2013-07-28 20:00:00,0.0,0.0,0.0,0.0,0.0,0.0
2013-07-28 21:00:00,0.0,0.0,0.0,0.0,0.0,0.0
2013-07-28 22:00:00,0.0,0.0,0.0,0.0,0.0,0.0
2013-07-28 23:00:00,0.0,0.0,0.0,0.0,0.0,0.0
2013-07-29 00:00:00,0.0,0.0,0.0,0.0,0.0,0.0
2013-07-29 01:00:00,0.0,0.0,0.0,0.0,0.0,0.0
2013-07-29 02:00:00,0.0,0.0,0.0,0.0,0.0,0.0
2013-07-29 03:00:00,0.0,0.0,0.0,0.0,0.0,0.0
2013-07-29 04:00:00,0.004390368107924799,0.001296820082130618,0.015086319759786722,0.002634246267718828,0.02427949714935475,0.011646075746535613
2013-07-29 05:00:00,0.09886351421787203,0.07935804725490687,0.13860874188780278,0.08324636481253678,0.1514774861391628,0.10674893696148056
2013-07-29 06:00:00,0.26494513457218294,0.22359591446207178,0.3050666551741933,0.236484119404947,0.33319700437467453,0.26520342671553643
2013-07-29 07:00:00,0.2260025235956583,0.24579584431808002,0.41300635705643574,0.3106731168513154,0.42379706383068994,0.4151703044911278
2013-07-29 08:00:00,0.3358163249415741,0.3515837095170215,0.501263146468614,0.4133989372863268,0.5034916946842719,0.5324499026934261
2013-07-29 09:00:00,0.3957028921465708,0.38765025633549816,0.5320200157881229,0.46282446641841646,0.4644483157607557,0.6173002642319542
2013-07-29 10:00:00,0.47740869458616886,0.4724350043653563,0.5249212038973631,0.46425246494728933,0.4122705756613397,0.5926885694827014
2013-07-29 11:00:00,0.4603228100124374,0.4673551358617598,0.5206046584903574,0.40905508137922786,0.3770093401335363,0.5778804042566889
2013-07-29 12:00:00,0.42201614224086004,0.4287454881615644,0.43611548458839083,0.3458458773552801,0.280725971577878,0.4598078132106264
2013-07-29 13:00:00,0.3373236825815043,0.3478240880352069,0.3266191723086522,0.2605768552111003,0.20132660440079125,0.35098386340013926
2013-07-29 14:00:00,0.23764058445564254,0.23050179640341223,0.22021133381541214,0.17423353549758194,0.11112323644743005,0.21734741703115515
2013-07-29 15:00:00,0.0943680811386674,0.09346540819615881,0.08294264877386912,0.06910836704069093,0.03507259684746797,0.0856239091796477
2013-07-29 16:00:00,0.008071769611460413,0.015298068912660626,0.0019441949873233594,0.006288093371406272,0.0,0.005569281245349197
2013-07-29 17:00:00,0.0,0.0,0.0,0.0,0.0,0.0
2013-07-29 18:00:00,0.0,0.0,0.0,0.0,0.0,0.0
2013-07-29 19:00:00,0.0,0.0,0.0,0.0,0.0,0.0
2013-07-29 20:00:00,0.0,0.0,0.0,0.0,0.0,0.0
2013-07-29 21:00:00,0.0,0.0,0.0,0.0,0.0,0.0
2013-07-29 22:00:00,0.0,0.0,0.0,0.0,0.0,0.0
2013-07-29 23:00:00,0.0,0.0,0.0,0.0,0.0,0.0
2013-07-30 00:00:00,0.0,0.0,0.0,0.0,0.0,0.0
2013-07-30 01:00:00,0.0,0.0,0.0,0.0,0.0,0.0
2013-07-30 02:00:00,0.0,0.0,0.0,0.0,0.0,0.0
2013-07-30 03:00:00,0.0,0.0,0.0,0.0,0.0,0.0
2013-07-30 04:00:00,0.006288310947748184,0.0029551788919310183,0.016406556572000512,0.0030229018885403517,0.02755604825971739,0.01248355284419059
2013-07-30 05:00:00,0.10593452629933617,0.08885906767542559,0.13949020173864984,0.07982646406956866,0.15566698894000808,0.1231965622879179
2013-07-30 06:00:00,0.28357977921778615,0.25049404908957035,0.3055847024422638,0.21362801775197499,0.307365742224165,0.29847463095961474
2013-07-30 07:00:00,0.4658618212385296,0.4120163357294656,0.44602782071998676,0.33967457428056474,0.4267860286195151,0.4301667411657966
2013-07-30 08:00:00,0.5650500089061733,0.5225488488876294,0.5334678338848058,0.4340174244629256,0.46587139796985955,0.5345740055514729
2013-07-30 09:00:00,0.6321510222658231,0.6062014145149442,0.5801426874611364,0.503753061783725,0.4617126130577335,0.6070317509424291
2013-07-30 10:00:00,0.6261938167699306,0.6007873016631626,0.576121367005875,0.5560861260641131,0.39072811818391046,0.5974627883001277
2013-07-30 11:00:00,0.5650784240250927,0.5370801593707668,0.5207708956417231,0.5208693791659051,0.34878103571078156,0.5666803740723394
2013-07-30 12:00:00,0.44578371597213856,0.4267903881143204,0.43678506760713337,0.4463218631498674,0.30186888867762185,0.5008889112793677
2013-07-30 13:00:00,0.35574773613775723,0.33883274607546543,0.3438380285893993,0.3423704248421543,0.2611461503096496,0.368117731878858
2013-07-30 14:00:00,0.21217780419833693,0.19532682204212776,0.2164233344656783,0.21564319266073143,0.15293760982218996,0.2171137458383478
2013-07-30 15:00:00,0.07994935864305562,0.08663415115922236,0.07769154545218329,0.09091152873639416,0.03969687750766334,0.08461298049831668
2013-07-30 16:00:00,0.0061453838573618655,0.013398876779511633,0.0016064968179542959,0.007136244869698931,0.0,0.00553611569696477
2013-07-30 17:00:00,0.0,0.0,0.0,0.0,0.0,0.0
2013-07-30 18:00:00,0.0,0.0,0.0,0.0,0.0,0.0
2013-07-30 19:00:00,0.0,0.0,0.0,0.0,0.0,0.0
2013-07-30 20:00:00,0.0,0.0,0.0,0.0,0.0,0.0
2013-07-30 21:00:00,0.0,0.0,0.0,0.0,0.0,0.0
2013-07-30 22:00:00,0.0,0.0,0.0,0.0,0.0,0.0
2013-07-30 23:00:00,0.0,0.0,0.0,0.0,0.0,0.0
2013-07-31 00:00:00,0.0,0.0,0.0,0.0,0.0,0.0
2013-07-31 01:00:00,0.0,0.0,0.0,0.0,0.0,0.0
2013-07-31 02:00:00,0.0,0.0,0.0,0.0,0.0,0.0
2013-07-31 03:00:00,0.0,0.0,0.0,0.0,0.0,0.0
2013-07-31 04:00:00,0.0038352859892106504,0.001685262036816844,0.012367976607444325,0.001529612274210969,0.013606909371683249,0.011396408868546865
2013-07-31 05:00:00,0.08482755164465348,0.07732534481525141,0.11831265337473539,0.05401464000758206,0.09478602503142665,0.12199510283303681
2013-07-31 06:00:00,0.22763522961360058,0.21823179602873427,0.2674799647728422,0.1340852462831051,0.20664526739567357,0.2810933158675544
2013-07-31 07:00:00,0.24561813932598037,0.3292557084571201,0.35178494595940885,0.22459494646562334,0.33130713439154597,0.4380542639359358
2013-07-31 08:00:00,0.36587977671154015,0.42052569776077403,0.46621362579481707,0.2972381617215226,0.44234438802923887,0.5636344707535885
2013-07-31 09:00:00,0.4488934367739615,0.4842978156868627,0.5595951055009138,0.35086778873620905,0.5221841296489123,0.6210748698792776
2013-07-31 10:00:00,0.4471804534876169,0.4881104234346312,0.5731873896129508,0.3611595778248294,0.5432608772762562,0.6443732351086535
2013-07-31 11:00:00,0.47707281229117265,0.4570712222236009,0.5626747053974911,0.36556572824727807,0.5139189895648669,0.6016655145170037
2013-07-31 12:00:00,0.4003295856541556,0.38771177982828237,0.48340048267686575,0.28803862395340796,0.4400636201701656,0.48956466650485614
2013-07-31 13:00:00,0.29265759296236105,0.2834115416806512,0.36586955790304715,0.22898665182399036,0.2963088323550614,0.35856146263206373
2013-07-31 14:00:00,0.18127926529869745,0.16316008546116434,0.2251139468353482,0.14752918353427003,0.17038852750328157,0.202781024196859
2013-07-31 15:00:00,0.08114584374243793,0.07596454472987274,0.08236295087473834,0.0574805891909756,0.04947286333019912,0.07933957814400844
2013-07-31 16:00:00,0.005034122552499651,0.009662125792994301,0.0017308548932768,0.0044617051983093505,0.0,0.006090005793503741
2013-07-31 17:00:00,0.0,0.0,0.0,0.0,0.0,0.0
2013-07-31 18:00:00,0.0,0.0,0.0,0.0,0.0,0.0
2013-07-31 19:00:00,0.0,0.0,0.0,0.0,0.0,0.0
2013-07-31 20:00:00,0.0,0.0,0.0,0.0,0.0,0.0
2013-07-31 21:00:00,0.0,0.0,0.0,0.0,0.0,0.0
2013-07-31 22:00:00,0.0,0.0,0.0,0.0,0.0,0.0
2013-07-31 23:00:00,0.0,0.0,0.0,0.0,0.0,0.0
2013-08-01 00:00:00,0.0,0.0,0.0,0.0,0.0,0.0
2013-08-01 01:00:00,0.0,0.0,0.0,0.0,0.0,0.0
2013-08-01 02:00:00,0.0,0.0,0.0,0.0,0.0,0.0
2013-08-01 03:00:00,0.0,0.0,0.0,0.0,0.0,0.0
2013-08-01 04:00:00,0.004100685100227544,0.0008938245584071544,0.015966991528047945,0.0031115970668969275,0.028400801604939182,0.010768011655212155
2013-08-01 05:00:00,0.06742799760725732,0.03970431035808374,0.12452729274554965,0.07713165152685557,0.1639315143132534,0.09133236095988181
2013-08-01 06:00:00,0.19998891625091048,0.12844300042672668,0.28796106896211904,0.22341373511745297,0.33570931578106367,0.21715038730094463
2013-08-01 07:00:00,0.2797339049728683,0.14912691452402163,0.4224987644942369,0.3545816411472563,0.4856098768065165,0.2916027958348194
2013-08-01 08:00:00,0.36610792957061145,0.20558702490603878,0.5293742279913065,0.440899939604646,0.5533878117782689,0.3849888731402846
2013-08-01 09:00:00,0.41737674503958505,0.21564054488611134,0.5473861301263222,0.4923035534462762,0.5874669029046921,0.45419861950772766
2013-08-01 10:00:00,0.407012434667129,0.24945576219630275,0.5283081865453139,0.4787535119660469,0.5628372792053101,0.4587829491560785
2013-08-01 11:00:00,0.3842631295627151,0.2541593279440158,0.5358303596657997,0.4719568381954437,0.5303132466473583,0.43106351150655153
2013-08-01 12:00:00,0.3217565349921988,0.25204886477364113,0.44530581720135637,0.38427969109524196,0.4337164604478826,0.3631884866314363
2013-08-01 13:00:00,0.24644266256755232,0.20697972486801788,0.3424892823384313,0.25439519338113326,0.30431478804032397,0.23225148092090328
2013-08-01 14:00:00,0.14317010090406862,0.1253324225039039,0.2165745106565245,0.16457913138525046,0.1617667438924492,0.13882782893099016
2013-08-01 15:00:00,0.062195262479231246,0.05687099314535851,0.07430594554934729,0.06729402040245015,0.04804757429765891,0.05350012457688686
2013-08-01 16:00:00,0.0031621362720987384,0.006058420316310334,0.0010344464350642677,0.00483982462186893,0.0,0.00304230304790522
2013-08-01 17:00:00,0.0,0.0,0.0,0.0,0.0,0.0
2013-08-01 18:00:00,0.0,0.0,0.0,0.0,0.0,0.0
2013-08-01 19:00:00,0.0,0.0,0.0,0.0,0.0,0.0
2013-08-01 20:00:00,0.0,0.0,0.0,0.0,0.0,0.0
2013-08-01 21:00:00,0.0,0.0,0.0,0.0,0.0,0.0
2013-08-01 22:00:00,0.0,0.0,0.0,0.0,0.0,0.0
2013-08-01 23:00:00,0.0,0.0,0.0,0.0,0.0,0.0
2013-08-02 00:00:00,0.0,0.0,0.0,0.0,0.0,0.0
2013-08-02 01:00:00,0.0,0.0,0.0,0.0,0.0,0.0
2013-08-02 02:00:00,0.0,0.0,0.0,0.0,0.0,0.0
2013-08-02 03:00:00,0.0,0.0,0.0,0.0,0.0,0.0
2013-08-02 04:00:00,0.0026115610196688257,0.0002617263594135566,0.011088587524689133,0.003981678846166663,0.0260232095716177,0.004968601125033899
2013-08-02 05:00:00,0.0492765139548566,0.0234379048842138,0.09348612523100575,0.0787202963777256,0.15463400308966413,0.04247853109889063
2013-08-02 06:00:00,0.12907116347233824,0.06661829278898637,0.2103795165049685,0.19537748160805035,0.2884232788007095,0.13004772207078522
2013-08-02 07:00:00,0.18276697287001342,0.1346628990536592,0.30384549037095543,0.2918678001224294,0.3877081844351789,0.25408732227466474
2013-08-02 08:00:00,0.2613436728705408,0.17585563414034905,0.41542245197825034,0.42664069763062634,0.46876289850709124,0.3503093051651469
2013-08-02 09:00:00,0.31843084324229126,0.22446393194219216,0.4666061032779435,0.4936728388631833,0.4704188842796185,0.4161014604070473
2013-08-02 10:00:00,0.34389244690486476,0.25078378321765854,0.46402807034576193,0.498328433025056,0.5199546857631433,0.4368392795123482
2013-08-02 11:00:00,0.3440107660242109,0.26288034463525034,0.4365776025326488,0.5025397284965256,0.4872655334990806,0.47530838907682216
2013-08-02 12:00:00,0.31611836906373963,0.24972700920244592,0.39517145501469814,0.42707519820682766,0.42775246335328465,0.3841831067179506
2013-08-02 13:00:00,0.22959121411256594,0.21663606657968365,0.2954442560339822,0.3112807281651367,0.32463635970005156,0.2988107362285553
2013-08-02 14:00:00,0.13159898493660138,0.1583294916959351,0.19343235188672409,0.1909901707942173,0.19369364258813843,0.1857800934254828
2013-08-02 15:00:00,0.06191559506549143,0.0886772969998752,0.067504545329798,0.08157462192423705,0.05530092912165138,0.07505651477985037
2013-08-02 16:00:00,0.005352325400181762,0.015079969951274894,0.000849709812461647,0.006912400432432436,0.0,0.006677677829112029
2013-08-02 17:00:00,0.0,0.0,0.0,0.0,0.0,0.0
2013-08-02 18:00:00,0.0,0.0,0.0,0.0,0.0,0.0
2013-08-02 19:00:00,0.0,0.0,0.0,0.0,0.0,0.0
2013-08-02 20:00:00,0.0,0.0,0.0,0.0,0.0,0.0
2013-08-02 21:00:00,0.0,0.0,0.0,0.0,0.0,0.0
2013-08-02 22:00:00,0.0,0.0,0.0,0.0,0.0,0.0
2013-08-02 23:00:00,0.0,0.0,0.0,0.0,0.0,0.0
2013-08-03 00:00:00,0.0,0.0,0.0,0.0,0.0,0.0
2013-08-03 01:00:00,0.0,0.0,0.0,0.0,0.0,0.0
2013-08-03 02:00:00,0.0,0.0,0.0,0.0,0.0,0.0
2013-08-03 03:00:00,0.0,0.0,0.0,0.0,0.0,0.0
2013-08-03 04:00:00,0.004043062920830222,0.0010845656852012447,0.011565853960102492,0.0025565884242739435,0.022156665131711623,0.007080001862062944
2013-08-03 05:00:00,0.08082064986718943,0.05622774804383537,0.11365387590098618,0.0701412291333654,0.12915699206746845,0.0913996824872677
2013-08-03 06:00:00,0.20505019034408348,0.1584359622419198,0.25067502834679123,0.1938946823673264,0.2510864945035683,0.22298301745975338
2013-08-03 07:00:00,0.3528660845591594,0.22707763653286536,0.38654071837550924,0.32165018632921827,0.3365049038545836,0.2577759377447994
2013-08-03 08:00:00,0.4658526136303883,0.33959189734415357,0.5106249009697224,0.4586388027913794,0.4277473997746014,0.42132224635624305
2013-08-03 09:00:00,0.5551176213846906,0.4273924920709497,0.5798728151889699,0.5325855135012779,0.4233552795789059,0.45106992232324505
2013-08-03 10:00:00,0.6029919988790708,0.4607999043696139,0.617876307066068,0.5659148443579468,0.4307083141609605,0.4637999953498362
2013-08-03 11:00:00,0.5346464453164519,0.43805709566397494,0.5573441777836204,0.46804698501124076,0.426324860114692,0.3885252556074037
2013-08-03 12:00:00,0.45683620728656266,0.3993553713916101,0.4791745398009513,0.41784667290351035,0.36227096550831983,0.37747727978192624
2013-08-03 13:00:00,0.34643585269444,0.34849466764925113,0.35549448460978383,0.3285135060417799,0.27957178331095295,0.267230655953196
2013-08-03 14:00:00,0.21717887933659333,0.24656518870271704,0.2103984316389831,0.21059076131985802,0.16376852910182035,0.17397317578726912
2013-08-03 15:00:00,0.08218953645595126,0.11885028494259753,0.0821299768073418,0.08076466510858453,0.0555511241920769,0.07134388857691917
2013-08-03 16:00:00,0.007229549733083269,0.014911095271854635,0.0011035916777393379,0.006749702900758769,0.0,0.004225641533653962
2013-08-03 17:00:00,0.0,0.0,0.0,0.0,0.0,0.0
2013-08-03 18:00:00,0.0,0.0,0.0,0.0,0.0,0.0
2013-08-03 19:00:00,0.0,0.0,0.0,0.0,0.0,0.0
2013-08-03 20:00:00,0.0,0.0,0.0,0.0,0.0,0.0
2013-08-03 21:00:00,0.0,0.0,0.0,0.0,0.0,0.0
2013-08-03 22:00:00,0.0,0.0,0.0,0.0,0.0,0.0
2013-08-03 23:00:00,0.0,0.0,0.0,0.0,0.0,0.0
2013-08-04 00:00:00,0.0,0.0,0.0,0.0,0.0,0.0
2013-08-04 01:00:00,0.0,0.0,0.0,0.0,0.0,0.0
2013-08-04 02:00:00,0.0,0.0,0.0,0.0,0.0,0.0
2013-08-04 03:00:00,0.0,0.0,0.0,0.0,0.0,0.0
2013-08-04 04:00:00,0.0022732006065429625,0.0013204876408849846,0.00637115326126442,0.002773536407808051,0.027146291783993012,0.006880661760168955
2013-08-04 05:00:00,0.05543605470245045,0.07367463780958826,0.06387798798049073,0.07975210858961561,0.15737989242808978,0.06954719622736996
2013-08-04 06:00:00,0.14437947175865248,0.1920368137699048,0.1237436525046885,0.2129899525349988,0.2964369776144454,0.18373471672245328
2013-08-04 07:00:00,0.2545586138477951,0.28057983024156324,0.2991404063729001,0.35538350410074737,0.42218798506516825,0.3022691459692031
2013-08-04 08:00:00,0.35727627585659566,0.36337301037436953,0.3614935590626189,0.4503142442660527,0.4973542760148576,0.41510748919427987
2013-08-04 09:00:00,0.44796408351252204,0.3849752031624465,0.41273265044492746,0.4669712724022782,0.5244577458387959,0.5027411112372779
2013-08-04 10:00:00,0.4845355477908396,0.38119120977044674,0.43243445984263296,0.46718741268886055,0.5125558828941633,0.5319866277668521
2013-08-04 11:00:00,0.48328162028687854,0.4159775991985053,0.4453332300381163,0.42881430136098764,0.4738891962418669,0.502655374659707
2013-08-04 12:00:00,0.41232682382494557,0.3275041662763525,0.36584423828551643,0.3373406714219121,0.34887977313539653,0.38394949051549027
2013-08-04 13:00:00,0.2996601904288986,0.3069146451223366,0.3168425454423374,0.25962283391733526,0.24464870883689063,0.28921116735924524
2013-08-04 14:00:00,0.19547424637908276,0.19335446142274276,0.18932439393677714,0.15498318507306474,0.13179953155660593,0.16138777118015551
2013-08-04 15:00:00,0.07392056158834183,0.08656441719761046,0.07220899179156212,0.06283925316816277,0.04277017839726242,0.060212327822189944
2013-08-04 16:00:00,0.004154368250856815,0.010575872216248361,0.0010640827123479378,0.0050424670825003634,0.0,0.004211712894881673
2013-08-04 17:00:00,0.0,0.0,0.0,0.0,0.0,0.0
2013-08-04 18:00:00,0.0,0.0,0.0,0.0,0.0,0.0
2013-08-04 19:00:00,0.0,0.0,0.0,0.0,0.0,0.0
2013-08-04 20:00:00,0.0,0.0,0.0,0.0,0.0,0.0
2013-08-04 21:00:00,0.0,0.0,0.0,0.0,0.0,0.0
2013-08-04 22:00:00,0.0,0.0,0.0,0.0,0.0,0.0
2013-08-04 23:00:00,0.0,0.0,0.0,0.0,0.0,0.0
2013-08-05 00:00:00,0.0,0.0,0.0,0.0,0.0,0.0
2013-08-05 01:00:00,0.0,0.0,0.0,0.0,0.0,0.0
2013-08-05 02:00:00,0.0,0.0,0.0,0.0,0.0,0.0
2013-08-05 03:00:00,0.0,0.0,0.0,0.0,0.0,0.0
2013-08-05 04:00:00,0.0012269191048393609,0.0001236603529798908,0.008254755542760991,0.0013828588572546339,0.028231183544792354,0.004800002205068041
2013-08-05 05:00:00,0.038511128568694465,0.033641147263645824,0.08985333765228057,0.05746030290526935,0.15995343965309786,0.05532535827190386
2013-08-05 06:00:00,0.13371231391891217,0.12783161689895098,0.23216876955895893,0.18918542321006857,0.3223268495267966,0.12780600961596084
2013-08-05 07:00:00,0.15550832313922455,0.1850460611357637,0.34974768292434316,0.3064244678958289,0.43272290020845827,0.24306432964504363
2013-08-05 08:00:00,0.2414073633226186,0.27536698596209946,0.4275063632001135,0.3901514258298204,0.48314967659970415,0.3094894133391732
2013-08-05 09:00:00,0.33794514820076194,0.3076218591267324,0.5086482187623338,0.4517455701583464,0.5072576165777367,0.2670850931667854
2013-08-05 10:00:00,0.36096565157872573,0.3367261811145482,0.4944767406527205,0.47738209649362584,0.46805071892599265,0.2669509560830841
2013-08-05 11:00:00,0.3806750640466187,0.3515857933343511,0.48087499444614906,0.4316387309785583,0.4260408583496967,0.32085301998599164
2013-08-05 12:00:00,0.3471823077673048,0.3052977687650053,0.4091509274186734,0.3685607791200507,0.333508171450818,0.3083127197870843
2013-08-05 13:00:00,0.2690541006983801,0.2429609540325003,0.3271586338424718,0.25534345696334754,0.21768405026463422,0.24989948915772833
2013-08-05 14:00:00,0.17360837050811778,0.1764405979812224,0.21199718476914098,0.17401652165856596,0.12418450205071778,0.1542413029534009
2013-08-05 15:00:00,0.0699330171096024,0.08008490017490769,0.07399825731210724,0.07307894904089908,0.03805380207946116,0.06031137514108971
2013-08-05 16:00:00,0.004266835471515725,0.009951681558761484,0.0007449566447340625,0.0057351349731777565,0.0,0.0035747692895571493
2013-08-05 17:00:00,0.0,0.0,0.0,0.0,0.0,0.0
2013-08-05 18:00:00,0.0,0.0,0.0,0.0,0.0,0.0
2013-08-05 19:00:00,0.0,0.0,0.0,0.0,0.0,0.0
2013-08-05 20:00:00,0.0,0.0,0.0,0.0,0.0,0.0
2013-08-05 21:00:00,0.0,0.0,0.0,0.0,0.0,0.0
2013-08-05 22:00:00,0.0,0.0,0.0,0.0,0.0,0.0
2013-08-05 23:00:00,0.0,0.0,0.0,0.0,0.0,0.0
2013-08-06 00:00:00,0.0,0.0,0.0,0.0,0.0,0.0
2013-08-06 01:00:00,0.0,0.0,0.0,0.0,0.0,0.0
2013-08-06 02:00:00,0.0,0.0,0.0,0.0,0.0,0.0
2013-08-06 03:00:00,0.0,0.0,0.0,0.0,0.0,0.0
2013-08-06 04:00:00,0.0021242721062336716,0.0004278960879888218,0.010679658062995735,0.002512606994294076,0.027335548593110423,0.005960221514005909
2013-08-06 05:00:00,0.06308123135412703,0.0359386647798434,0.1104059732085661,0.08105972234969175,0.16507915383314392,0.06914428108397974
2013-08-06 06:00:00,0.16439577902026217,0.10545114868127153,0.24338934723497543,0.2082526551349657,0.3325730109277035,0.16131956932229097
2013-08-06 07:00:00,0.25004337770307844,0.19034635886575083,0.3800746044762035,0.3235948440198672,0.4555610903419854,0.23692726723243948
2013-08-06 08:00:00,0.37486144472346256,0.3059961249738989,0.47459453777519417,0.43642411295317135,0.49176426215356317,0.323819734963145
2013-08-06 09:00:00,0.4091595529221349,0.33372308558496766,0.5377824350560164,0.4749660429386995,0.5042419448349719,0.36772094768403296
2013-08-06 10:00:00,0.4733254652363789,0.3585356952034162,0.5418650588478555,0.4611297801478364,0.47298786237859963,0.4551194085663873
2013-08-06 11:00:00,0.5031804717150098,0.4302356517295894,0.5126647441762798,0.4340940093590709,0.40333019459114805,0.4207063679298529
2013-08-06 12:00:00,0.4772791272988466,0.384108076235108,0.4650132537092366,0.34740904408750867,0.3123556044568704,0.383480028415881
2013-08-06 13:00:00,0.38318102101147145,0.3238095223014068,0.34497156003580104,0.26494370116908433,0.20295149530832615,0.31999055323975634
2013-08-06 14:00:00,0.22341263477235912,0.2213830265060833,0.22433968927221712,0.1768023402109846,0.10462344608598473,0.19662373288083962
2013-08-06 15:00:00,0.0961120013581957,0.10465190874128649,0.08367653888641012,0.07342216142411068,0.030403481520439212,0.08739061912338053
2013-08-06 16:00:00,0.006161457997654537,0.012153970285306752,0.0008064326040255371,0.006187781622843111,0.0,0.004469755225858292
2013-08-06 17:00:00,0.0,0.0,0.0,0.0,0.0,0.0
2013-08-06 18:00:00,0.0,0.0,0.0,0.0,0.0,0.0
2013-08-06 19:00:00,0.0,0.0,0.0,0.0,0.0,0.0
2013-08-06 20:00:00,0.0,0.0,0.0,0.0,0.0,0.0
2013-08-06 21:00:00,0.0,0.0,0.0,0.0,0.0,0.0
2013-08-06 22:00:00,0.0,0.0,0.0,0.0,0.0,0.0
2013-08-06 23:00:00,0.0,0.0,0.0,0.0,0.0,0.0
2013-08-07 00:00:00,0.0,0.0,0.0,0.0,0.0,0.0
2013-08-07 01:00:00,0.0,0.0,0.0,0.0,0.0,0.0
2013-08-07 02:00:00,0.0,0.0,0.0,0.0,0.0,0.0
2013-08-07 03:00:00,0.0,0.0,0.0,0.0,0.0,0.0
2013-08-07 04:00:00,0.0032769097701570186,0.0009451386098444066,0.01157000582042231,0.002939546388293292,0.02969981486069547,0.009492276944981462
2013-08-07 05:00:00,0.06472944881587216,0.05784222786450536,0.11807595861252783,0.08393274625428038,0.1783533347159627,0.10615427811878059
2013-08-07 06:00:00,0.17120105053340173,0.14623776093468993,0.2822833729595837,0.21357309998426327,0.3551417462087592,0.25263241813259285
2013-08-07 07:00:00,0.24536920296207415,0.29782922044672505,0.4127737094474963,0.32787562806506476,0.4916263156840747,0.3973407507888965
2013-08-07 08:00:00,0.33048279777248385,0.3709920948436,0.512561261566708,0.45303440313175064,0.5564713190891322,0.5007299691243522
2013-08-07 09:00:00,0.4292050317685866,0.431220480881687,0.5753012019670859,0.5280389971642324,0.5875999781279834,0.5966305187416976
2013-08-07 10:00:00,0.540139624381827,0.4802539910828497,0.5671811696934801,0.5354382732660693,0.5725469112419214,0.5909293133989908
2013-08-07 11:00:00,0.5671625358203665,0.5003745912000698,0.5188619144699855,0.5178784811882946,0.4974355551513904,0.5551207860205056
2013-08-07 12:00:00,0.4925592932894305,0.4202118623228138,0.45952801780053765,0.4263954204129781,0.4152341259795759,0.5022418310078988
2013-08-07 13:00:00,0.3985811465309312,0.3665513509832887,0.37130394770287883,0.3553514192141575,0.31505473043440024,0.38983528917711174
2013-08-07 14:00:00,0.2263494463345136,0.19624786881438283,0.224972739483348,0.2078663207951626,0.18652121537900956,0.2388032134762656
2013-08-07 15:00:00,0.09095351820172541,0.0943632162885399,0.08194709754717784,0.08986466135932508,0.055212075690270666,0.09204959349786686
2013-08-07 16:00:00,0.006404725004793533,0.012298600492249139,0.0008958612298554457,0.005429398827683855,0.0,0.005329883064639367
2013-08-07 17:00:00,0.0,0.0,0.0,0.0,0.0,0.0
2013-08-07 18:00:00,0.0,0.0,0.0,0.0,0.0,0.0
2013-08-07 19:00:00,0.0,0.0,0.0,0.0,0.0,0.0
2013-08-07 20:00:00,0.0,0.0,0.0,0.0,0.0,0.0
2013-08-07 21:00:00,0.0,0.0,0.0,0.0,0.0,0.0
2013-08-07 22:00:00,0.0,0.0,0.0,0.0,0.0,0.0
2013-08-07 23:00:00,0.0,0.0,0.0,0.0,0.0,0.0
2013-08-08 00:00:00,0.0,0.0,0.0,0.0,0.0,0.0
2013-08-08 01:00:00,0.0,0.0,0.0,0.0,0.0,0.0
2013-08-08 02:00:00,0.0,0.0,0.0,0.0,0.0,0.0
2013-08-08 03:00:00,0.0,0.0,0.0,0.0,0.0,0.0
2013-08-08 04:00:00,0.00501349111278233,0.0026877699953741117,0.012893495820145106,0.0024077478417050433,0.0253553011375008,0.012019270981709676
2013-08-08 05:00:00,0.10344662027271423,0.10183514468605989,0.11342143959377897,0.08015613691211432,0.1487952705507647,0.12669418710424157
2013-08-08 06:00:00,0.26968493710911595,0.28330044569189233,0.2546842778254166,0.211998721071334,0.27524552830471405,0.29246235549101135
2013-08-08 07:00:00,0.417703238047141,0.45157087399500445,0.3516047171202079,0.34571874241545514,0.3318910551861241,0.43048441961733186
2013-08-08 08:00:00,0.5518145390631174,0.585281458900738,0.46665752491957146,0.45953681029985655,0.4133396450348704,0.5203023616298276
2013-08-08 09:00:00,0.5939324577553129,0.633943181893057,0.5081296019609631,0.49705977698519577,0.4400869928338729,0.5365805559303025
2013-08-08 10:00:00,0.582142279543359,0.6544280038634327,0.5229890268617178,0.496310836297502,0.44038836285710775,0.5566760782108447
2013-08-08 11:00:00,0.5812944127370517,0.6131364974419825,0.5098066138408838,0.45571658547074667,0.37952945173220026,0.5240548535483245
2013-08-08 12:00:00,0.524611669308433,0.5378630301547077,0.4601304559181604,0.3969667195463369,0.29258306102740506,0.4496546393668212
2013-08-08 13:00:00,0.3902601084742424,0.3852098132972388,0.3396365489194248,0.31701962982762005,0.20688434068894937,0.34314197083734155
2013-08-08 14:00:00,0.2497945757706335,0.2364176156157114,0.21967264849038057,0.19077547872657286,0.11345875272710129,0.2049092898811551
2013-08-08 15:00:00,0.10542501638904793,0.10390696984033414,0.07856566787699475,0.0810628226121142,0.03452110765038586,0.08570817696851304
2013-08-08 16:00:00,0.007255648868272045,0.013073872619168158,0.000549311932277262,0.006031254855742295,0.0,0.004028548264848905
2013-08-08 17:00:00,0.0,0.0,0.0,0.0,0.0,0.0
2013-08-08 18:00:00,0.0,0.0,0.0,0.0,0.0,0.0
2013-08-08 19:00:00,0.0,0.0,0.0,0.0,0.0,0.0
2013-08-08 20:00:00,0.0,0.0,0.0,0.0,0.0,0.0
2013-08-08 21:00:00,0.0,0.0,0.0,0.0,0.0,0.0
2013-08-08 22:00:00,0.0,0.0,0.0,0.0,0.0,0.0
2013-08-08 23:00:00,0.0,0.0,0.0,0.0,0.0,0.0
2013-08-09 00:00:00,0.0,0.0,0.0,0.0,0.0,0.0
2013-08-09 01:00:00,0.0,0.0,0.0,0.0,0.0,0.0
2013-08-09 02:00:00,0.0,0.0,0.0,0.0,0.0,0.0
2013-08-09 03:00:00,0.0,0.0,0.0,0.0,0.0,0.0
2013-08-09 04:00:00,0.004735880637787822,0.0016535378590029504,0.00907041123573405,0.0025755644249330573,0.024897790056713994,0.01067721804954855
2013-08-09 05:00:00,0.08865036972759888,0.06120672493863023,0.09462272430458628,0.06498656932083278,0.14389413914134416,0.11251431681275817
2013-08-09 06:00:00,0.22756185520996958,0.17433298840800698,0.22939471928024882,0.1744049369022044,0.3021558768206286,0.2683782372646136
2013-08-09 07:00:00,0.32905563603307364,0.2720250531385083,0.3303436875500102,0.28233264279480746,0.39801362792938166,0.41014471211129905
2013-08-09 08:00:00,0.388934644847761,0.3411401846692803,0.472120662935623,0.3652117025338467,0.46838471035690443,0.5544562985863625
2013-08-09 09:00:00,0.451777448748337,0.44391319820739933,0.5411296364427209,0.4166261498622318,0.48024981593091504,0.6320018675719968
2013-08-09 10:00:00,0.48621358938840914,0.45475116120186143,0.5242426638741038,0.4314416793292937,0.45496863487253864,0.5957657556324458
2013-08-09 11:00:00,0.4704829884109419,0.4505269794477918,0.48873057669741976,0.4063617809629953,0.40198124655560036,0.5363824370665998
2013-08-09 12:00:00,0.4441881541222468,0.388815817088731,0.4346917126563965,0.35512167181045906,0.35985480034844297,0.4494173352956102
2013-08-09 13:00:00,0.3464259405858614,0.29633439090090696,0.330143821001249,0.2641187654021721,0.25280200421752647,0.35508192916330433
2013-08-09 14:00:00,0.20765716226849076,0.1727157887851007,0.20100767073930767,0.1881886638200638,0.15258170034880938,0.21146854966830292
2013-08-09 15:00:00,0.08321375919057578,0.08694725744288996,0.08079991582576539,0.08365240506094196,0.050997079204942806,0.0770073581932282
2013-08-09 16:00:00,0.004364789080347707,0.008952255095885589,0.0005976466325945904,0.005634937639844054,0.0,0.00411983774801864
2013-08-09 17:00:00,0.0,0.0,0.0,0.0,0.0,0.0
2013-08-09 18:00:00,0.0,0.0,0.0,0.0,0.0,0.0
2013-08-09 19:00:00,0.0,0.0,0.0,0.0,0.0,0.0
2013-08-09 20:00:00,0.0,0.0,0.0,0.0,0.0,0.0
2013-08-09 21:00:00,0.0,0.0,0.0,0.0,0.0,0.0
2013-08-09 22:00:00,0.0,0.0,0.0,0.0,0.0,0.0
2013-08-09 23:00:00,0.0,0.0,0.0,0.0,0.0,0.0
2013-08-10 00:00:00,0.0,0.0,0.0,0.0,0.0,0.0
2013-08-10 01:00:00,0.0,0.0,0.0,0.0,0.0,0.0
2013-08-10 02:00:00,0.0,0.0,0.0,0.0,0.0,0.0
2013-08-10 03:00:00,0.0,0.0,0.0,0.0,0.0,0.0
2013-08-10 04:00:00,0.00340498448355118,0.001982209484001844,0.014975515485081622,0.0037985519978167882,0.03199704899865888,0.011475036381970167
2013-08-10 05:00:00,0.07786064155665842,0.06466083868267632,0.14292766761554304,0.09950401951869835,0.1846860881454268,0.12787821032228344
2013-08-10 06:00:00,0.21319425382459825,0.17156469114397313,0.3157646481509782,0.25735554258128607,0.3628416332726938,0.30728148814985545
2013-08-10 07:00:00,0.3275130386025515,0.2669936515644754,0.47257858255971386,0.3910690039546001,0.5112907638496627,0.4311891729640749
2013-08-10 08:00:00,0.43626248582672794,0.38171746443029214,0.5701424434938491,0.4985587698007191,0.5979920894539863,0.5595295876073815
2013-08-10 09:00:00,0.5361343690066596,0.4783893629526224,0.6089877141419865,0.5466395821695897,0.6261383609726383,0.6255187111530611
2013-08-10 10:00:00,0.5741141523120746,0.516545184952625,0.5882726357830383,0.5676128681078451,0.625393301063871,0.6431388752386797
2013-08-10 11:00:00,0.5858155293827514,0.5242223827233393,0.5537127780228235,0.5432350688153662,0.576224795153062,0.6063781752987099
2013-08-10 12:00:00,0.508231373789169,0.47149246503420794,0.5119290686699984,0.48032860556593465,0.5081159172618966,0.5282936845611729
2013-08-10 13:00:00,0.3684229862554829,0.3563767238350269,0.3783402367008136,0.35800690748348923,0.37485696833437854,0.373313061934627
2013-08-10 14:00:00,0.23738017854850157,0.2304804217630778,0.23357042359237715,0.24974685710637062,0.22414565824546928,0.20828658422963328
2013-08-10 15:00:00,0.08413321967599022,0.0957550716427766,0.08472945074763696,0.1121194522677284,0.06977819021705321,0.08063717691968803
2013-08-10 16:00:00,0.00574636669070846,0.01197459120661332,0.0003211134535576435,0.006958872667206546,0.0,0.004209619078938893
2013-08-10 17:00:00,0.0,0.0,0.0,0.0,0.0,0.0
2013-08-10 18:00:00,0.0,0.0,0.0,0.0,0.0,0.0
2013-08-10 19:00:00,0.0,0.0,0.0,0.0,0.0,0.0
2013-08-10 20:00:00,0.0,0.0,0.0,0.0,0.0,0.0
2013-08-10 21:00:00,0.0,0.0,0.0,0.0,0.0,0.0
2013-08-10 22:00:00,0.0,0.0,0.0,0.0,0.0,0.0
2013-08-10 23:00:00,0.0,0.0,0.0,0.0,0.0,0.0
2013-08-11 00:00:00,0.0,0.0,0.0,0.0,0.0,0.0
2013-08-11 01:00:00,0.0,0.0,0.0,0.0,0.0,0.0
2013-08-11 02:00:00,0.0,0.0,0.0,0.0,0.0,0.0
2013-08-11 03:00:00,0.0,0.0,0.0,0.0,0.0,0.0
2013-08-11 04:00:00,0.0050957126048098034,0.0018528342620237194,0.016550558261765293,0.0045864793762956345,0.03336154187549644,0.00954080922814065
2013-08-11 05:00:00,0.10159035188783438,0.07545904960023861,0.1543120738967974,0.09743894233898827,0.19218389078415923,0.11614483820385267
2013-08-11 06:00:00,0.27547774014270765,0.22320338654187424,0.3266079892372225,0.240668290433245,0.36004423108572414,0.2689279559995605
2013-08-11 07:00:00,0.4325081811879602,0.408703609289896,0.46746334681331747,0.3880119109626884,0.450998077428052,0.41212950361889034
2013-08-11 08:00:00,0.5825116400450088,0.5463562602855363,0.6024282395375037,0.4786987107941212,0.5385300897901314,0.5499514064113702
2013-08-11 09:00:00,0.6391067183708442,0.6020080399198452,0.6446962021766836,0.5515663355440557,0.5281105542686829,0.6062703369065569
2013-08-11 10:00:00,0.6457912203582341,0.6419333703277593,0.643224825331385,0.580693696849039,0.5207515828652859,0.6230713464320516
2013-08-11 11:00:00,0.5700022368477924,0.6072807799228579,0.6034242827427388,0.5340760425243273,0.44605691396726377,0.5946371027659826
2013-08-11 12:00:00,0.4828149847111576,0.5105702011428785,0.5129627175975431,0.4414453805760289,0.36560111813793816,0.4596254485695003
2013-08-11 13:00:00,0.3872791447851925,0.36855970149287937,0.40523416512081156,0.3424324016900024,0.2618315710603182,0.35613232989565335
2013-08-11 14:00:00,0.23858277432314592,0.21974494253386254,0.2410438399861611,0.20974628991466596,0.13771471934345103,0.20837063457956614
2013-08-11 15:00:00,0.09222562611752298,0.09223204819042759,0.08943718600732843,0.10250241140694567,0.044815969881124844,0.07549833722711971
2013-08-11 16:00:00,0.005277005745783023,0.009466822321055614,0.00032770866506372,0.006037846828965844,0.0,0.0038440531555440664
2013-08-11 17:00:00,0.0,0.0,0.0,0.0,0.0,0.0
2013-08-11 18:00:00,0.0,0.0,0.0,0.0,0.0,0.0
2013-08-11 19:00:00,0.0,0.0,0.0,0.0,0.0,0.0
2013-08-11 20:00:00,0.0,0.0,0.0,0.0,0.0,0.0
2013-08-11 21:00:00,0.0,0.0,0.0,0.0,0.0,0.0
2013-08-11 22:00:00,0.0,0.0,0.0,0.0,0.0,0.0
2013-08-11 23:00:00,0.0,0.0,0.0,0.0,0.0,0.0
2013-08-12 00:00:00,0.0,0.0,0.0,0.0,0.0,0.0
2013-08-12 01:00:00,0.0,0.0,0.0,0.0,0.0,0.0
2013-08-12 02:00:00,0.0,0.0,0.0,0.0,0.0,0.0
2013-08-12 03:00:00,0.0,0.0,0.0,0.0,0.0,0.0
2013-08-12 04:00:00,0.004453895505000787,0.002173992208455842,0.013706614141818422,0.003252479457484181,0.028703017520234502,0.009003853908817978
2013-08-12 05:00:00,0.09106794685961922,0.09207094700146111,0.13727800954703848,0.07912804556139749,0.16658378252388287,0.10568954538754288
2013-08-12 06:00:00,0.25063750518333133,0.25698652869835303,0.3151173636123386,0.20488543554295566,0.3260205739655292,0.26806009766490485
2013-08-12 07:00:00,0.3420459713612579,0.36964540213152225,0.4588246195878427,0.30614392236896126,0.42847403989870403,0.43446433540932894
2013-08-12 08:00:00,0.46919534981673394,0.4591596985093029,0.5544339357833339,0.3952715476675731,0.49670853996210107,0.5352808905135885
2013-08-12 09:00:00,0.5530420954995853,0.5101476954464886,0.601913830684062,0.45914324406941975,0.5010499258068646,0.5973829273411294
2013-08-12 10:00:00,0.5601150022268798,0.5420713505222519,0.6201373177403582,0.41935610466188883,0.49196876942769296,0.6293166442044384
2013-08-12 11:00:00,0.5117741193978905,0.5029945449731231,0.5470243777312184,0.39215699015366895,0.3884655638258421,0.5796359536794168
2013-08-12 12:00:00,0.4514900543218372,0.4361104090494642,0.48989466649667246,0.33869748674252054,0.2782306239827229,0.4982263876055234
2013-08-12 13:00:00,0.3511770240962997,0.3135150652734496,0.3620609101269383,0.2515492669361745,0.16879333714526717,0.3755180590127208
2013-08-12 14:00:00,0.2013440657986592,0.18917305746665672,0.22403571326198235,0.15130022121194495,0.10343056126696339,0.21877474655019538
2013-08-12 15:00:00,0.08155263210357462,0.0803706418302838,0.07593741906551789,0.06110929228273954,0.03076829445119569,0.09333551590134669
2013-08-12 16:00:00,0.004793239825226482,0.009804889079078782,0.00023669169370363645,0.0038263180838393183,0.0,0.004173380464058543
2013-08-12 17:00:00,0.0,0.0,0.0,0.0,0.0,0.0
2013-08-12 18:00:00,0.0,0.0,0.0,0.0,0.0,0.0
2013-08-12 19:00:00,0.0,0.0,0.0,0.0,0.0,0.0
2013-08-12 20:00:00,0.0,0.0,0.0,0.0,0.0,0.0
2013-08-12 21:00:00,0.0,0.0,0.0,0.0,0.0,0.0
2013-08-12 22:00:00,0.0,0.0,0.0,0.0,0.0,0.0
2013-08-12 23:00:00,0.0,0.0,0.0,0.0,0.0,0.0
2013-08-13 00:00:00,0.0,0.0,0.0,0.0,0.0,0.0
2013-08-13 01:00:00,0.0,0.0,0.0,0.0,0.0,0.0
2013-08-13 02:00:00,0.0,0.0,0.0,0.0,0.0,0.0
2013-08-13 03:00:00,0.0,0.0,0.0,0.0,0.0,0.0
2013-08-13 04:00:00,0.004387633188968666,0.0018723954651737884,0.012881194244098131,0.0032695411502012962,0.021345570116224673,0.007913353411147121
2013-08-13 05:00:00,0.10233499092657988,0.08774678019705212,0.12737372922725892,0.08508747462778314,0.13457440661444905,0.08760766670613856
2013-08-13 06:00:00,0.24434952817583305,0.23614522863101184,0.2775788481860434,0.23265987363476243,0.288772921533682,0.21231081414979605
2013-08-13 07:00:00,0.2659280348910888,0.3463203014222541,0.3467013356529785,0.3191957559767803,0.37614903215925427,0.34787267718549114
2013-08-13 08:00:00,0.3894209880899576,0.45191786374285986,0.44175427352831775,0.4036552074204575,0.49592850244629516,0.44593114073551765
2013-08-13 09:00:00,0.4996339933366457,0.5213736569738667,0.45292006732432777,0.4785758328742335,0.5336332283157615,0.4857555731685079
2013-08-13 10:00:00,0.4786853262993347,0.4362834970795422,0.46137698611696876,0.44170924466763767,0.5050661697779314,0.5537486072482516
2013-08-13 11:00:00,0.47212304909413444,0.44724068664379363,0.4338043754879982,0.4381583043784465,0.4707259897778981,0.5101607100994281
2013-08-13 12:00:00,0.41243155110423774,0.36293149065278085,0.3996405750310029,0.3616316141377278,0.4001382998780762,0.47544362339955826
2013-08-13 13:00:00,0.3334325201900883,0.28407788823681973,0.3284646051713143,0.2601057407257692,0.27372806653355775,0.36029520133125253
2013-08-13 14:00:00,0.21171797007914436,0.1576348333381677,0.18861688864239737,0.1586675473568614,0.1460036069411205,0.2229118040349341
2013-08-13 15:00:00,0.08105006185561253,0.05990198737165081,0.07146765842240367,0.060363503606971354,0.04219219856329134,0.0890629199631011
2013-08-13 16:00:00,0.0037521411734242056,0.00669213019614802,0.00020616001651781142,0.0033851505159829113,0.0,0.0032491421464295816
2013-08-13 17:00:00,0.0,0.0,0.0,0.0,0.0,0.0
2013-08-13 18:00:00,0.0,0.0,0.0,0.0,0.0,0.0
2013-08-13 19:00:00,0.0,0.0,0.0,0.0,0.0,0.0
2013-08-13 20:00:00,0.0,0.0,0.0,0.0,0.0,0.0
2013-08-13 21:00:00,0.0,0.0,0.0,0.0,0.0,0.0
2013-08-13 22:00:00,0.0,0.0,0.0,0.0,0.0,0.0
2013-08-13 23:00:00,0.0,0.0,0.0,0.0,0.0,0.0
2013-08-14 00:00:00,0.0,0.0,0.0,0.0,0.0,0.0
2013-08-14 01:00:00,0.0,0.0,0.0,0.0,0.0,0.0
2013-08-14 02:00:00,0.0,0.0,0.0,0.0,0.0,0.0
2013-08-14 03:00:00,0.0,0.0,0.0,0.0,0.0,0.0
2013-08-14 04:00:00,0.004135687777943574,0.0009775527633849573,0.016118536016616447,0.0038607653382609227,0.031463126335279284,0.008778758061200865
2013-08-14 05:00:00,0.08407558603130359,0.05108641142216683,0.15296956656196012,0.09271225274040983,0.18419151522336197,0.0920335632208227
2013-08-14 06:00:00,0.20196692588499693,0.1517938188216817,0.3301269536545118,0.23333526646648503,0.36586209278687426,0.20155473597310844
2013-08-14 07:00:00,0.3213924300319762,0.28159225161854856,0.4264074786155853,0.34816174332515953,0.49272194648662815,0.3009285943922794
2013-08-14 08:00:00,0.41362046928728186,0.40705571483769015,0.4957964197290754,0.44131660480458096,0.5564309068032685,0.32333346599003504
2013-08-14 09:00:00,0.5010294747105042,0.49640910666634136,0.5477586977262101,0.5050812963072032,0.5464880145173662,0.4169641237604669
2013-08-14 10:00:00,0.5239468680371382,0.5008460228460131,0.5468591212777034,0.4952867096904487,0.49933817595050667,0.48376873974456047
2013-08-14 11:00:00,0.55559447863007,0.5044304651770851,0.5531875030387791,0.49217780092679286,0.43135308537114697,0.5007100203635905
2013-08-14 12:00:00,0.48028780540286964,0.4262843133744307,0.457242077077587,0.4445012503701945,0.33982297613704365,0.4189191490092696
2013-08-14 13:00:00,0.34694608352408035,0.3094092669360988,0.3590011494571455,0.34289984944735064,0.23322063224010858,0.3244521271129298
2013-08-14 14:00:00,0.22073593090470572,0.2023848844434226,0.20920598790267544,0.22278419387721346,0.13302583993505504,0.21726729319216379
2013-08-14 15:00:00,0.07497265990043024,0.08353910940254446,0.06725761438823064,0.08700833933177868,0.03596790699544104,0.07341328578127823
2013-08-14 16:00:00,0.003006342395597235,0.007717849247559817,5.441613627655868e-05,0.0061621905464432055,0.0,0.0032254193997470378
2013-08-14 17:00:00,0.0,0.0,0.0,0.0,0.0,0.0
2013-08-14 18:00:00,0.0,0.0,0.0,0.0,0.0,0.0
2013-08-14 19:00:00,0.0,0.0,0.0,0.0,0.0,0.0
2013-08-14 20:00:00,0.0,0.0,0.0,0.0,0.0,0.0
2013-08-14 21:00:00,0.0,0.0,0.0,0.0,0.0,0.0
2013-08-14 22:00:00,0.0,0.0,0.0,0.0,0.0,0.0
2013-08-14 23:00:00,0.0,0.0,0.0,0.0,0.0,0.0
2013-08-15 00:00:00,0.0,0.0,0.0,0.0,0.0,0.0
2013-08-15 01:00:00,0.0,0.0,0.0,0.0,0.0,0.0
2013-08-15 02:00:00,0.0,0.0,0.0,0.0,0.0,0.0
2013-08-15 03:00:00,0.0,0.0,0.0,0.0,0.0,0.0
2013-08-15 04:00:00,0.003330799677498106,0.000712647779295239,0.01157615381547907,0.003999156015549622,0.0334240496655917,0.006423028529063199
2013-08-15 05:00:00,0.07936307080359936,0.04656683220942314,0.11692822004822269,0.10434135361922027,0.1922836169645217,0.07119603482769425
2013-08-15 06:00:00,0.2028797351570852,0.13657024801423973,0.2626810545148704,0.2693397243301865,0.38216711414874227,0.1678514004524571
2013-08-15 07:00:00,0.30370722289078067,0.21461174109960504,0.37817859014529365,0.41613435412426686,0.5329527377921901,0.2902985512252473
2013-08-15 08:00:00,0.4182839731121669,0.326572008795894,0.47771924731522186,0.5454377992750468,0.6283468007667153,0.4334032620311915
2013-08-15 09:00:00,0.5298879709303517,0.4001586260846852,0.5711931287286262,0.5794160372514644,0.6704626872967802,0.5056850504067936
2013-08-15 10:00:00,0.547816993501142,0.4274433628932132,0.5606609248322263,0.5506837916450779,0.6565375730387251,0.5332972822982449
2013-08-15 11:00:00,0.5243172782559758,0.41850247956462683,0.546912164746637,0.5341184679025198,0.5871053737760724,0.5292736524530796
2013-08-15 12:00:00,0.46149422216279373,0.3496508661432664,0.494794480884225,0.44411929089757224,0.4540278359794512,0.43584709120911314
2013-08-15 13:00:00,0.3225425476400849,0.25142662385946984,0.37041229629389916,0.3452013713402947,0.25422390082745344,0.34068463322562853
2013-08-15 14:00:00,0.21565992948547186,0.15836015377092344,0.22395735365680158,0.22687908227266262,0.11461690924657726,0.19036330840338717
2013-08-15 15:00:00,0.07863675255097573,0.07095405704277805,0.07834571013566873,0.09425464964563479,0.03123213766180086,0.06602700246114339
2013-08-15 16:00:00,0.004624366250331888,0.008535911812614386,9.438138502686054e-05,0.005405863537502768,0.0,0.001958024983101494
2013-08-15 17:00:00,0.0,0.0,0.0,0.0,0.0,0.0
2013-08-15 18:00:00,0.0,0.0,0.0,0.0,0.0,0.0
2013-08-15 19:00:00,0.0,0.0,0.0,0.0,0.0,0.0
2013-08-15 20:00:00,0.0,0.0,0.0,0.0,0.0,0.0
2013-08-15 21:00:00,0.0,0.0,0.0,0.0,0.0,0.0
2013-08-15 22:00:00,0.0,0.0,0.0,0.0,0.0,0.0
2013-08-15 23:00:00,0.0,0.0,0.0,0.0,0.0,0.0
2013-08-16 00:00:00,0.0,0.0,0.0,0.0,0.0,0.0
2013-08-16 01:00:00,0.0,0.0,0.0,0.0,0.0,0.0
2013-08-16 02:00:00,0.0,0.0,0.0,0.0,0.0,0.0
2013-08-16 03:00:00,0.0,0.0,0.0,0.0,0.0,0.0
2013-08-16 04:00:00,0.0043515909982740405,0.0019572590281683932,0.014626295401594802,0.0037055936672399565,0.03213862861974396,0.011906623248490868
2013-08-16 05:00:00,0.0954493251725831,0.08073850313811154,0.13166770012672185,0.10377556939631545,0.1861285686847143,0.11184758275892168
2013-08-16 06:00:00,0.271473613750618,0.24384216398397265,0.3107690681210952,0.2805285637645387,0.37360207336273604,0.28009897510899573
2013-08-16 07:00:00,0.32173202617805047,0.32405999962492443,0.3780742100731381,0.4095645104190167,0.5100522887043807,0.42598155807676946
2013-08-16 08:00:00,0.4334803124020521,0.42585415602568316,0.5370498206610688,0.5407079286751466,0.6125215711545432,0.5361185353661516
2013-08-16 09:00:00,0.5271079582400979,0.4799652583489036,0.6133465347603141,0.5890757034841528,0.6300794196760955,0.5937032115483216
2013-08-16 10:00:00,0.5623573134975357,0.47809451352828575,0.6403131752992707,0.546880910579138,0.5256826512750359,0.6110222017665194
2013-08-16 11:00:00,0.5543459427894926,0.4539030192059899,0.5997948153216399,0.48675542055986754,0.37575210093340505,0.5612025076908108
2013-08-16 12:00:00,0.4598883306713227,0.38048660390167527,0.5137461148878163,0.41693383174529075,0.2824907032612286,0.4373558398980413
2013-08-16 13:00:00,0.3470791878234144,0.2614668633124515,0.38869291633466774,0.3025749343248847,0.19351661848681473,0.3425113909672025
2013-08-16 14:00:00,0.2204466395943855,0.17197046366273144,0.22661441550037073,0.20460960540583223,0.10825383701629737,0.1619297729286289
2013-08-16 15:00:00,0.07599186248457715,0.06544643089978863,0.07324376235225816,0.08283748645044982,0.033314494047092996,0.06260017546856671
2013-08-16 16:00:00,0.003695158175071559,0.0067294929540647535,3.528038464280794e-05,0.004184320684016259,0.0,0.0019644476209342236
2013-08-16 17:00:00,0.0,0.0,0.0,0.0,0.0,0.0
2013-08-16 18:00:00,0.0,0.0,0.0,0.0,0.0,0.0
2013-08-16 19:00:00,0.0,0.0,0.0,0.0,0.0,0.0
2013-08-16 20:00:00,0.0,0.0,0.0,0.0,0.0,0.0
2013-08-16 21:00:00,0.0,0.0,0.0,0.0,0.0,0.0
2013-08-16 22:00:00,0.0,0.0,0.0,0.0,0.0,0.0
2013-08-16 23:00:00,0.0,0.0,0.0,0.0,0.0,0.0
2013-08-17 00:00:00,0.0,0.0,0.0,0.0,0.0,0.0
2013-08-17 01:00:00,0.0,0.0,0.0,0.0,0.0,0.0
2013-08-17 02:00:00,0.0,0.0,0.0,0.0,0.0,0.0
2013-08-17 03:00:00,0.0,0.0,0.0,0.0,0.0,0.0
2013-08-17 04:00:00,0.004477938028859788,0.0020791146857458797,0.01141506679014855,0.004595708322683603,0.03372604648048458,0.0029670918913038036
2013-08-17 05:00:00,0.09424651138955699,0.08414622409167172,0.10994146744366588,0.10680426621259018,0.1869367645181197,0.042652039843906954
2013-08-17 06:00:00,0.2686681891339684,0.22408062616691396,0.24151785302492673,0.2809528764150201,0.35866336902143986,0.09374519946740181
2013-08-17 07:00:00,0.3869016081986916,0.2880272291471249,0.349910596682401,0.426207093633011,0.4796338096853592,0.13129883577842605
2013-08-17 08:00:00,0.5132235836020405,0.3866620857901897,0.43169950277320257,0.5292209965715028,0.550487423935292,0.20958011593695997
2013-08-17 09:00:00,0.5891767116553791,0.46631524348440295,0.4862905160081571,0.6041658646709788,0.5559315625900103,0.28213003179039536
2013-08-17 10:00:00,0.5821943629577817,0.5015186972746747,0.5092348562534449,0.5674077973252419,0.5407928985930943,0.3685667946487703
2013-08-17 11:00:00,0.5347735995101517,0.47559677427802444,0.4675146497599656,0.5037719970046117,0.4736764262344528,0.3577524358603493
2013-08-17 12:00:00,0.42237998550149386,0.3626101423454487,0.4277038070360699,0.43739503508456756,0.36774158230365306,0.3477762025569764
2013-08-17 13:00:00,0.32211215604934545,0.2544335576243045,0.3133321310926778,0.3501785670853656,0.2597878421266824,0.2717013714387858
2013-08-17 14:00:00,0.17646558176031865,0.14906682271440858,0.20485726211962485,0.19471494077258553,0.14763409336623515,0.19507265789939882
2013-08-17 15:00:00,0.06900055000528489,0.05987955230305147,0.0635351659912656,0.0825787392012026,0.03431491743718553,0.07024262351806874
2013-08-17 16:00:00,0.002641669226318862,0.006373358523733655,6.438699226494152e-07,0.004382056234256888,0.0,0.002236551425338791
2013-08-17 17:00:00,0.0,0.0,0.0,0.0,0.0,0.0
2013-08-17 18:00:00,0.0,0.0,0.0,0.0,0.0,0.0
2013-08-17 19:00:00,0.0,0.0,0.0,0.0,0.0,0.0
2013-08-17 20:00:00,0.0,0.0,0.0,0.0,0.0,0.0
2013-08-17 21:00:00,0.0,0.0,0.0,0.0,0.0,0.0
2013-08-17 22:00:00,0.0,0.0,0.0,0.0,0.0,0.0
2013-08-17 23:00:00,0.0,0.0,0.0,0.0,0.0,0.0
2013-08-18 00:00:00,0.0,0.0,0.0,0.0,0.0,0.0
2013-08-18 01:00:00,0.0,0.0,0.0,0.0,0.0,0.0
2013-08-18 02:00:00,0.0,0.0,0.0,0.0,0.0,0.0
2013-08-18 03:00:00,0.0,0.0,0.0,0.0,0.0,0.0
2013-08-18 04:00:00,0.003894897384201589,0.0016959493361738596,0.008983939262262758,0.004799177531978304,0.03301901784122045,0.009935091386446559
2013-08-18 05:00:00,0.08593824469852278,0.07889116743300405,0.08781709454005762,0.10529068944607754,0.18528796183395702,0.11729938660882042
2013-08-18 06:00:00,0.22927197612407357,0.2292860572691362,0.2489000458410889,0.26483367966995736,0.37085938454903633,0.29944672609577155
2013-08-18 07:00:00,0.3054029520788608,0.3679361794704526,0.3897318685259594,0.3744960995512657,0.5085518389649858,0.4543687172429596
2013-08-18 08:00:00,0.4074704223585177,0.4790974186830881,0.5024853027044625,0.4881759107809788,0.5811215908323225,0.5513296672687862
2013-08-18 09:00:00,0.5039019593039848,0.5511514410963544,0.5448155296193933,0.5506084095489564,0.5856356425959787,0.6173860163333622
2013-08-18 10:00:00,0.560710276020886,0.5738851553228562,0.5760060707553702,0.5147954719724833,0.5144109050505873,0.6352622310736332
2013-08-18 11:00:00,0.5401448960281472,0.5604333438664352,0.5514658556300369,0.4628114572006089,0.4337672392230308,0.6151365020899793
2013-08-18 12:00:00,0.4658790383587674,0.48391521996090253,0.46735101860232964,0.4009459615023357,0.32063579026334577,0.5494012072178619
2013-08-18 13:00:00,0.3693194174978308,0.37576004034701915,0.36022966108780446,0.30449021709651286,0.2031398483218449,0.40966262587705105
2013-08-18 14:00:00,0.19840987170195742,0.22565479689007306,0.2145131055939101,0.17750765098869245,0.10369115225762449,0.2547099704175814
2013-08-18 15:00:00,0.07572576083425255,0.08753762067776268,0.07638416382312972,0.07002785618444658,0.03233369805645452,0.1031268815002143
2013-08-18 16:00:00,0.0030364089110513737,0.008535339751091709,7.2606641458642816e-06,0.003430490803018216,0.0,0.003431975717741835
2013-08-18 17:00:00,0.0,0.0,0.0,0.0,0.0,0.0
2013-08-18 18:00:00,0.0,0.0,0.0,0.0,0.0,0.0
2013-08-18 19:00:00,0.0,0.0,0.0,0.0,0.0,0.0
2013-08-18 20:00:00,0.0,0.0,0.0,0.0,0.0,0.0
2013-08-18 21:00:00,0.0,0.0,0.0,0.0,0.0,0.0
2013-08-18 22:00:00,0.0,0.0,0.0,0.0,0.0,0.0
2013-08-18 23:00:00,0.0,0.0,0.0,0.0,0.0,0.0
2013-08-19 00:00:00,0.0,0.0,0.0,0.0,0.0,0.0
2013-08-19 01:00:00,0.0,0.0,0.0,0.0,0.0,0.0
2013-08-19 02:00:00,0.0,0.0,0.0,0.0,0.0,0.0
2013-08-19 03:00:00,0.0,0.0,0.0,0.0,0.0,0.0
2013-08-19 04:00:00,0.004080181306015275,0.0023005609555470804,0.016651258198616285,0.0032377404574790293,0.03139908193968872,0.012195836433941367
2013-08-19 05:00:00,0.10209512925273882,0.1063467097957492,0.13442735960174595,0.09099766418313514,0.16968504255457814,0.1332102352400279
2013-08-19 06:00:00,0.2516732137204611,0.28667269870028317,0.2955072616051039,0.23427320215986336,0.3372126815499874,0.30456644685023404
2013-08-19 07:00:00,0.35484718241867247,0.44133509705114904,0.41292741609890987,0.30975026387974547,0.46878477018785686,0.46395199166289286
2013-08-19 08:00:00,0.5001271753569871,0.560519135250283,0.5062295427102801,0.41439801846964236,0.5029120526602286,0.5828291619980807
2013-08-19 09:00:00,0.565692471872892,0.6353472987414727,0.537222274523761,0.4524684599991618,0.48351514060662226,0.619836037587511
2013-08-19 10:00:00,0.6159441529466064,0.6815533398620732,0.541302732730061,0.46279289818910957,0.40605038484003914,0.6255957001707594
2013-08-19 11:00:00,0.5956246526207497,0.6211304933276784,0.5209482693046279,0.4122426046823646,0.33583074637489707,0.5995547222897275
2013-08-19 12:00:00,0.5096441156917847,0.5017814041836127,0.4613918337533535,0.3457249153048701,0.2223603555262202,0.48887873464605724
2013-08-19 13:00:00,0.3509427817198802,0.3511962298556565,0.3572895915382988,0.27990041830431095,0.1564102504848835,0.36565020112390306
2013-08-19 14:00:00,0.2420064407714496,0.231003715798757,0.21287855716813917,0.1612833263532934,0.09703979589087432,0.23288587344778355
2013-08-19 15:00:00,0.09392576000066814,0.08163125137928533,0.0707397084142606,0.06921747881563592,0.026847601149411465,0.07745703331983884
2013-08-19 16:00:00,0.003625085539717336,0.006416232119890132,0.0,0.0038004190253614883,0.0,0.002483589637572334
2013-08-19 17:00:00,0.0,0.0,0.0,0.0,0.0,0.0
2013-08-19 18:00:00,0.0,0.0,0.0,0.0,0.0,0.0
2013-08-19 19:00:00,0.0,0.0,0.0,0.0,0.0,0.0
2013-08-19 20:00:00,0.0,0.0,0.0,0.0,0.0,0.0
2013-08-19 21:00:00,0.0,0.0,0.0,0.0,0.0,0.0
2013-08-19 22:00:00,0.0,0.0,0.0,0.0,0.0,0.0
2013-08-19 23:00:00,0.0,0.0,0.0,0.0,0.0,0.0
2013-08-20 00:00:00,0.0,0.0,0.0,0.0,0.0,0.0
2013-08-20 01:00:00,0.0,0.0,0.0,0.0,0.0,0.0
2013-08-20 02:00:00,0.0,0.0,0.0,0.0,0.0,0.0
2013-08-20 03:00:00,0.0,0.0,0.0,0.0,0.0,0.0
2013-08-20 04:00:00,0.004521613233703143,0.0008396678496517618,0.014597523284610385,0.002699748667089708,0.02152005566875342,0.010586877752059439
2013-08-20 05:00:00,0.10221070340491585,0.06759306337319729,0.13356297933722333,0.06888075744732677,0.12229359600959415,0.11084477362043624
2013-08-20 06:00:00,0.2487296558874108,0.1913679554072454,0.2843904781653967,0.17456988839500323,0.2507274433870114,0.2652175793209529
2013-08-20 07:00:00,0.3655234736503673,0.33844942507665626,0.4312920733438214,0.26380368531188475,0.38131751413181925,0.4284613465146591
2013-08-20 08:00:00,0.46074885695735895,0.4245476231975118,0.48770147263995767,0.33706264445774237,0.4416752246412648,0.514552670306782
2013-08-20 09:00:00,0.5929129114731296,0.4901691830833456,0.5508394120987706,0.47008377507406546,0.4890566276598491,0.6116374216486701
2013-08-20 10:00:00,0.6320091632827397,0.5233949280950274,0.5986060992829425,0.5171330116457974,0.5018915680621869,0.6230326354206973
2013-08-20 11:00:00,0.5944153983741582,0.4828078456357347,0.559726018888877,0.48878845380251656,0.4661372056312113,0.6123647357553748
2013-08-20 12:00:00,0.506345937321348,0.41469408473580777,0.48093757301448053,0.4315775195774151,0.3846036846401531,0.5216481903431994
2013-08-20 13:00:00,0.3438154015175319,0.29742105287732146,0.3567700270368526,0.3071059365446966,0.28089413379871414,0.3902543170792876
2013-08-20 14:00:00,0.21693930119453494,0.19797471622025656,0.2194421984628963,0.19514379714168584,0.1588120361309314,0.23405549216269672
2013-08-20 15:00:00,0.09109518084465927,0.08716226588140645,0.08030400777917598,0.07767638371397287,0.04063338108161565,0.07299505319405074
2013-08-20 16:00:00,0.003299387240601153,0.007454807867223506,0.0,0.0038275813099826568,0.0,0.001696707186477953
2013-08-20 17:00:00,0.0,0.0,0.0,0.0,0.0,0.0
2013-08-20 18:00:00,0.0,0.0,0.0,0.0,0.0,0.0
2013-08-20 19:00:00,0.0,0.0,0.0,0.0,0.0,0.0
2013-08-20 20:00:00,0.0,0.0,0.0,0.0,0.0,0.0
2013-08-20 21:00:00,0.0,0.0,0.0,0.0,0.0,0.0
2013-08-20 22:00:00,0.0,0.0,0.0,0.0,0.0,0.0
2013-08-20 23:00:00,0.0,0.0,0.0,0.0,0.0,0.0
2013-08-21 00:00:00,0.0,0.0,0.0,0.0,0.0,0.0
2013-08-21 01:00:00,0.0,0.0,0.0,0.0,0.0,0.0
2013-08-21 02:00:00,0.0,0.0,0.0,0.0,0.0,0.0
2013-08-21 03:00:00,0.0,0.0,0.0,0.0,0.0,0.0
2013-08-21 04:00:00,0.004660884170555341,0.0022822024685540737,0.01731976200941583,0.0033113655995716702,0.030822891561355863,0.011571590714944787
2013-08-21 05:00:00,0.10741284261776694,0.09920654760405537,0.14938561233267045,0.09423659622685654,0.1686611104693419,0.13377453963985625
2013-08-21 06:00:00,0.28015503737409736,0.2728480076571417,0.3281809819258959,0.2305811619448892,0.34165286945826523,0.3158386297116555
2013-08-21 07:00:00,0.41504805708584563,0.4189520252229393,0.4691615016711206,0.3315819212386987,0.46084106943086495,0.403507540783721
2013-08-21 08:00:00,0.5600486683203718,0.5495862931078165,0.5543311073704537,0.45856950383373307,0.5779295052963919,0.5172026610885624
2013-08-21 09:00:00,0.6172702025811049,0.6060546493422391,0.589710499655264,0.523756827139602,0.5997552801291558,0.5820944258792561
2013-08-21 10:00:00,0.646221087443411,0.6183293598141221,0.6055770078301415,0.5509790272529226,0.5602910701812565,0.623305698358418
2013-08-21 11:00:00,0.6125947132896349,0.5772423160768019,0.5942168430592583,0.49049996269514157,0.49406026220797333,0.6017361945707229
2013-08-21 12:00:00,0.5144589264705783,0.49941178672598524,0.516760073209796,0.4175722564782339,0.34941931060469883,0.5311669115359079
2013-08-21 13:00:00,0.38275232247859414,0.36742976248350706,0.3818003897293281,0.30277176044336096,0.22576205264833415,0.38459536684194473
2013-08-21 14:00:00,0.2378328667892634,0.23633597711481957,0.20713138097950382,0.19029676978546853,0.1100819378612954,0.2192244102788472
2013-08-21 15:00:00,0.0982988741841307,0.1069565188483067,0.07359654201569886,0.07753794455660924,0.03454165015776861,0.09240478540865427
2013-08-21 16:00:00,0.0038120498114080385,0.00828491972561016,0.0,0.004261881998607001,0.0,0.002385157394910902
2013-08-21 17:00:00,0.0,0.0,0.0,0.0,0.0,0.0
2013-08-21 18:00:00,0.0,0.0,0.0,0.0,0.0,0.0
2013-08-21 19:00:00,0.0,0.0,0.0,0.0,0.0,0.0
2013-08-21 20:00:00,0.0,0.0,0.0,0.0,0.0,0.0
2013-08-21 21:00:00,0.0,0.0,0.0,0.0,0.0,0.0
2013-08-21 22:00:00,0.0,0.0,0.0,0.0,0.0,0.0
2013-08-21 23:00:00,0.0,0.0,0.0,0.0,0.0,0.0
2013-08-22 00:00:00,0.0,0.0,0.0,0.0,0.0,0.0
2013-08-22 01:00:00,0.0,0.0,0.0,0.0,0.0,0.0
2013-08-22 02:00:00,0.0,0.0,0.0,0.0,0.0,0.0
2013-08-22 03:00:00,0.0,0.0,0.0,0.0,0.0,0.0
2013-08-22 04:00:00,0.006039417144849787,0.002341171894977138,0.01729831307357503,0.0043903540439879886,0.03600080470832093,0.012170289122393147
2013-08-22 05:00:00,0.12176185448826864,0.101950483350582,0.15216038594288064,0.0874997689437171,0.20003987440765952,0.12895472540949732
2013-08-22 06:00:00,0.28463868065213366,0.25925202319686536,0.32455678172595853,0.21547288022780142,0.37936554541057216,0.28993762004556767
2013-08-22 07:00:00,0.4111131057272897,0.4092053925608152,0.43461818617505565,0.29789625002475867,0.5144943861316252,0.4664061452854868
2013-08-22 08:00:00,0.5311778592617755,0.5274911019271967,0.5627715501976168,0.3986018037709451,0.5835461230891589,0.570407697458222
2013-08-22 09:00:00,0.5890703003280751,0.567535052152033,0.626668640327069,0.4220872479829013,0.5148569696872773,0.6234406091957947
2013-08-22 10:00:00,0.6395301362071109,0.5729827298188087,0.6131975582725332,0.48019462787468903,0.4267178526910246,0.6438824777325904
2013-08-22 11:00:00,0.5866341101072325,0.5323035617043917,0.5840766171846936,0.4525190703615447,0.3444967517418332,0.6070958834108893
2013-08-22 12:00:00,0.4804849051519501,0.43355293021120284,0.5185977403067593,0.4059621132235758,0.3216886984563817,0.4870216459067237
2013-08-22 13:00:00,0.3586471545200486,0.333139889907197,0.39008580378879787,0.28981272348801457,0.23788158674422072,0.3961160529482981
2013-08-22 14:00:00,0.2114448060554181,0.19958416141055954,0.21704884691127382,0.19936493451897158,0.12206298153654292,0.22139805081574387
2013-08-22 15:00:00,0.09616809552079544,0.08910193289010608,0.0777945517168557,0.08270737836102146,0.0401212847824676,0.0854838779215502
2013-08-22 16:00:00,0.0031997284903748265,0.00642840677376657,0.0,0.0037858668503299732,0.0,0.0020185357018416244
2013-08-22 17:00:00,0.0,0.0,0.0,0.0,0.0,0.0
2013-08-22 18:00:00,0.0,0.0,0.0,0.0,0.0,0.0
2013-08-22 19:00:00,0.0,0.0,0.0,0.0,0.0,0.0
2013-08-22 20:00:00,0.0,0.0,0.0,0.0,0.0,0.0
2013-08-22 21:00:00,0.0,0.0,0.0,0.0,0.0,0.0
2013-08-22 22:00:00,0.0,0.0,0.0,0.0,0.0,0.0
2013-08-22 23:00:00,0.0,0.0,0.0,0.0,0.0,0.0
2013-08-23 00:00:00,0.0,0.0,0.0,0.0,0.0,0.0
2013-08-23 01:00:00,0.0,0.0,0.0,0.0,0.0,0.0
2013-08-23 02:00:00,0.0,0.0,0.0,0.0,0.0,0.0
2013-08-23 03:00:00,0.0,0.0,0.0,0.0,0.0,0.0
2013-08-23 04:00:00,0.005124655722198151,0.0010920886618576875,0.01562184940558626,0.0039838699098143785,0.024872822143574516,0.010968012364739738
2013-08-23 05:00:00,0.09736862895451397,0.06669228172637069,0.12795770767115322,0.0846295459787839,0.13599096847040773,0.11577902649108468
2013-08-23 06:00:00,0.2256090914892065,0.1817377655578136,0.27516398714690254,0.21856198774642333,0.2812472023509703,0.27001950936287394
2013-08-23 07:00:00,0.35983529043935153,0.31060160445165685,0.44507636676100554,0.3701185165396415,0.44245271190518976,0.43970677340046876
2013-08-23 08:00:00,0.4846147950367813,0.4598009646364486,0.5287651222455187,0.48511097271772324,0.5028749160316953,0.5296507780022892
2013-08-23 09:00:00,0.5623197670850358,0.5301387602423605,0.5967680800662765,0.5406439363722658,0.5376165685327072,0.6134903420365476
2013-08-23 10:00:00,0.5984391334816739,0.5351859302728896,0.5946507545974119,0.5422951956473034,0.45148414345015003,0.6030706446153163
2013-08-23 11:00:00,0.5563387006974372,0.476324333293706,0.5852951303004983,0.48462862383696687,0.3992877005832605,0.5618817580377073
2013-08-23 12:00:00,0.4977065436493326,0.4513743412534835,0.5111591681734129,0.43325471928845477,0.3438863338164119,0.4907416673688273
2013-08-23 13:00:00,0.33743863275959307,0.29955269745212887,0.3937283839062548,0.33954894989553064,0.2685336634728613,0.36868001466268874
2013-08-23 14:00:00,0.23371892614839418,0.21055487416270072,0.24603997598194927,0.22766163749582236,0.1691375449932511,0.1951003055623844
2013-08-23 15:00:00,0.08379605870667671,0.08351050967534232,0.08008663372188066,0.10259018582346915,0.05001642845145544,0.07194128136267304
2013-08-23 16:00:00,0.002767060729879434,0.0060907841676614985,0.0,0.004163725909459725,0.0,0.001658598186611695
2013-08-23 17:00:00,0.0,0.0,0.0,0.0,0.0,0.0
2013-08-23 18:00:00,0.0,0.0,0.0,0.0,0.0,0.0
2013-08-23 19:00:00,0.0,0.0,0.0,0.0,0.0,0.0
2013-08-23 20:00:00,0.0,0.0,0.0,0.0,0.0,0.0
2013-08-23 21:00:00,0.0,0.0,0.0,0.0,0.0,0.0
2013-08-23 22:00:00,0.0,0.0,0.0,0.0,0.0,0.0
2013-08-23 23:00:00,0.0,0.0,0.0,0.0,0.0,0.0
2013-08-24 00:00:00,0.0,0.0,0.0,0.0,0.0,0.0
2013-08-24 01:00:00,0.0,0.0,0.0,0.0,0.0,0.0
2013-08-24 02:00:00,0.0,0.0,0.0,0.0,0.0,0.0
2013-08-24 03:00:00,0.0,0.0,0.0,0.0,0.0,0.0
2013-08-24 04:00:00,0.005773357545494306,0.0014455846611845275,0.018791837844901974,0.005974699620705556,0.03585661846032848,0.0110677730466545
2013-08-24 05:00:00,0.11721467006759333,0.07667041526688623,0.16673880110589315,0.12117739040799404,0.1990242548262597,0.11865150970953485
2013-08-24 06:00:00,0.3038978892069695,0.23384086557850034,0.34904705759857413,0.2954404967470552,0.36822162537116765,0.2855344104590997
2013-08-24 07:00:00,0.43391973024711095,0.3446250441089951,0.4829932537860057,0.4360447655342618,0.47048043100107884,0.42690777722858914
2013-08-24 08:00:00,0.5688357273890187,0.46041435934900404,0.5797255431222101,0.5522906232352919,0.5282256490973088,0.5276539239234197
2013-08-24 09:00:00,0.6274742603260316,0.5335663541618902,0.6317963513474844,0.5606385623670214,0.5306522486475782,0.5632466351628457
2013-08-24 10:00:00,0.6284401423413075,0.5554146809534929,0.6429371283365721,0.5918279629753697,0.5178404917723739,0.5467915654946388
2013-08-24 11:00:00,0.5683914158230189,0.5424924586562653,0.593067302574783,0.5162400227076624,0.4458590232730074,0.5367731080442723
2013-08-24 12:00:00,0.4837593814949291,0.45689034766595726,0.5118630121210332,0.44435782637108423,0.3820276147487731,0.43116320505379513
2013-08-24 13:00:00,0.36645026538301934,0.3226869402199359,0.39618011030322553,0.3497941391854222,0.27110811485538083,0.34781403121997273
2013-08-24 14:00:00,0.23242888395023958,0.19264068983838106,0.23190731618258048,0.22249327217039166,0.16680794740164495,0.19072426361207703
2013-08-24 15:00:00,0.09175203882599528,0.09087386425922099,0.07856554276651832,0.09191092388523057,0.05220471083403566,0.05931313373746941
2013-08-24 16:00:00,0.0026484534231002647,0.007773419453643878,0.0,0.0036579236440356724,0.0,0.001068940913547869
2013-08-24 17:00:00,0.0,0.0,0.0,0.0,0.0,0.0
2013-08-24 18:00:00,0.0,0.0,0.0,0.0,0.0,0.0
2013-08-24 19:00:00,0.0,0.0,0.0,0.0,0.0,0.0
2013-08-24 20:00:00,0.0,0.0,0.0,0.0,0.0,0.0
2013-08-24 21:00:00,0.0,0.0,0.0,0.0,0.0,0.0
2013-08-24 22:00:00,0.0,0.0,0.0,0.0,0.0,0.0
2013-08-24 23:00:00,0.0,0.0,0.0,0.0,0.0,0.0
2013-08-25 00:00:00,0.0,0.0,0.0,0.0,0.0,0.0
2013-08-25 01:00:00,0.0,0.0,0.0,0.0,0.0,0.0
2013-08-25 02:00:00,0.0,0.0,0.0,0.0,0.0,0.0
2013-08-25 03:00:00,0.0,0.0,0.0,0.0,0.0,0.0
2013-08-25 04:00:00,0.004820574369063155,0.0022221357666242646,0.015341976353262498,0.004525352089573182,0.03611341435521412,0.011790672442819039
2013-08-25 05:00:00,0.10019606325582253,0.0804615728297623,0.14562880771100692,0.09727704743028213,0.20212143150629028,0.1386465020355351
2013-08-25 06:00:00,0.2197650013538471,0.19326715292454322,0.32504317458190063,0.2433106430553768,0.37602831047623975,0.3093065240603062
2013-08-25 07:00:00,0.30970032072526343,0.37341355556572325,0.48259638519404646,0.3856902235328136,0.5330495669823873,0.4740965276841289
2013-08-25 08:00:00,0.4083418496887395,0.4669491485041379,0.6093567975512834,0.4667976839117103,0.5901625609875079,0.5950172654659958
2013-08-25 09:00:00,0.5016156902021651,0.5447746590964441,0.6324214097768663,0.5388723306380913,0.6135603163133956,0.6619678752846444
2013-08-25 10:00:00,0.5272732714581833,0.5621870356851705,0.6096821865703628,0.5506381809751831,0.5771651040317121,0.677743141430481
2013-08-25 11:00:00,0.5277920623811692,0.5323467093010775,0.5566592925524805,0.49581326349655885,0.5202033197399414,0.6211934728713808
2013-08-25 12:00:00,0.44810471969950905,0.446006346385031,0.4630997405038318,0.39987154038297096,0.4068060379224992,0.5256596300877698
2013-08-25 13:00:00,0.3298455804580834,0.30647846484552993,0.3618100002760673,0.2948375539651185,0.27679030579885927,0.39021652682327135
2013-08-25 14:00:00,0.19893055907425386,0.19521612984112124,0.213723010864605,0.1671947430831807,0.14106990296600838,0.23395676112558964
2013-08-25 15:00:00,0.07467018235655333,0.07610799652902223,0.0676797337974492,0.06840380632988882,0.035366728418648345,0.08061360964774567
2013-08-25 16:00:00,0.0019103860232288872,0.005573283699988121,0.0,0.003160636906223174,0.0,0.0014462305183505768
2013-08-25 17:00:00,0.0,0.0,0.0,0.0,0.0,0.0
2013-08-25 18:00:00,0.0,0.0,0.0,0.0,0.0,0.0
2013-08-25 19:00:00,0.0,0.0,0.0,0.0,0.0,0.0
2013-08-25 20:00:00,0.0,0.0,0.0,0.0,0.0,0.0
2013-08-25 21:00:00,0.0,0.0,0.0,0.0,0.0,0.0
2013-08-25 22:00:00,0.0,0.0,0.0,0.0,0.0,0.0
2013-08-25 23:00:00,0.0,0.0,0.0,0.0,0.0,0.0
2013-08-26 00:00:00,0.0,0.0,0.0,0.0,0.0,0.0
2013-08-26 01:00:00,0.0,0.0,0.0,0.0,0.0,0.0
2013-08-26 02:00:00,0.0,0.0,0.0,0.0,0.0,0.0
2013-08-26 03:00:00,0.0,0.0,0.0,0.0,0.0,0.0
2013-08-26 04:00:00,0.005788775585821956,0.0018305911202306882,0.018917887599362644,0.006078993978269664,0.0373541840835667,0.012437885032667047
2013-08-26 05:00:00,0.10971089347936322,0.09528220237856917,0.1687516042931943,0.11351748173213845,0.21011922666300936,0.1463247173243328
2013-08-26 06:00:00,0.27002131203464447,0.25227625969094525,0.35734892410096797,0.2902788134961155,0.3960358735102956,0.31383990260044065
2013-08-26 07:00:00,0.44444709648579855,0.4339531052735727,0.513391015173273,0.4381039914636621,0.5576600769663621,0.4725395881801904
2013-08-26 08:00:00,0.574605897376976,0.536470630528838,0.6170175870760657,0.5541572059419047,0.6401467740606952,0.5515691537536646
2013-08-26 09:00:00,0.6196404250271608,0.5974483237001871,0.6775254251792063,0.6127981663024954,0.6725863847182878,0.6333399830644484
2013-08-26 10:00:00,0.6380449454594085,0.607860908890971,0.67808317585504,0.6044533773674968,0.6458856001440729,0.6425059820738385
2013-08-26 11:00:00,0.5961471206137763,0.5742757683967179,0.6311397368272735,0.535945965890058,0.5580886286536375,0.5856951208322033
2013-08-26 12:00:00,0.501607342386783,0.44296098182317545,0.551896873813088,0.4601062994276051,0.4428474249357867,0.5068900088855327
2013-08-26 13:00:00,0.3762045450783665,0.33210384766606665,0.4202644711051252,0.327339557651726,0.3191888137654948,0.3474152579093879
2013-08-26 14:00:00,0.2570531250275413,0.22605594733056658,0.2595233932666673,0.2178207593840981,0.18507387189381436,0.21409236079916913
2013-08-26 15:00:00,0.09535897750294671,0.08372409310443706,0.08041443476568828,0.07939301820603793,0.05111980974878023,0.07927582730589602
2013-08-26 16:00:00,0.0019203459383477354,0.006063111957381148,0.0,0.0038113216406915887,0.0,0.0007022063380654549
2013-08-26 17:00:00,0.0,0.0,0.0,0.0,0.0,0.0
2013-08-26 18:00:00,0.0,0.0,0.0,0.0,0.0,0.0
2013-08-26 19:00:00,0.0,0.0,0.0,0.0,0.0,0.0
2013-08-26 20:00:00,0.0,0.0,0.0,0.0,0.0,0.0
2013-08-26 21:00:00,0.0,0.0,0.0,0.0,0.0,0.0
2013-08-26 22:00:00,0.0,0.0,0.0,0.0,0.0,0.0
2013-08-26 23:00:00,0.0,0.0,0.0,0.0,0.0,0.0
2013-08-27 00:00:00,0.0,0.0,0.0,0.0,0.0,0.0
2013-08-27 01:00:00,0.0,0.0,0.0,0.0,0.0,0.0
2013-08-27 02:00:00,0.0,0.0,0.0,0.0,0.0,0.0
2013-08-27 03:00:00,0.0,0.0,0.0,0.0,0.0,0.0
2013-08-27 04:00:00,0.006619915390677788,0.0021305080847950912,0.021253724137116698,0.007010381572003903,0.04088115037682504,0.011458491830964895
2013-08-27 05:00:00,0.12112014622488235,0.10038361899060663,0.17629873429210366,0.1370105009043764,0.21652468163481148,0.1258559960723308
2013-08-27 06:00:00,0.2914194348949343,0.26165906951124956,0.36831143045853926,0.3317962627879192,0.4073385333103522,0.3080746260034012
2013-08-27 07:00:00,0.43957784010853185,0.41539161639029293,0.5121407637209331,0.48610339621356957,0.563785900066688,0.44841481003039746
2013-08-27 08:00:00,0.5539652279039128,0.5382940947605397,0.6270538984865605,0.6075323592695716,0.6635601376778684,0.5560662127278934
2013-08-27 09:00:00,0.6653245492194912,0.6306205680768372,0.6975477332868386,0.6473329690085035,0.7107587584034855,0.6497756531278424
2013-08-27 10:00:00,0.6636181999056333,0.6452606162993904,0.7056508171238491,0.6092427344237299,0.6780808986641693,0.6402402673575116
2013-08-27 11:00:00,0.6284702913431865,0.6270637027073387,0.6615862372872565,0.5673148914231809,0.5966486146439525,0.6130112151675572
2013-08-27 12:00:00,0.5176183693040531,0.5022381625479267,0.5766033695774994,0.46035296013711857,0.47355361297013426,0.47995903655850186
2013-08-27 13:00:00,0.40279690144343233,0.3797631358071253,0.4242891289606123,0.3511782482034945,0.3346458217674061,0.3634271611564733
2013-08-27 14:00:00,0.23411767512756085,0.2282125621157391,0.25573918564813913,0.21245322426225854,0.17576996491210908,0.24129102295760108
2013-08-27 15:00:00,0.08656987329088402,0.0882293174493006,0.07606546470801065,0.09054478525271273,0.04489948540184317,0.06628316452978858
2013-08-27 16:00:00,0.0023612223556702698,0.005993686415363487,0.0,0.003418402928984323,0.0,0.000970397449433358
2013-08-27 17:00:00,0.0,0.0,0.0,0.0,0.0,0.0
2013-08-27 18:00:00,0.0,0.0,0.0,0.0,0.0,0.0
2013-08-27 19:00:00,0.0,0.0,0.0,0.0,0.0,0.0
2013-08-27 20:00:00,0.0,0.0,0.0,0.0,0.0,0.0
2013-08-27 21:00:00,0.0,0.0,0.0,0.0,0.0,0.0
2013-08-27 22:00:00,0.0,0.0,0.0,0.0,0.0,0.0
2013-08-27 23:00:00,0.0,0.0,0.0,0.0,0.0,0.0
2013-08-28 00:00:00,0.0,0.0,0.0,0.0,0.0,0.0
2013-08-28 01:00:00,0.0,0.0,0.0,0.0,0.0,0.0
2013-08-28 02:00:00,0.0,0.0,0.0,0.0,0.0,0.0
2013-08-28 03:00:00,0.0,0.0,0.0,0.0,0.0,0.0
2013-08-28 04:00:00,0.0059801408879125,0.0019582221957478107,0.017427300664250953,0.005927172863071738,0.03535037457926846,0.011633605980104777
2013-08-28 05:00:00,0.11335053650617569,0.10336986396283308,0.15399598543136184,0.11651873500026913,0.19272283348030453,0.13703505044176043
2013-08-28 06:00:00,0.2710871680099622,0.27224055372914835,0.3283601154235499,0.27874135404813555,0.3776694299245189,0.3116038429109047
2013-08-28 07:00:00,0.4451563494422953,0.44912447263127014,0.48643219562115836,0.4455934728574281,0.5170532208295686,0.48269715865597507
2013-08-28 08:00:00,0.5731909113634882,0.5691194719139617,0.5855770817224046,0.5486789184890108,0.5832205365045586,0.5888605478383788
2013-08-28 09:00:00,0.6022587111952197,0.6037547826039716,0.6191759269431147,0.5956161287771532,0.6196153383836821,0.6358858117106941
2013-08-28 10:00:00,0.6460213252838265,0.6582827118592065,0.602356576612565,0.5797111750315684,0.5920803936494633,0.6489955820543597
2013-08-28 11:00:00,0.5961851061645977,0.6321713767935557,0.5316318093791105,0.5035431414149977,0.4820342216880032,0.5432114229353375
2013-08-28 12:00:00,0.5131350764750695,0.5373551994779906,0.4758910520156781,0.4083223232833853,0.31428944348299315,0.46307064979770657
2013-08-28 13:00:00,0.36498159398926333,0.37640517357895287,0.3505551629952785,0.2918197539408361,0.2076801175081662,0.34398494398356066
2013-08-28 14:00:00,0.23527736026905352,0.244976692982932,0.20540002494714368,0.19990551195305642,0.09930059901122516,0.2060685713721012
2013-08-28 15:00:00,0.09534875855035736,0.09845343182905646,0.06667540017326354,0.0718430255090194,0.029104333677576456,0.07743205286761645
2013-08-28 16:00:00,0.0020722595542316106,0.007136257056195163,0.0,0.0032428742717380103,0.0,0.0008505758322743535
2013-08-28 17:00:00,0.0,0.0,0.0,0.0,0.0,0.0
2013-08-28 18:00:00,0.0,0.0,0.0,0.0,0.0,0.0
2013-08-28 19:00:00,0.0,0.0,0.0,0.0,0.0,0.0
2013-08-28 20:00:00,0.0,0.0,0.0,0.0,0.0,0.0
2013-08-28 21:00:00,0.0,0.0,0.0,0.0,0.0,0.0
2013-08-28 22:00:00,0.0,0.0,0.0,0.0,0.0,0.0
2013-08-28 23:00:00,0.0,0.0,0.0,0.0,0.0,0.0
2013-08-29 00:00:00,0.0,0.0,0.0,0.0,0.0,0.0
2013-08-29 01:00:00,0.0,0.0,0.0,0.0,0.0,0.0
2013-08-29 02:00:00,0.0,0.0,0.0,0.0,0.0,0.0
2013-08-29 03:00:00,0.0,0.0,0.0,0.0,0.0,0.0
2013-08-29 04:00:00,0.006318243219305157,0.002405010439203711,0.019385003886965926,0.006741081010815991,0.040333792471863215,0.011883138350448488
2013-08-29 05:00:00,0.10348038649425075,0.10776446343014442,0.16551950655107345,0.12698760060453246,0.21286699170362047,0.12524100715051562
2013-08-29 06:00:00,0.2675240252876643,0.2862183825377432,0.3653103547642793,0.30828174676331044,0.4107992707953419,0.29961548773437297
2013-08-29 07:00:00,0.3865768984724699,0.4364660308030733,0.49748695578118096,0.44260302504179083,0.5588075404136101,0.466697366097104
2013-08-29 08:00:00,0.4814026265088971,0.5244204409764264,0.590896302846932,0.5389886569069096,0.6380467138815499,0.575354696200605
2013-08-29 09:00:00,0.5954993314572463,0.6018875140129789,0.669061768081052,0.5667251299071718,0.649149081951002,0.6318101568899526
2013-08-29 10:00:00,0.6115010935269289,0.622402990380022,0.6653405414694762,0.5354894990119483,0.6075627321747681,0.6460838102042088
2013-08-29 11:00:00,0.6271777154645722,0.5981508788928972,0.6298544882247081,0.49997122894513824,0.5016151207849492,0.5995094853735152
2013-08-29 12:00:00,0.540444459363534,0.48967141743727843,0.5325652789184419,0.4090617064844256,0.36518159119402965,0.5007167020862865
2013-08-29 13:00:00,0.38678486528839207,0.34304865164260073,0.39251937545489096,0.31875109826944115,0.23715026774796988,0.3697098018949023
2013-08-29 14:00:00,0.23587195167940103,0.21419549254155795,0.24329712510426107,0.19511271997049448,0.1091935491896349,0.2314167752616212
2013-08-29 15:00:00,0.09528116660074355,0.08275984886861702,0.07504309597609905,0.082263056185893,0.03087780207968826,0.07751269686360918
2013-08-29 16:00:00,0.002123535312007089,0.004657133545991797,0.0,0.0033965061079495183,0.0,0.0005471075730291465
2013-08-29 17:00:00,0.0,0.0,0.0,0.0,0.0,0.0
2013-08-29 18:00:00,0.0,0.0,0.0,0.0,0.0,0.0
2013-08-29 19:00:00,0.0,0.0,0.0,0.0,0.0,0.0
2013-08-29 20:00:00,0.0,0.0,0.0,0.0,0.0,0.0
2013-08-29 21:00:00,0.0,0.0,0.0,0.0,0.0,0.0
2013-08-29 22:00:00,0.0,0.0,0.0,0.0,0.0,0.0
2013-08-29 23:00:00,0.0,0.0,0.0,0.0,0.0,0.0
2013-08-30 00:00:00,0.0,0.0,0.0,0.0,0.0,0.0
2013-08-30 01:00:00,0.0,0.0,0.0,0.0,0.0,0.0
2013-08-30 02:00:00,0.0,0.0,0.0,0.0,0.0,0.0
2013-08-30 03:00:00,0.0,0.0,0.0,0.0,0.0,0.0
2013-08-30 04:00:00,0.005529802063358657,0.0014331528189835303,0.01855817124516988,0.007178674300759276,0.03950951723537591,0.010691425982553678
2013-08-30 05:00:00,0.10681645270541328,0.07279925979094042,0.150088262943695,0.12074182121734175,0.20328811165151933,0.11109667274362454
2013-08-30 06:00:00,0.27533289245133413,0.20569972418342208,0.33277151839378466,0.29686018698663674,0.3990715759139097,0.24470108135009436
2013-08-30 07:00:00,0.4066203209215497,0.33897281761643716,0.5108695892766866,0.43129181549612955,0.5537633343937778,0.42766176792171773
2013-08-30 08:00:00,0.524374989841818,0.42993954175152044,0.624334676921518,0.5028057460017775,0.6471813372567718,0.5324853957878509
2013-08-30 09:00:00,0.6049428860118017,0.5256121109845875,0.6679982005054923,0.5347819034354306,0.6540113367631799,0.6073906490973814
2013-08-30 10:00:00,0.6341112032290241,0.5623382081763348,0.6757839397244847,0.5439013560341699,0.5824001600039216,0.6327955041902975
2013-08-30 11:00:00,0.58487792149339,0.5256101472584565,0.6137507084360201,0.5024511540485435,0.42833221999488824,0.6013381764153104
2013-08-30 12:00:00,0.4973415842436161,0.46136756093743103,0.5402214925474537,0.43516536559677577,0.3109203226199143,0.5257133803176286
2013-08-30 13:00:00,0.38061745084934234,0.3296288455584365,0.40168294522310005,0.3109111847050116,0.20679996033892936,0.36746308609385764
2013-08-30 14:00:00,0.22996243673846728,0.20409582111661131,0.2436561745024863,0.20445164508476762,0.13358011921875537,0.21573657281665548
2013-08-30 15:00:00,0.08401903476097854,0.07884453670557813,0.07672348120037582,0.07611880214346223,0.0354346157220708,0.07185086384650935
2013-08-30 16:00:00,0.0015543140357130575,0.00432498305918923,0.0,0.002703096127860531,0.0,0.00042225312991043585
2013-08-30 17:00:00,0.0,0.0,0.0,0.0,0.0,0.0
2013-08-30 18:00:00,0.0,0.0,0.0,0.0,0.0,0.0
2013-08-30 19:00:00,0.0,0.0,0.0,0.0,0.0,0.0
2013-08-30 20:00:00,0.0,0.0,0.0,0.0,0.0,0.0
2013-08-30 21:00:00,0.0,0.0,0.0,0.0,0.0,0.0
2013-08-30 22:00:00,0.0,0.0,0.0,0.0,0.0,0.0
2013-08-30 23:00:00,0.0,0.0,0.0,0.0,0.0,0.0
2013-08-31 00:00:00,0.0,0.0,0.0,0.0,0.0,0.0
2013-08-31 01:00:00,0.0,0.0,0.0,0.0,0.0,0.0
2013-08-31 02:00:00,0.0,0.0,0.0,0.0,0.0,0.0
2013-08-31 03:00:00,0.0,0.0,0.0,0.0,0.0,0.0
2013-08-31 04:00:00,0.006627217667233427,0.002505468777049037,0.020851151104623284,0.007661672246817629,0.04108272229175704,0.013229273508198724
2013-08-31 05:00:00,0.11532781141063941,0.11571106155710062,0.17367159475938512,0.12796657127815486,0.21689825973038132,0.14128973712244522
2013-08-31 06:00:00,0.2891936338167905,0.3027060097688897,0.36606257652984486,0.3164316912556654,0.4094132905395211,0.3317271164846903
2013-08-31 07:00:00,0.465137116490548,0.48453379687334697,0.5313433606589484,0.4952813785114957,0.5637647328218226,0.5022561667221717
2013-08-31 08:00:00,0.5943655203493892,0.604906612872979,0.6295461554206838,0.5824572510756001,0.6539167577574733,0.5937933309765353
2013-08-31 09:00:00,0.6253192218355373,0.6443656481605501,0.6898853779465577,0.5929577228681763,0.6905748520479226,0.6774403636960045
2013-08-31 10:00:00,0.647943914864045,0.6769715074612153,0.6877448471574705,0.6199900324116486,0.653065554075705,0.6776519880425275
2013-08-31 11:00:00,0.6277933969630192,0.6315206510334285,0.6480467242611704,0.562182904549435,0.5837627303158874,0.616926792586881
2013-08-31 12:00:00,0.5253061885752496,0.5189802992942592,0.5643250831843448,0.476596962331956,0.46672000100690003,0.5270721246787234
2013-08-31 13:00:00,0.38677316582956667,0.34450815495851195,0.42284033674893057,0.36117941673649123,0.3476153449134971,0.37499085497749324
2013-08-31 14:00:00,0.24625709270541368,0.2201736476333183,0.2404286107359018,0.23269119627544363,0.18450167454539249,0.2222957889505411
2013-08-31 15:00:00,0.08523975173713282,0.06763185276982094,0.07361778691822213,0.0855448564052147,0.05067811667390934,0.07100899158436465
2013-08-31 16:00:00,0.0016961957399288397,0.0035932965295258283,0.0,0.0022020398878845,0.0,0.00025185657317355496
2013-08-31 17:00:00,0.0,0.0,0.0,0.0,0.0,0.0
2013-08-31 18:00:00,0.0,0.0,0.0,0.0,0.0,0.0
2013-08-31 19:00:00,0.0,0.0,0.0,0.0,0.0,0.0
2013-08-31 20:00:00,0.0,0.0,0.0,0.0,0.0,0.0
2013-08-31 21:00:00,0.0,0.0,0.0,0.0,0.0,0.0
2013-08-31 22:00:00,0.0,0.0,0.0,0.0,0.0,0.0
2013-08-31 23:00:00,0.0,0.0,0.0,0.0,0.0,0.0
2013-09-01 00:00:00,0.0,0.0,0.0,0.0,0.0,0.0
2013-09-01 01:00:00,0.0,0.0,0.0,0.0,0.0,0.0
2013-09-01 02:00:00,0.0,0.0,0.0,0.0,0.0,0.0
2013-09-01 03:00:00,0.0,0.0,0.0,0.0,0.0,0.0
2013-09-01 04:00:00,0.008237130441911772,0.002994307543801311,0.02109057586982538,0.0070945135786533746,0.04166858349205884,0.014013177842514808
2013-09-01 05:00:00,0.13189619684680845,0.12395514197480718,0.17130017915219725,0.12172385928194096,0.2126507704559362,0.14917974086438524
2013-09-01 06:00:00,0.304968199034722,0.3133009124635497,0.362603584585624,0.30372237335533653,0.4039185341793542,0.33206382205615254
2013-09-01 07:00:00,0.459888699078548,0.49662528378249365,0.5062416436988146,0.45327459551229615,0.5422477413505445,0.4986820807061851
2013-09-01 08:00:00,0.5832822718783157,0.6084234245208758,0.6071670639389797,0.5628955046527896,0.6432775947235148,0.6105530005542289
2013-09-01 09:00:00,0.6747417078163985,0.6908065312737831,0.673319926409978,0.6635003456386184,0.6877476022959031,0.6676998423209758
2013-09-01 10:00:00,0.6667565286485526,0.6896793575323101,0.6778326656288404,0.6543464678813152,0.6751149082556749,0.6583756388837966
2013-09-01 11:00:00,0.6227282508690215,0.6337835274187055,0.6286061430660403,0.5989990930503101,0.6345321310342307,0.6305647242976649
2013-09-01 12:00:00,0.5047435452810694,0.5150061980169821,0.5341268646413512,0.5184317309667228,0.5412788217246466,0.5256430510613108
2013-09-01 13:00:00,0.41792031533971097,0.41283986109869814,0.40868346207403894,0.38817803885507607,0.4050804452071438,0.39181871651150735
2013-09-01 14:00:00,0.24741959856000703,0.2268006248845741,0.23476340746179136,0.2265728977759027,0.22914752483318818,0.24224132433583465
2013-09-01 15:00:00,0.08812829176767924,0.08589825801034863,0.06754122737538323,0.09254283381221576,0.05654595836290997,0.08814522393590847
2013-09-01 16:00:00,0.0012637168531985823,0.004155930974870016,0.0,0.0025983686386898686,0.0,0.0005943977620215431
2013-09-01 17:00:00,0.0,0.0,0.0,0.0,0.0,0.0
2013-09-01 18:00:00,0.0,0.0,0.0,0.0,0.0,0.0
2013-09-01 19:00:00,0.0,0.0,0.0,0.0,0.0,0.0
2013-09-01 20:00:00,0.0,0.0,0.0,0.0,0.0,0.0
2013-09-01 21:00:00,0.0,0.0,0.0,0.0,0.0,0.0
2013-09-01 22:00:00,0.0,0.0,0.0,0.0,0.0,0.0
2013-09-01 23:00:00,0.0,0.0,0.0,0.0,0.0,0.0
2013-09-02 00:00:00,0.0,0.0,0.0,0.0,0.0,0.0
2013-09-02 01:00:00,0.0,0.0,0.0,0.0,0.0,0.0
2013-09-02 02:00:00,0.0,0.0,0.0,0.0,0.0,0.0
2013-09-02 03:00:00,0.0,0.0,0.0,0.0,0.0,0.0
2013-09-02 04:00:00,0.007206382164237802,0.002491488871552846,0.020326087104903433,0.006871617680587937,0.04118391512979205,0.011383524208440767
2013-09-02 05:00:00,0.10551214963226757,0.08713193240876624,0.14890382797372562,0.10897138998183604,0.2013749438766245,0.11824307974996828
2013-09-02 06:00:00,0.27752510652884127,0.24859567916331324,0.3455041092557097,0.2572672816425258,0.38785057724540795,0.2679164280067437
2013-09-02 07:00:00,0.43905821105238485,0.4238006800699231,0.46832263170729316,0.417683499321268,0.5269680604707142,0.40329310435544724
2013-09-02 08:00:00,0.5724747779746262,0.5480899939069824,0.5452596840899154,0.528338201136182,0.6146867398721889,0.48155477270062547
2013-09-02 09:00:00,0.600601889264647,0.605459579456205,0.5781874839591205,0.5756094499760909,0.6659392282744763,0.5479957442385299
2013-09-02 10:00:00,0.6257387061446734,0.6146176057006671,0.6135889541466376,0.5736786349314287,0.6590764340168476,0.6156216740473301
2013-09-02 11:00:00,0.5899523558598544,0.5610975795833626,0.56309647846567,0.5283874632938704,0.6125909840746436,0.6035047400675431
2013-09-02 12:00:00,0.5047378047246388,0.48643439854310927,0.5068641631499508,0.45686665809548527,0.5265531679812362,0.5317051313091516
2013-09-02 13:00:00,0.3773192980853783,0.3306026970546624,0.3807915327482939,0.3494624895775663,0.3954867702824217,0.37874337880275016
2013-09-02 14:00:00,0.19760361217964464,0.18668339867300876,0.22027322464187798,0.19208973212533353,0.2065292705472929,0.21723318536205813
2013-09-02 15:00:00,0.07690168628294272,0.07820180897169442,0.0666769180214444,0.08156406755326011,0.044990990320535405,0.07259222969129207
2013-09-02 16:00:00,0.0006978030125209798,0.004102003164717439,0.0,0.0019021595399607287,0.0,0.0002317169360087797
2013-09-02 17:00:00,0.0,0.0,0.0,0.0,0.0,0.0
2013-09-02 18:00:00,0.0,0.0,0.0,0.0,0.0,0.0
2013-09-02 19:00:00,0.0,0.0,0.0,0.0,0.0,0.0
2013-09-02 20:00:00,0.0,0.0,0.0,0.0,0.0,0.0
2013-09-02 21:00:00,0.0,0.0,0.0,0.0,0.0,0.0
2013-09-02 22:00:00,0.0,0.0,0.0,0.0,0.0,0.0
2013-09-02 23:00:00,0.0,0.0,0.0,0.0,0.0,0.0
2013-09-03 00:00:00,0.0,0.0,0.0,0.0,0.0,0.0
2013-09-03 01:00:00,0.0,0.0,0.0,0.0,0.0,0.0
2013-09-03 02:00:00,0.0,0.0,0.0,0.0,0.0,0.0
2013-09-03 03:00:00,0.0,0.0,0.0,0.0,0.0,0.0
2013-09-03 04:00:00,0.007902330318132485,0.002648705201987778,0.020401528033959792,0.006369341374068206,0.03904257880900463,0.012547931138313437
2013-09-03 05:00:00,0.12300824404005617,0.09980369773365576,0.1659571761942541,0.11848587323253637,0.19062096449500976,0.13182478522906707
2013-09-03 06:00:00,0.3098885747325287,0.28485861937134827,0.34842564069410326,0.2877125304282127,0.3498663008334127,0.3067257153994994
2013-09-03 07:00:00,0.40500077379588184,0.41404433104711336,0.4628109392754588,0.4277621906241471,0.42904781885464743,0.45206463776087286
2013-09-03 08:00:00,0.5317233636092995,0.5363229139047456,0.5545396379317831,0.5115790180138858,0.4534655885844107,0.5743194074009824
2013-09-03 09:00:00,0.6138865738238217,0.6160935424100221,0.6240408060177318,0.564000560678288,0.4677363050478248,0.6530581815255777
2013-09-03 10:00:00,0.6593377595895119,0.6338145610713366,0.6605613611014759,0.5671889817763346,0.47866861757799695,0.6540341806015387
2013-09-03 11:00:00,0.5721654105267859,0.5805688963576247,0.6128264761812933,0.5434489750116751,0.4892675958792661,0.5915835678407887
2013-09-03 12:00:00,0.48808313032588435,0.4760482735830034,0.5149560224577482,0.46710799449751617,0.41570177788014284,0.4958809645704033
2013-09-03 13:00:00,0.3703424292391079,0.3396266507835218,0.404225060099799,0.36642636532617456,0.32163913858559456,0.3813055907560957
2013-09-03 14:00:00,0.20039006762932707,0.17768411931267666,0.22471152609474562,0.21429243176832982,0.1819699708950803,0.22389268420027283
2013-09-03 15:00:00,0.06798515494057764,0.07051010771484233,0.06801879886331878,0.08166380687707793,0.04695619391135148,0.07234577953278352
2013-09-03 16:00:00,0.0008055653481377048,0.0032548121398947552,0.0,0.002091199906309353,0.0,0.00031698680235069836
2013-09-03 17:00:00,0.0,0.0,0.0,0.0,0.0,0.0
2013-09-03 18:00:00,0.0,0.0,0.0,0.0,0.0,0.0
2013-09-03 19:00:00,0.0,0.0,0.0,0.0,0.0,0.0
2013-09-03 20:00:00,0.0,0.0,0.0,0.0,0.0,0.0
2013-09-03 21:00:00,0.0,0.0,0.0,0.0,0.0,0.0
2013-09-03 22:00:00,0.0,0.0,0.0,0.0,0.0,0.0
2013-09-03 23:00:00,0.0,0.0,0.0,0.0,0.0,0.0
2013-09-04 00:00:00,0.0,0.0,0.0,0.0,0.0,0.0
2013-09-04 01:00:00,0.0,0.0,0.0,0.0,0.0,0.0
2013-09-04 02:00:00,0.0,0.0,0.0,0.0,0.0,0.0
2013-09-04 03:00:00,0.0,0.0,0.0,0.0,0.0,0.0
2013-09-04 04:00:00,0.0065515031427186305,0.0021629121078462345,0.01860914223106793,0.007817822690506312,0.03869585962803303,0.012180234803283894
2013-09-04 05:00:00,0.1128350435295116,0.10477795774432058,0.1608690907411379,0.12469149854454506,0.21069176527502745,0.13599150783205438
2013-09-04 06:00:00,0.29531940647641547,0.27688968195265934,0.3325785072116325,0.3005287822658501,0.40268084939721965,0.3220524893104835
2013-09-04 07:00:00,0.44292298254792106,0.4614675715433966,0.47095030133052906,0.4553859047268635,0.5518318092655712,0.49917639002367825
2013-09-04 08:00:00,0.5558953045708205,0.5601514406465308,0.5715886563878407,0.5675886332200649,0.6402747285810939,0.5778697728149074
2013-09-04 09:00:00,0.5673936829207609,0.5770776796110072,0.6104335009549476,0.6200189513142911,0.6920872942169827,0.6537738288430012
2013-09-04 10:00:00,0.6060923320847768,0.6407964666752064,0.6013149391953864,0.6132076011154908,0.6922895227174392,0.6457287381606702
2013-09-04 11:00:00,0.5829645724269775,0.6142067090040242,0.5421020683689428,0.5884160609819967,0.6371986672492616,0.5927002738080307
2013-09-04 12:00:00,0.4833975058956864,0.5257010182532502,0.4286794505055744,0.48908346110936246,0.5208936259614354,0.4572084640229161
2013-09-04 13:00:00,0.3460163396699542,0.3692823217013642,0.3209099338887131,0.3603681846727712,0.37008664631722155,0.36618891126208253
2013-09-04 14:00:00,0.22743149407942342,0.22988062980357896,0.19813202667704163,0.1986299981129555,0.19995707347315048,0.22814221888459896
2013-09-04 15:00:00,0.07536476846418083,0.08180773139198814,0.0578971412672057,0.07081402196218073,0.045864727695872395,0.07821954862407147
2013-09-04 16:00:00,0.0011370490417101646,0.003584966328620821,0.0,0.0017565285389630073,0.0,8.939071993696497e-05
2013-09-04 17:00:00,0.0,0.0,0.0,0.0,0.0,0.0
2013-09-04 18:00:00,0.0,0.0,0.0,0.0,0.0,0.0
2013-09-04 19:00:00,0.0,0.0,0.0,0.0,0.0,0.0
2013-09-04 20:00:00,0.0,0.0,0.0,0.0,0.0,0.0
2013-09-04 21:00:00,0.0,0.0,0.0,0.0,0.0,0.0
2013-09-04 22:00:00,0.0,0.0,0.0,0.0,0.0,0.0
2013-09-04 23:00:00,0.0,0.0,0.0,0.0,0.0,0.0
2013-09-05 00:00:00,0.0,0.0,0.0,0.0,0.0,0.0
2013-09-05 01:00:00,0.0,0.0,0.0,0.0,0.0,0.0
2013-09-05 02:00:00,0.0,0.0,0.0,0.0,0.0,0.0
2013-09-05 03:00:00,0.0,0.0,0.0,0.0,0.0,0.0
2013-09-05 04:00:00,0.007761976887422577,0.0027976602061158904,0.0189061407372686,0.007948685651326374,0.04125980862881318,0.01436688886057373
2013-09-05 05:00:00,0.11582988872318904,0.10279904728885547,0.1601809984242992,0.11758353924569336,0.2128388442937865,0.14650626996580102
2013-09-05 06:00:00,0.2823283329887366,0.279108199433976,0.3428468644318683,0.2710165419167218,0.39372190271302915,0.31024805469018124
2013-09-05 07:00:00,0.4027705991096421,0.43891407237027436,0.48184216589488243,0.37591915012497656,0.5546344315152816,0.46776662906525046
2013-09-05 08:00:00,0.5168753747391679,0.5674648940380481,0.5875581673188129,0.48363484570789916,0.6442121430856567,0.5577241167525566
2013-09-05 09:00:00,0.6003378987741997,0.6001051447563064,0.6566229016378728,0.5520920546553276,0.6842112945438229,0.6443424138459974
2013-09-05 10:00:00,0.6117470244226425,0.6066051388758861,0.6381605480074083,0.5682846392617249,0.6569894054079598,0.6613843053543509
2013-09-05 11:00:00,0.5895605254166185,0.574330104658242,0.6052809020402296,0.5464504127706895,0.588774504046114,0.5954555455406989
2013-09-05 12:00:00,0.4846799979870483,0.44985508697633364,0.5214739359724282,0.4522957375850851,0.5031324730965264,0.50202815007033
2013-09-05 13:00:00,0.3319865371282771,0.2898622764631152,0.37429822844711547,0.32186022204868986,0.3595892331467172,0.34648254694254177
2013-09-05 14:00:00,0.21855702049804834,0.18861813530791344,0.22936441745036765,0.1810828614511515,0.20525388926394875,0.21524314098043676
2013-09-05 15:00:00,0.08356117454663775,0.07779453286329856,0.06720999449090734,0.06486625769172648,0.05189359963755334,0.07594538000817302
2013-09-05 16:00:00,0.0005396012687632341,0.0025249391502113624,0.0,0.0016977701687789742,0.0,7.138023312875519e-05
2013-09-05 17:00:00,0.0,0.0,0.0,0.0,0.0,0.0
2013-09-05 18:00:00,0.0,0.0,0.0,0.0,0.0,0.0
2013-09-05 19:00:00,0.0,0.0,0.0,0.0,0.0,0.0
2013-09-05 20:00:00,0.0,0.0,0.0,0.0,0.0,0.0
2013-09-05 21:00:00,0.0,0.0,0.0,0.0,0.0,0.0
2013-09-05 22:00:00,0.0,0.0,0.0,0.0,0.0,0.0
2013-09-05 23:00:00,0.0,0.0,0.0,0.0,0.0,0.0
2013-09-06 00:00:00,0.0,0.0,0.0,0.0,0.0,0.0
2013-09-06 01:00:00,0.0,0.0,0.0,0.0,0.0,0.0
2013-09-06 02:00:00,0.0,0.0,0.0,0.0,0.0,0.0
2013-09-06 03:00:00,0.0,0.0,0.0,0.0,0.0,0.0
2013-09-06 04:00:00,0.00564562673801149,0.0024238059941926924,0.020633353859122027,0.008574907371377201,0.044363216212900895,0.013455100164429855
2013-09-06 05:00:00,0.09979970017452613,0.0731970517784601,0.16601754161601406,0.11072199667560013,0.22128302740783135,0.14359419711965796
2013-09-06 06:00:00,0.2602068295369361,0.21018123572594175,0.34709452801141205,0.2556751765320726,0.40754718584236554,0.3267801740243533
2013-09-06 07:00:00,0.3043025507882919,0.32173252291082677,0.48165442605801434,0.39916208868174946,0.549324846844918,0.44420027983430677
2013-09-06 08:00:00,0.415906967172304,0.4406174859651085,0.5958169933963874,0.5341888451041074,0.6439585279799034,0.5595324067607532
2013-09-06 09:00:00,0.49365950512781925,0.5150359351437691,0.665863625698638,0.5967091224585886,0.6938991698255291,0.6269601323345283
2013-09-06 10:00:00,0.514040086251673,0.5499449174866083,0.6659566753079308,0.5694895583063636,0.6773494547361728,0.6162338445621877
2013-09-06 11:00:00,0.5117420469175308,0.5025275972022947,0.6303423327101877,0.527168528702234,0.6038533078117865,0.5556827871038686
2013-09-06 12:00:00,0.4126073729925829,0.41465962393910866,0.5125003459895715,0.41573491415377545,0.49914837245211535,0.4816012403137865
2013-09-06 13:00:00,0.32582628603531155,0.2948705023249844,0.37977270536789726,0.30591576515795027,0.3344650621315871,0.3250729316446389
2013-09-06 14:00:00,0.20773068665864017,0.1744208187016408,0.23300658918476838,0.18885175268399987,0.16086136881856952,0.16509035775997888
2013-09-06 15:00:00,0.0746289281160195,0.06058883991627268,0.061352163780409585,0.07636466727284065,0.03489236432276645,0.05213403401256986
2013-09-06 16:00:00,0.0007781387234103862,0.00289581382930081,0.0,0.0018437851063248388,0.0,9.149386103671751e-06
2013-09-06 17:00:00,0.0,0.0,0.0,0.0,0.0,0.0
2013-09-06 18:00:00,0.0,0.0,0.0,0.0,0.0,0.0
2013-09-06 19:00:00,0.0,0.0,0.0,0.0,0.0,0.0
2013-09-06 20:00:00,0.0,0.0,0.0,0.0,0.0,0.0
2013-09-06 21:00:00,0.0,0.0,0.0,0.0,0.0,0.0
2013-09-06 22:00:00,0.0,0.0,0.0,0.0,0.0,0.0
2013-09-06 23:00:00,0.0,0.0,0.0,0.0,0.0,0.0
2013-09-07 00:00:00,0.0,0.0,0.0,0.0,0.0,0.0
2013-09-07 01:00:00,0.0,0.0,0.0,0.0,0.0,0.0
2013-09-07 02:00:00,0.0,0.0,0.0,0.0,0.0,0.0
2013-09-07 03:00:00,0.0,0.0,0.0,0.0,0.0,0.0
2013-09-07 04:00:00,0.00737951495085879,0.0027981943472403926,0.020806556175414555,0.007640987866057662,0.0452862361574129,0.013759400361394643
2013-09-07 05:00:00,0.12197831415075859,0.1071753927451959,0.16893984494361147,0.11954418891686396,0.2268962593562468,0.14585836823028286
2013-09-07 06:00:00,0.28222765703782293,0.26686192108466866,0.3528616709913131,0.2955809820435776,0.41966842961218653,0.33230621503441304
2013-09-07 07:00:00,0.4179201506874961,0.42037693200646886,0.4847060853440507,0.4465707930239988,0.5575463680673918,0.49269788207218096
2013-09-07 08:00:00,0.5456646251777421,0.5240389267372264,0.6071444403891626,0.5439711592068772,0.6499998712495496,0.6168446375359956
2013-09-07 09:00:00,0.6189739486427385,0.6042740749097846,0.6450109349069129,0.5877705178223729,0.6741287795194372,0.6579739037007626
2013-09-07 10:00:00,0.6332656606150968,0.6327815514570807,0.6654884203911046,0.579091562051435,0.6672932477039419,0.6574450657537927
2013-09-07 11:00:00,0.5902917312178617,0.5963273295416632,0.62509820144288,0.5301122723638088,0.64121010056172,0.5991859499057689
2013-09-07 12:00:00,0.5039575005886401,0.5051679944710601,0.5478605672413553,0.44084358138580354,0.5314156327144016,0.5067335332726802
2013-09-07 13:00:00,0.34318864839465724,0.3561416168571117,0.39498845056899745,0.3088464887506355,0.3861517891543577,0.36429776008437487
2013-09-07 14:00:00,0.2002186181849657,0.20609794543437648,0.23797864708616936,0.21351358366687556,0.21636807499203928,0.2164444721383852
2013-09-07 15:00:00,0.07982088409454155,0.0768137337264561,0.06727377593163159,0.07489161021643048,0.046100877283228155,0.059340113169587254
2013-09-07 16:00:00,0.0004946446451501366,0.003053411545742755,0.0,0.0017132918776479335,0.0,2.7416218279821214e-06
2013-09-07 17:00:00,0.0,0.0,0.0,0.0,0.0,0.0
2013-09-07 18:00:00,0.0,0.0,0.0,0.0,0.0,0.0
2013-09-07 19:00:00,0.0,0.0,0.0,0.0,0.0,0.0
2013-09-07 20:00:00,0.0,0.0,0.0,0.0,0.0,0.0
2013-09-07 21:00:00,0.0,0.0,0.0,0.0,0.0,0.0
2013-09-07 22:00:00,0.0,0.0,0.0,0.0,0.0,0.0
2013-09-07 23:00:00,0.0,0.0,0.0,0.0,0.0,0.0
2013-09-08 00:00:00,0.0,0.0,0.0,0.0,0.0,0.0
2013-09-08 01:00:00,0.0,0.0,0.0,0.0,0.0,0.0
2013-09-08 02:00:00,0.0,0.0,0.0,0.0,0.0,0.0
2013-09-08 03:00:00,0.0,0.0,0.0,0.0,0.0,0.0
2013-09-08 04:00:00,0.009240299235221808,0.0033015243533241158,0.022674356241190647,0.0074295152009337395,0.043583552766664396,0.01590804503938667
2013-09-08 05:00:00,0.1415575780010785,0.12095489801640573,0.17502495937090176,0.11127414737316751,0.21530713120210207,0.1617222943535115
2013-09-08 06:00:00,0.3214175236584307,0.3004309707087935,0.354106024628312,0.2571466850528542,0.39425003990837365,0.35147269101251616
2013-09-08 07:00:00,0.5007525360021522,0.48727024340499997,0.5222846601941105,0.43298013363578947,0.5488600409917347,0.5115295165603124
2013-09-08 08:00:00,0.6209440358226991,0.6214078751178089,0.6400830258511282,0.5393775968270565,0.624307417267277,0.6260308739692745
2013-09-08 09:00:00,0.6543981776145971,0.6576598272457714,0.6667977614181236,0.5876712582858125,0.6153340755975373,0.6743973893750973
2013-09-08 10:00:00,0.6717575804931981,0.677167294924314,0.6583066566852104,0.6152377438239226,0.575029459962804,0.6889323678492651
2013-09-08 11:00:00,0.6168744140673862,0.6102296192335769,0.606662563344063,0.5747150309441343,0.48166994692797854,0.6360877821267643
2013-09-08 12:00:00,0.5223676012438244,0.49642550404851854,0.5162055803256103,0.5006374467005305,0.38811166124987656,0.5540006996494699
2013-09-08 13:00:00,0.40467794995392825,0.38217315955992787,0.3791695482257228,0.3592774368759898,0.2865040709402021,0.3811618544778763
2013-09-08 14:00:00,0.24825363984000479,0.2227560272556041,0.22918155564881285,0.23557914777634476,0.1739982735874618,0.22028986586965427
2013-09-08 15:00:00,0.08650978850062259,0.07904347798705666,0.06377542802455057,0.08510306120447389,0.042321342026218525,0.0686539360797664
2013-09-08 16:00:00,0.0005633021071073819,0.002541829097553823,0.0,0.0016913891810454889,0.0,7.81301326338124e-06
2013-09-08 17:00:00,0.0,0.0,0.0,0.0,0.0,0.0
2013-09-08 18:00:00,0.0,0.0,0.0,0.0,0.0,0.0
2013-09-08 19:00:00,0.0,0.0,0.0,0.0,0.0,0.0
2013-09-08 20:00:00,0.0,0.0,0.0,0.0,0.0,0.0
2013-09-08 21:00:00,0.0,0.0,0.0,0.0,0.0,0.0
2013-09-08 22:00:00,0.0,0.0,0.0,0.0,0.0,0.0
2013-09-08 23:00:00,0.0,0.0,0.0,0.0,0.0,0.0
2013-09-09 00:00:00,0.0,0.0,0.0,0.0,0.0,0.0
2013-09-09 01:00:00,0.0,0.0,0.0,0.0,0.0,0.0
2013-09-09 02:00:00,0.0,0.0,0.0,0.0,0.0,0.0
2013-09-09 03:00:00,0.0,0.0,0.0,0.0,0.0,0.0
2013-09-09 04:00:00,0.008930189584629895,0.0034591318632049223,0.0226683347573741,0.00944656815423385,0.04463861223346774,0.014632894522491084
2013-09-09 05:00:00,0.12425002980514838,0.11284362864996622,0.17432540565333987,0.12376992894367145,0.22483520953660358,0.1482622767944489
2013-09-09 06:00:00,0.3168750305879236,0.2991564689938268,0.3711255196827996,0.2997825824202572,0.4194590976640975,0.3395936130477413
2013-09-09 07:00:00,0.4526673103871618,0.4340436308969727,0.5300409936947816,0.4283697837649328,0.5768084504300857,0.5017633597004338
2013-09-09 08:00:00,0.5905911592423089,0.5728965182657988,0.6490174426014096,0.5417580083325781,0.6736885557356759,0.6236799597628774
2013-09-09 09:00:00,0.6019031710628109,0.6027218439403181,0.6828608568191887,0.5855733777939933,0.685204361604288,0.6673648772404818
2013-09-09 10:00:00,0.6431374679068094,0.6299331356227419,0.6776594541421337,0.6025062954352776,0.6687449365551197,0.6774590224429646
2013-09-09 11:00:00,0.5673335821336878,0.5629357487929096,0.6170080057118441,0.5470923859657445,0.6003337814979082,0.6203431907931073
2013-09-09 12:00:00,0.4841077446671773,0.4587652987167517,0.5168710557347622,0.4490860218897822,0.4925941409669898,0.5157681232714697
2013-09-09 13:00:00,0.33491174682667796,0.32119504639128177,0.3759191404811483,0.3485681814894203,0.34344441537107295,0.38374932585857846
2013-09-09 14:00:00,0.19681733057651543,0.17909342175358925,0.21948943655219602,0.22241552066108675,0.18897776872941907,0.23089916530769417
2013-09-09 15:00:00,0.07018506485949591,0.06089384526800422,0.06627550600822624,0.08441118429168049,0.043901485659953936,0.07091001629450458
2013-09-09 16:00:00,0.00032167262327139343,0.0013272214459521788,0.0,0.0013295095403969867,0.0,1.2869237226727303e-08
2013-09-09 17:00:00,0.0,0.0,0.0,0.0,0.0,0.0
2013-09-09 18:00:00,0.0,0.0,0.0,0.0,0.0,0.0
2013-09-09 19:00:00,0.0,0.0,0.0,0.0,0.0,0.0
2013-09-09 20:00:00,0.0,0.0,0.0,0.0,0.0,0.0
2013-09-09 21:00:00,0.0,0.0,0.0,0.0,0.0,0.0
2013-09-09 22:00:00,0.0,0.0,0.0,0.0,0.0,0.0
2013-09-09 23:00:00,0.0,0.0,0.0,0.0,0.0,0.0
2013-09-10 00:00:00,0.0,0.0,0.0,0.0,0.0,0.0
2013-09-10 01:00:00,0.0,0.0,0.0,0.0,0.0,0.0
2013-09-10 02:00:00,0.0,0.0,0.0,0.0,0.0,0.0
2013-09-10 03:00:00,0.0,0.0,0.0,0.0,0.0,0.0
2013-09-10 04:00:00,0.0076891786273158,0.0017833422718288466,0.02241389889313757,0.01185070021921118,0.0488036840881142,0.011516265375488858
2013-09-10 05:00:00,0.120346321491619,0.07684234546027217,0.1742888608672344,0.15799434777692933,0.2324403766042659,0.1093997224247388
2013-09-10 06:00:00,0.2826427509609896,0.20829914416522696,0.3515885525515262,0.3522637056621473,0.4272266799640042,0.24808713938902055
2013-09-10 07:00:00,0.46786778299714654,0.36726537090122024,0.4791164908675436,0.5373322212620631,0.5762267981137641,0.3870919681288024
2013-09-10 08:00:00,0.6044286689996026,0.5007319383158239,0.6116559556437484,0.6397837120366213,0.6711904050922537,0.48503197934478665
2013-09-10 09:00:00,0.6641606862640205,0.5808028421091924,0.6673808371383217,0.7112844528657929,0.7151195133753604,0.5774003512423466
2013-09-10 10:00:00,0.6515154274893328,0.6113192488085901,0.6955608113134227,0.6998460295509054,0.7148007559503983,0.6120576975821589
2013-09-10 11:00:00,0.6148741303477193,0.5921821521511708,0.6538928061400474,0.673371636838492,0.6621415451340287,0.5701508138440984
2013-09-10 12:00:00,0.4963686284330173,0.47722302798844857,0.5659477425893049,0.5810480683288878,0.562438814018146,0.5068909459004187
2013-09-10 13:00:00,0.3780272811050458,0.35302625332391824,0.44286868075782315,0.44544804480414096,0.41722184062434925,0.34365044430617436
2013-09-10 14:00:00,0.22736710676260016,0.19344637672727635,0.2523741593510639,0.2832260813201266,0.23261105648344085,0.19392745080576262
2013-09-10 15:00:00,0.08284889455103368,0.07245811320622238,0.06775474010340557,0.1091380960701819,0.05149257309296971,0.05175775433064849
2013-09-10 16:00:00,0.0005241611583589845,0.002618226548071301,0.0,0.001751804793044425,0.0,3.687531624323039e-08
2013-09-10 17:00:00,0.0,0.0,0.0,0.0,0.0,0.0
2013-09-10 18:00:00,0.0,0.0,0.0,0.0,0.0,0.0
2013-09-10 19:00:00,0.0,0.0,0.0,0.0,0.0,0.0
2013-09-10 20:00:00,0.0,0.0,0.0,0.0,0.0,0.0
2013-09-10 21:00:00,0.0,0.0,0.0,0.0,0.0,0.0
2013-09-10 22:00:00,0.0,0.0,0.0,0.0,0.0,0.0
2013-09-10 23:00:00,0.0,0.0,0.0,0.0,0.0,0.0
2013-09-11 00:00:00,0.0,0.0,0.0,0.0,0.0,0.0
2013-09-11 01:00:00,0.0,0.0,0.0,0.0,0.0,0.0
2013-09-11 02:00:00,0.0,0.0,0.0,0.0,0.0,0.0
2013-09-11 03:00:00,0.0,0.0,0.0,0.0,0.0,0.0
2013-09-11 04:00:00,0.010009416542349416,0.003659911910874688,0.02537452503919003,0.0122926014583093,0.05006258275094302,0.014602542503328429
2013-09-11 05:00:00,0.15314514738987445,0.13006642064202756,0.19246514585346602,0.1618851906106248,0.23721532613465948,0.14944292705009482
2013-09-11 06:00:00,0.35494556535758653,0.32894717688449265,0.38897174208947494,0.35926076263679346,0.4305424973905029,0.3313435242183516
2013-09-11 07:00:00,0.5309055655285874,0.5186496884856422,0.54527426110362,0.5306956624871129,0.5799052454261886,0.5002301820915233
2013-09-11 08:00:00,0.64249182578263,0.647121037965693,0.65303009497797,0.6377833770771666,0.6748256102653925,0.6404330913714853
2013-09-11 09:00:00,0.6899210087639491,0.6935476935716537,0.7006040278392214,0.701356139753265,0.7172712536637894,0.6865866607192231
2013-09-11 10:00:00,0.6762506089182652,0.6908687430048602,0.6939996226600256,0.6799740569408715,0.7100095132458388,0.6793776929986819
2013-09-11 11:00:00,0.6307831319638054,0.6399961136532637,0.644588186219194,0.6253362244493954,0.6547701119610317,0.6350860656092902
2013-09-11 12:00:00,0.5440557893503707,0.5391969894664125,0.5130312345164045,0.5254699411508137,0.5550822317701927,0.5412073296529036
2013-09-11 13:00:00,0.3908814062304225,0.37223712543205917,0.40008809552153796,0.40604388652921186,0.41176523089141653,0.4002343017399916
2013-09-11 14:00:00,0.23523914123231085,0.2151393619543424,0.23486710268406427,0.24778330423081457,0.22311866815494036,0.23891593357339075
2013-09-11 15:00:00,0.0760827562253637,0.07389251454101675,0.06881323594830747,0.09104002256246942,0.04833727711397256,0.07956985582417787
2013-09-11 16:00:00,0.0002869234701468247,0.002214758613300034,0.0,0.0014668169228127929,0.0,4.976985942324958e-08
2013-09-11 17:00:00,0.0,0.0,0.0,0.0,0.0,0.0
2013-09-11 18:00:00,0.0,0.0,0.0,0.0,0.0,0.0
2013-09-11 19:00:00,0.0,0.0,0.0,0.0,0.0,0.0
2013-09-11 20:00:00,0.0,0.0,0.0,0.0,0.0,0.0
2013-09-11 21:00:00,0.0,0.0,0.0,0.0,0.0,0.0
2013-09-11 22:00:00,0.0,0.0,0.0,0.0,0.0,0.0
2013-09-11 23:00:00,0.0,0.0,0.0,0.0,0.0,0.0
2013-09-12 00:00:00,0.0,0.0,0.0,0.0,0.0,0.0
2013-09-12 01:00:00,0.0,0.0,0.0,0.0,0.0,0.0
2013-09-12 02:00:00,0.0,0.0,0.0,0.0,0.0,0.0
2013-09-12 03:00:00,0.0,0.0,0.0,0.0,0.0,0.0
2013-09-12 04:00:00,0.008653151551199006,0.00401534328527148,0.02012457003390129,0.007599620859475292,0.041501475676405816,0.016317299756479012
2013-09-12 05:00:00,0.1341923557017365,0.13148988082562696,0.1629091903553892,0.10952270815924456,0.19910563682830965,0.15987441735995686
2013-09-12 06:00:00,0.3172544540374926,0.32888826122450937,0.34422755477881556,0.270729930053775,0.3483177036300563,0.344188426134634
2013-09-12 07:00:00,0.48517230302490183,0.5064990539313271,0.4978780889698726,0.352656939383837,0.4345384452765478,0.48160556174885494
2013-09-12 08:00:00,0.5876183733383079,0.620876362510409,0.5599486046713252,0.4543452787509072,0.4956728669307677,0.588749198418847
2013-09-12 09:00:00,0.6051890754631171,0.6773799798529592,0.5871824459017805,0.533398768880547,0.5154585316207856,0.6639176371944425
2013-09-12 10:00:00,0.6392278039574972,0.6878588978685565,0.5957844772878557,0.588076239264328,0.539266165803711,0.6766449885486023
2013-09-12 11:00:00,0.5454216632330543,0.5764971193041959,0.5086130543789416,0.5746150370375612,0.5142607384566081,0.6331324445255817
2013-09-12 12:00:00,0.5017209044002734,0.5107163278777649,0.4832194981432409,0.49896470195411147,0.4568603513717307,0.5274439406109738
2013-09-12 13:00:00,0.36877694266195027,0.3620703979125219,0.3642543649088156,0.36384358608663603,0.33196943106043436,0.3840124446930738
2013-09-12 14:00:00,0.22335555946505345,0.2240810847409635,0.21066935832083528,0.24445794326174142,0.17967542760416294,0.2116496711000329
2013-09-12 15:00:00,0.07621829740747257,0.07598922655565464,0.06022037564529958,0.08649175805479732,0.03979555424140976,0.07854518910019928
2013-09-12 16:00:00,0.00021537321660525339,0.0014206172352947421,0.0,0.0013677667409842025,0.0,0.0
2013-09-12 17:00:00,0.0,0.0,0.0,0.0,0.0,0.0
2013-09-12 18:00:00,0.0,0.0,0.0,0.0,0.0,0.0
2013-09-12 19:00:00,0.0,0.0,0.0,0.0,0.0,0.0
2013-09-12 20:00:00,0.0,0.0,0.0,0.0,0.0,0.0
2013-09-12 21:00:00,0.0,0.0,0.0,0.0,0.0,0.0
2013-09-12 22:00:00,0.0,0.0,0.0,0.0,0.0,0.0
2013-09-12 23:00:00,0.0,0.0,0.0,0.0,0.0,0.0
2013-09-13 00:00:00,0.0,0.0,0.0,0.0,0.0,0.0
2013-09-13 01:00:00,0.0,0.0,0.0,0.0,0.0,0.0
2013-09-13 02:00:00,0.0,0.0,0.0,0.0,0.0,0.0
2013-09-13 03:00:00,0.0,0.0,0.0,0.0,0.0,0.0
2013-09-13 04:00:00,0.009219431512877454,0.003225598003084079,0.022071644856853364,0.008567044570228402,0.03915459711998488,0.016939938632458115
2013-09-13 05:00:00,0.129934828304135,0.11009083069502493,0.1744164923194001,0.11767326317661131,0.20032699117851133,0.16569517256575617
2013-09-13 06:00:00,0.30920393382079725,0.2923721845505156,0.35247595868993153,0.2831384100886476,0.3738030142737916,0.3537363882788376
2013-09-13 07:00:00,0.48660495199460363,0.4746313469295228,0.47665140721836324,0.44665011825996564,0.46794670493013013,0.5026614869717018
2013-09-13 08:00:00,0.5800665752488376,0.5823595272683006,0.5977140519354447,0.5605696646755302,0.573551924497939,0.6111150555845948
2013-09-13 09:00:00,0.6717548648434907,0.6666880905681122,0.6602371455933055,0.6629432344805226,0.591382590618369,0.6329400812790148
2013-09-13 10:00:00,0.6561982040807273,0.6543080026597287,0.6632288261106363,0.64754987509101,0.6368439599954596,0.637214909721577
2013-09-13 11:00:00,0.6137075536432537,0.615992053945957,0.5771890190407897,0.603658090894159,0.6104723355343922,0.6012581385545724
2013-09-13 12:00:00,0.495133282152882,0.501915383265229,0.46363768565728164,0.545763541742919,0.5244962444541779,0.5148356316244546
2013-09-13 13:00:00,0.335979747927742,0.3518151898358548,0.33348115476463985,0.40916676872479424,0.37530724902431034,0.35012448294446297
2013-09-13 14:00:00,0.20627511251233607,0.21152975952028882,0.19858439736445554,0.24002159489735994,0.20559267508529705,0.19909912440762054
2013-09-13 15:00:00,0.07600455381722324,0.07710905889740471,0.05494961117323565,0.09244203486233012,0.04219310718969087,0.06636828307012488
2013-09-13 16:00:00,0.0001881910398988753,0.0015383585619699808,0.0,0.0009264333086620257,0.0,0.0
2013-09-13 17:00:00,0.0,0.0,0.0,0.0,0.0,0.0
2013-09-13 18:00:00,0.0,0.0,0.0,0.0,0.0,0.0
2013-09-13 19:00:00,0.0,0.0,0.0,0.0,0.0,0.0
2013-09-13 20:00:00,0.0,0.0,0.0,0.0,0.0,0.0
2013-09-13 21:00:00,0.0,0.0,0.0,0.0,0.0,0.0
2013-09-13 22:00:00,0.0,0.0,0.0,0.0,0.0,0.0
2013-09-13 23:00:00,0.0,0.0,0.0,0.0,0.0,0.0
2013-09-14 00:00:00,0.0,0.0,0.0,0.0,0.0,0.0
2013-09-14 01:00:00,0.0,0.0,0.0,0.0,0.0,0.0
2013-09-14 02:00:00,0.0,0.0,0.0,0.0,0.0,0.0
2013-09-14 03:00:00,0.0,0.0,0.0,0.0,0.0,0.0
2013-09-14 04:00:00,0.010121245334219658,0.0031003376905860427,0.025168789156635774,0.012682677436775706,0.045969595453528446,0.01574582306844858
2013-09-14 05:00:00,0.15536148753146264,0.12296295016085555,0.18876403486043902,0.160017933774171,0.2240667039474058,0.15364002536797497
2013-09-14 06:00:00,0.35347433414522267,0.316094794754782,0.37880558900957323,0.36802115249325174,0.41025799317492073,0.3350346197528534
2013-09-14 07:00:00,0.5087783257592791,0.48236661016668886,0.5200358823105623,0.5295392270303764,0.554835117003709,0.4753275767248114
2013-09-14 08:00:00,0.6060404060793684,0.6033323291561115,0.6227565155751887,0.6478800584789106,0.6433255342921103,0.6032564020326321
2013-09-14 09:00:00,0.674095653040794,0.6576981283596861,0.6741180935456081,0.7093057008473969,0.6729592411274121,0.6601796079409878
2013-09-14 10:00:00,0.6572020535752339,0.6685363327741709,0.6774825646673743,0.7044097217872606,0.6697320146000942,0.6651092827513178
2013-09-14 11:00:00,0.6253008070226425,0.619345590319639,0.6238918728187226,0.6596728757352023,0.5921810522209876,0.5887093839529727
2013-09-14 12:00:00,0.4830823386974602,0.4806449203923267,0.5200435124361883,0.5466271423129865,0.502670687844607,0.5142366937625984
2013-09-14 13:00:00,0.3745121368495214,0.36393934911510695,0.3832945474816243,0.4153947535661865,0.3622210078916222,0.3778658588281184
2013-09-14 14:00:00,0.22292448857978425,0.20749669913095564,0.22959508257459685,0.23097335820667525,0.19743994006925317,0.22902327361581057
2013-09-14 15:00:00,0.07780317281068626,0.06996225706605985,0.0608830674417736,0.07306819192857224,0.04130530333846564,0.0710316539327976
2013-09-14 16:00:00,9.796138155580595e-05,0.0014039780835506256,0.0,0.0009632742522494736,0.0,0.0
2013-09-14 17:00:00,0.0,0.0,0.0,0.0,0.0,0.0
2013-09-14 18:00:00,0.0,0.0,0.0,0.0,0.0,0.0
2013-09-14 19:00:00,0.0,0.0,0.0,0.0,0.0,0.0
2013-09-14 20:00:00,0.0,0.0,0.0,0.0,0.0,0.0
2013-09-14 21:00:00,0.0,0.0,0.0,0.0,0.0,0.0
2013-09-14 22:00:00,0.0,0.0,0.0,0.0,0.0,0.0
2013-09-14 23:00:00,0.0,0.0,0.0,0.0,0.0,0.0
2013-09-15 00:00:00,0.0,0.0,0.0,0.0,0.0,0.0
2013-09-15 01:00:00,0.0,0.0,0.0,0.0,0.0,0.0
2013-09-15 02:00:00,0.0,0.0,0.0,0.0,0.0,0.0
2013-09-15 03:00:00,0.0,0.0,0.0,0.0,0.0,0.0
2013-09-15 04:00:00,0.010151012640876035,0.0038410049234061903,0.02184193673496699,0.01238379589177032,0.042050358274399395,0.016178693419813386
2013-09-15 05:00:00,0.14029004270799292,0.12065587032782785,0.14922446254581964,0.15389972386500475,0.20478722058372267,0.15730176889585687
2013-09-15 06:00:00,0.3356683346391944,0.3017236953727878,0.3208380005997411,0.34469705673308654,0.3859042463788235,0.3481189207688607
2013-09-15 07:00:00,0.4981600648223009,0.4959206570625337,0.4564501960090314,0.49388152441108557,0.5328516230223138,0.5152576575928927
2013-09-15 08:00:00,0.6199770165032313,0.6162186179080141,0.5731998182638708,0.6059501086993409,0.6357895902774009,0.6213480889723474
2013-09-15 09:00:00,0.6268425814217446,0.6582362785913691,0.6160518070565276,0.6671723478203576,0.6832751317239641,0.6830338922002366
2013-09-15 10:00:00,0.6564140721370184,0.6913935495068924,0.587856727132319,0.6728187277544562,0.6557541341780871,0.6651473516511452
2013-09-15 11:00:00,0.5955677872430335,0.619886523725107,0.5214257190139799,0.6328814561969671,0.5978449004139302,0.5983430424899183
2013-09-15 12:00:00,0.4733985013537179,0.5009022694451349,0.46758516112317894,0.5256988052174925,0.49983228329408597,0.525005871217078
2013-09-15 13:00:00,0.35100122881100726,0.37970477674870795,0.3336356401136024,0.4084970680067818,0.3481295718903192,0.37363643114
2013-09-15 14:00:00,0.1929588950816938,0.20815488224458792,0.18003315720469124,0.2424183982493543,0.1815573502830197,0.2316892490088043
2013-09-15 15:00:00,0.05563824427292432,0.06672767522540102,0.044895423093068876,0.07716491805776361,0.03486240885790268,0.06961884472325813
2013-09-15 16:00:00,7.449540206433835e-05,0.0010089111885938742,0.0,0.000777423884928878,0.0,0.0
2013-09-15 17:00:00,0.0,0.0,0.0,0.0,0.0,0.0
2013-09-15 18:00:00,0.0,0.0,0.0,0.0,0.0,0.0
2013-09-15 19:00:00,0.0,0.0,0.0,0.0,0.0,0.0
2013-09-15 20:00:00,0.0,0.0,0.0,0.0,0.0,0.0
2013-09-15 21:00:00,0.0,0.0,0.0,0.0,0.0,0.0
2013-09-15 22:00:00,0.0,0.0,0.0,0.0,0.0,0.0
2013-09-15 23:00:00,0.0,0.0,0.0,0.0,0.0,0.0
2013-09-16 00:00:00,0.0,0.0,0.0,0.0,0.0,0.0
2013-09-16 01:00:00,0.0,0.0,0.0,0.0,0.0,0.0
2013-09-16 02:00:00,0.0,0.0,0.0,0.0,0.0,0.0
2013-09-16 03:00:00,0.0,0.0,0.0,0.0,0.0,0.0
2013-09-16 04:00:00,0.010235034721217513,0.0036305685270419073,0.022470109270416923,0.010883229946309726,0.04794960827436609,0.018222023742516386
2013-09-16 05:00:00,0.13285626492166866,0.12227349982816459,0.16074930216427874,0.1388585958493542,0.2217633310789782,0.17056160549422292
2013-09-16 06:00:00,0.31019081198429144,0.31356634204069894,0.34141740751370514,0.32129638188223664,0.40599212931037326,0.36696787540661097
2013-09-16 07:00:00,0.4679608955743019,0.49307912452383484,0.4910129994114378,0.43881806368970566,0.5409424238403234,0.5161506627004496
2013-09-16 08:00:00,0.5429656635642061,0.5829225225242953,0.5659824785270997,0.5448504659445964,0.613840121676335,0.6258733085880961
2013-09-16 09:00:00,0.6673153343949224,0.6698979773780945,0.624703091770972,0.6189879509363851,0.6494165010036235,0.6630467506117101
2013-09-16 10:00:00,0.6556300016266207,0.6796391746944844,0.6346340922605423,0.625383580747651,0.6208722453609219,0.6638273472217003
2013-09-16 11:00:00,0.6019081483838055,0.6309885346878448,0.5681299749668225,0.6001432861853021,0.5524213834502725,0.6049010807605901
2013-09-16 12:00:00,0.4731809872191256,0.508894552017586,0.44602668239169374,0.48479672502889554,0.44407160879052493,0.46740204567871035
2013-09-16 13:00:00,0.3316996325186343,0.3641403241232298,0.35017464574639995,0.3434006417778917,0.292563071164922,0.35337936146659776
2013-09-16 14:00:00,0.18275851194013704,0.21335275574854373,0.19619398243597716,0.20540642393946243,0.15769854327329647,0.22199954974816102
2013-09-16 15:00:00,0.0662096286113573,0.08137338937547425,0.0513188316552344,0.0763007372546449,0.03220795723913191,0.07397383082268384
2013-09-16 16:00:00,7.029755961281032e-05,0.0010188634661938503,0.0,0.000781092258882198,0.0,0.0
2013-09-16 17:00:00,0.0,0.0,0.0,0.0,0.0,0.0
2013-09-16 18:00:00,0.0,0.0,0.0,0.0,0.0,0.0
2013-09-16 19:00:00,0.0,0.0,0.0,0.0,0.0,0.0
2013-09-16 20:00:00,0.0,0.0,0.0,0.0,0.0,0.0
2013-09-16 21:00:00,0.0,0.0,0.0,0.0,0.0,0.0
2013-09-16 22:00:00,0.0,0.0,0.0,0.0,0.0,0.0
2013-09-16 23:00:00,0.0,0.0,0.0,0.0,0.0,0.0
2013-09-17 00:00:00,0.0,0.0,0.0,0.0,0.0,0.0
2013-09-17 01:00:00,0.0,0.0,0.0,0.0,0.0,0.0
2013-09-17 02:00:00,0.0,0.0,0.0,0.0,0.0,0.0
2013-09-17 03:00:00,0.0,0.0,0.0,0.0,0.0,0.0
2013-09-17 04:00:00,0.009570150902002188,0.003992273128985027,0.026206247850644043,0.007471713775531232,0.047156954619473355,0.019008747914173552
2013-09-17 05:00:00,0.12762953794897453,0.12409116502658014,0.18272534350532318,0.10784037676353252,0.2198289901440952,0.17631992167572172
2013-09-17 06:00:00,0.3231420698279849,0.3252946501323559,0.3826576528031752,0.26719405959476106,0.4067992786650407,0.37722283022090114
2013-09-17 07:00:00,0.490398156636641,0.5007159857451126,0.5317720080116145,0.40067565534514754,0.5349316643582201,0.5382615744365323
2013-09-17 08:00:00,0.6017269529449161,0.6209174730567075,0.6244740791418237,0.5269918479200674,0.621504178430801,0.6487979938617235
2013-09-17 09:00:00,0.6928097822835433,0.6879921510467617,0.6691632457999169,0.5932364667362343,0.6689964980896111,0.6878971236226558
2013-09-17 10:00:00,0.6537298811235749,0.6982497347547212,0.6493559237489882,0.5777971989241288,0.6661053700226903,0.6772712793795816
2013-09-17 11:00:00,0.5975947385850346,0.6467129116907578,0.5948896842335201,0.5212397011418715,0.6056703907535307,0.6305557058500506
2013-09-17 12:00:00,0.5180248816583187,0.5316365792800314,0.49464869037450165,0.42772809786565064,0.5012892392831272,0.5030288990781834
2013-09-17 13:00:00,0.36452798249306445,0.3898878303871606,0.3766686242815445,0.349135177401543,0.3675633099675781,0.3876323575741994
2013-09-17 14:00:00,0.22570082223290552,0.2214343867443307,0.21382159863519198,0.22283493285784228,0.19734921179083906,0.22713523774011787
2013-09-17 15:00:00,0.06966254087473142,0.08201744342117694,0.056334436125637814,0.07085202590748586,0.03838661982714812,0.07157930595126627
2013-09-17 16:00:00,2.312358730180651e-05,0.00042711564864725244,0.0,0.00043610615762776123,0.0,0.0
2013-09-17 17:00:00,0.0,0.0,0.0,0.0,0.0,0.0
2013-09-17 18:00:00,0.0,0.0,0.0,0.0,0.0,0.0
2013-09-17 19:00:00,0.0,0.0,0.0,0.0,0.0,0.0
2013-09-17 20:00:00,0.0,0.0,0.0,0.0,0.0,0.0
2013-09-17 21:00:00,0.0,0.0,0.0,0.0,0.0,0.0
2013-09-17 22:00:00,0.0,0.0,0.0,0.0,0.0,0.0
2013-09-17 23:00:00,0.0,0.0,0.0,0.0,0.0,0.0
2013-09-18 00:00:00,0.0,0.0,0.0,0.0,0.0,0.0
2013-09-18 01:00:00,0.0,0.0,0.0,0.0,0.0,0.0
2013-09-18 02:00:00,0.0,0.0,0.0,0.0,0.0,0.0
2013-09-18 03:00:00,0.0,0.0,0.0,0.0,0.0,0.0
2013-09-18 04:00:00,0.010681077859692077,0.0033373046882453133,0.024498894362386347,0.006518609520118814,0.04018433432159091,0.018573470589743606
2013-09-18 05:00:00,0.14071572861950069,0.12734017753041924,0.15727666921488087,0.0969441539660466,0.16748752383201507,0.17335286675538042
2013-09-18 06:00:00,0.3311823634871161,0.3262860550465212,0.3147838400259416,0.24493713735532002,0.3041064107849735,0.36527902767436554
2013-09-18 07:00:00,0.5214724372888133,0.4910804434961023,0.46131447751674126,0.3784413526634659,0.39165730015767375,0.5122704717091441
2013-09-18 08:00:00,0.6294441018822389,0.6041201790609564,0.5395082418389867,0.4805282876568556,0.5091090105047721,0.6168232526712063
2013-09-18 09:00:00,0.6431440491607501,0.66382637200768,0.5589442145128126,0.5214150524719767,0.5589138952877304,0.6350281451088363
2013-09-18 10:00:00,0.6552702557334334,0.6886408654994903,0.5796597060214274,0.5268999895610671,0.5617123132343713,0.6464389813634852
2013-09-18 11:00:00,0.6101417621398784,0.6446985118741265,0.5567692194720395,0.49019469225928275,0.5316187074247739,0.5831544759714791
2013-09-18 12:00:00,0.49343439262021155,0.5252279650166748,0.49720592114242546,0.4285629520251621,0.4654503866239243,0.5216605181766487
2013-09-18 13:00:00,0.39976503087643,0.39827832439372607,0.38344412510547426,0.3180249725568413,0.3572732197832431,0.38623902913761576
2013-09-18 14:00:00,0.2087155764640674,0.2237896731406044,0.22182521207605135,0.173183057592493,0.18543353827857376,0.23647798962951677
2013-09-18 15:00:00,0.07625431781093535,0.08455962646206622,0.059864993831664895,0.06815685242809454,0.03800164473790379,0.07065160512611773
2013-09-18 16:00:00,5.4004130292898574e-05,0.0010910298140533658,0.0,0.0005801624653782356,0.0,0.0
2013-09-18 17:00:00,0.0,0.0,0.0,0.0,0.0,0.0
2013-09-18 18:00:00,0.0,0.0,0.0,0.0,0.0,0.0
2013-09-18 19:00:00,0.0,0.0,0.0,0.0,0.0,0.0
2013-09-18 20:00:00,0.0,0.0,0.0,0.0,0.0,0.0
2013-09-18 21:00:00,0.0,0.0,0.0,0.0,0.0,0.0
2013-09-18 22:00:00,0.0,0.0,0.0,0.0,0.0,0.0
2013-09-18 23:00:00,0.0,0.0,0.0,0.0,0.0,0.0
2013-09-19 00:00:00,0.0,0.0,0.0,0.0,0.0,0.0
2013-09-19 01:00:00,0.0,0.0,0.0,0.0,0.0,0.0
2013-09-19 02:00:00,0.0,0.0,0.0,0.0,0.0,0.0
2013-09-19 03:00:00,0.0,0.0,0.0,0.0,0.0,0.0
2013-09-19 04:00:00,0.012956777604649913,0.004598480488767437,0.029043800613811715,0.01035708246895195,0.04890286839741014,0.019313849969053807
2013-09-19 05:00:00,0.1562426636917727,0.12543529912895335,0.18931695525981437,0.12806202463555064,0.21609310662963857,0.17637429638549665
2013-09-19 06:00:00,0.3470708097805497,0.3073960142724226,0.3849116590879035,0.2948776293322283,0.4040432715320915,0.3733142472734622
2013-09-19 07:00:00,0.5094632429939288,0.503668709348917,0.5202932236482257,0.444714284433912,0.555295908050965,0.5310434584532376
2013-09-19 08:00:00,0.6113222431106384,0.6294696317150122,0.5995663368063684,0.5370522033473593,0.6438581872664912,0.631763104739415
2013-09-19 09:00:00,0.676332914178663,0.6867246795094697,0.6510928409558915,0.5571100311686177,0.633020996495005,0.6768527468580876
2013-09-19 10:00:00,0.6470713033351327,0.6614878858521296,0.6232236084214403,0.5335232351435595,0.6169573902090824,0.6463568277647482
2013-09-19 11:00:00,0.5933090080037584,0.6261408652819392,0.6015638224279606,0.5120120748598903,0.610587205956578,0.6282895120564492
2013-09-19 12:00:00,0.5079226638442665,0.5401540795543888,0.4995060483774746,0.46445940137474095,0.5069510374332807,0.5093245793092072
2013-09-19 13:00:00,0.37124710869904737,0.36695379744269707,0.3601035825143778,0.35509622895727583,0.3616979051272092,0.3705705936435142
2013-09-19 14:00:00,0.1921943674836852,0.21248091518785525,0.20268243363501648,0.2147685013190997,0.1940552672585363,0.22047690042319942
2013-09-19 15:00:00,0.0731445647980673,0.07851288422135395,0.05461475456144744,0.0782202146670555,0.0364166682672393,0.0711701732570242
2013-09-19 16:00:00,1.3607789847234843e-05,0.0007489359822436707,0.0,0.0004437579900566625,0.0,0.0
2013-09-19 17:00:00,0.0,0.0,0.0,0.0,0.0,0.0
2013-09-19 18:00:00,0.0,0.0,0.0,0.0,0.0,0.0
2013-09-19 19:00:00,0.0,0.0,0.0,0.0,0.0,0.0
2013-09-19 20:00:00,0.0,0.0,0.0,0.0,0.0,0.0
2013-09-19 21:00:00,0.0,0.0,0.0,0.0,0.0,0.0
2013-09-19 22:00:00,0.0,0.0,0.0,0.0,0.0,0.0
2013-09-19 23:00:00,0.0,0.0,0.0,0.0,0.0,0.0
2013-09-20 00:00:00,0.0,0.0,0.0,0.0,0.0,0.0
2013-09-20 01:00:00,0.0,0.0,0.0,0.0,0.0,0.0
2013-09-20 02:00:00,0.0,0.0,0.0,0.0,0.0,0.0
2013-09-20 03:00:00,0.0,0.0,0.0,0.0,0.0,0.0
2013-09-20 04:00:00,0.012317005398624856,0.005034374488339335,0.028717511666782335,0.012149608728212469,0.05314699595176477,0.01596832091615816
2013-09-20 05:00:00,0.1511051326371527,0.13754314166099138,0.19417219549376719,0.14635374419742114,0.24274215445413058,0.15406100966715697
2013-09-20 06:00:00,0.36528347753676993,0.34431475670889305,0.39526618064202407,0.33646866617040283,0.4372457570284561,0.3518425565752129
2013-09-20 07:00:00,0.5485077842182847,0.5122121505254438,0.5512956370067146,0.47125447267334974,0.587797208090471,0.4830809522918009
2013-09-20 08:00:00,0.630451695659223,0.6460589603292719,0.6301408624403323,0.548459759919665,0.6697290216781902,0.6006451365208768
2013-09-20 09:00:00,0.66838078317901,0.6904628755654786,0.6726572289140665,0.6006016435088282,0.6989325587819106,0.6379993467490528
2013-09-20 10:00:00,0.6548143223215969,0.6606235899469559,0.6485520102213755,0.5724618102824515,0.6592326936320314,0.6468143044065333
2013-09-20 11:00:00,0.5990047511380343,0.6161929810204375,0.6062299898229654,0.5634618686983088,0.5987266219108023,0.6039602373486749
2013-09-20 12:00:00,0.50016412753808,0.48281568140124437,0.4757140269630464,0.4847900930597823,0.484932698773504,0.4788570384213547
2013-09-20 13:00:00,0.39830807983705635,0.3778076005523556,0.35441011585854193,0.39012179686784965,0.34607102159348124,0.36698260574178576
2013-09-20 14:00:00,0.22266465653234457,0.21215535877422403,0.20599996051012107,0.23699885366095946,0.18391543636461796,0.2221840741864042
2013-09-20 15:00:00,0.07732107440017177,0.07019974677231693,0.05700970960258675,0.08265564190672228,0.035518531425246004,0.07293640088423463
2013-09-20 16:00:00,1.3789586430058413e-05,0.0005588768189432515,0.0,0.0004686930947370677,0.0,0.0
2013-09-20 17:00:00,0.0,0.0,0.0,0.0,0.0,0.0
2013-09-20 18:00:00,0.0,0.0,0.0,0.0,0.0,0.0
2013-09-20 19:00:00,0.0,0.0,0.0,0.0,0.0,0.0
2013-09-20 20:00:00,0.0,0.0,0.0,0.0,0.0,0.0
2013-09-20 21:00:00,0.0,0.0,0.0,0.0,0.0,0.0
2013-09-20 22:00:00,0.0,0.0,0.0,0.0,0.0,0.0
2013-09-20 23:00:00,0.0,0.0,0.0,0.0,0.0,0.0
2013-09-21 00:00:00,0.0,0.0,0.0,0.0,0.0,0.0
2013-09-21 01:00:00,0.0,0.0,0.0,0.0,0.0,0.0
2013-09-21 02:00:00,0.0,0.0,0.0,0.0,0.0,0.0
2013-09-21 03:00:00,0.0,0.0,0.0,0.0,0.0,0.0
2013-09-21 04:00:00,0.01432053584672425,0.004989190876074138,0.030352876340871107,0.01301759137297753,0.05592687422549284,0.020435348229364984
2013-09-21 05:00:00,0.16797011101121737,0.13663266275457805,0.20148975305510272,0.14635144349666307,0.24309784605410945,0.18335393385329515
2013-09-21 06:00:00,0.37193274436611823,0.3270391294832545,0.3817788510404196,0.3171254273924126,0.433243736428014,0.38184287112562326
2013-09-21 07:00:00,0.49854329243713674,0.48271043517425144,0.5285853139555614,0.44676335682959806,0.5579747162147383,0.5381967580831355
2013-09-21 08:00:00,0.6153104964097962,0.594350405011578,0.6124539829159853,0.5875680034133383,0.6655775778203706,0.6395753355192711
2013-09-21 09:00:00,0.6692865445272723,0.6748198137204873,0.6535748720658172,0.6276820651169391,0.7010846943921191,0.6708598802323976
2013-09-21 10:00:00,0.6054652594363101,0.674330637916032,0.5828186979616252,0.6166170860489185,0.685458820937595,0.6542018206325798
2013-09-21 11:00:00,0.5749727114115473,0.5914727069702668,0.5182346247751846,0.5743235599932727,0.6114207084397324,0.5780667909555833
2013-09-21 12:00:00,0.4966699226816451,0.48131847378081516,0.4221820159980455,0.4942774992620151,0.49285764478988264,0.48636886289905557
2013-09-21 13:00:00,0.3911240035386527,0.38560331193504976,0.32627922821320154,0.40251129280063097,0.34897833129461653,0.362576366712627
2013-09-21 14:00:00,0.2345201778085077,0.21688236062368696,0.17820866655033965,0.22878332926892914,0.17427815819421555,0.2255995624245525
2013-09-21 15:00:00,0.07100776790001341,0.0625258728196413,0.046187762527979404,0.07856028583296198,0.030996925971324328,0.06713742724255117
2013-09-21 16:00:00,0.0,0.0005307271626201434,0.0,0.0003116106636811953,0.0,0.0
2013-09-21 17:00:00,0.0,0.0,0.0,0.0,0.0,0.0
2013-09-21 18:00:00,0.0,0.0,0.0,0.0,0.0,0.0
2013-09-21 19:00:00,0.0,0.0,0.0,0.0,0.0,0.0
2013-09-21 20:00:00,0.0,0.0,0.0,0.0,0.0,0.0
2013-09-21 21:00:00,0.0,0.0,0.0,0.0,0.0,0.0
2013-09-21 22:00:00,0.0,0.0,0.0,0.0,0.0,0.0
2013-09-21 23:00:00,0.0,0.0,0.0,0.0,0.0,0.0
2013-09-22 00:00:00,0.0,0.0,0.0,0.0,0.0,0.0
2013-09-22 01:00:00,0.0,0.0,0.0,0.0,0.0,0.0
2013-09-22 02:00:00,0.0,0.0,0.0,0.0,0.0,0.0
2013-09-22 03:00:00,0.0,0.0,0.0,0.0,0.0,0.0
2013-09-22 04:00:00,0.014014321706739191,0.005329509222160328,0.026985681979063706,0.008866289291276109,0.04606960245561908,0.01862886275203422
2013-09-22 05:00:00,0.16110205989442117,0.14138333067751885,0.18811433314649664,0.10439933155799813,0.20920137544643994,0.1765137103622501
2013-09-22 06:00:00,0.35856108013550453,0.3484728841543073,0.376412215249963,0.2543029794976729,0.36580090079868305,0.3763752916638802
2013-09-22 07:00:00,0.5361087460869015,0.5306670746914491,0.5410285252280882,0.3683853921845224,0.49280462267285985,0.5391111044546906
2013-09-22 08:00:00,0.6328166959950602,0.6602925580263388,0.6222414093957691,0.48246963884727206,0.6055504577049234,0.6575780927575064
2013-09-22 09:00:00,0.6335744090270039,0.6993449500077502,0.6174519312189795,0.523820132427954,0.6404369753134884,0.6936115087243139
2013-09-22 10:00:00,0.6530670776396044,0.7020584970181413,0.6027277125511532,0.5332917500321264,0.6430312317944132,0.6960638260175039
2013-09-22 11:00:00,0.6152743605294947,0.654345882019736,0.5697517561595069,0.5057755970965571,0.5937157794608681,0.6195202089697718
2013-09-22 12:00:00,0.5184168936607807,0.5570275008071649,0.4906660577410807,0.44505133247687323,0.48227308179055123,0.5047310465077536
2013-09-22 13:00:00,0.3947035982317988,0.4049646397849728,0.3508829851360295,0.360748639609403,0.3465297060434945,0.3936821911278506
2013-09-22 14:00:00,0.21419118452090596,0.2453966285787501,0.1859149684115912,0.20640132900670602,0.17339720284551213,0.2292900615099779
2013-09-22 15:00:00,0.07881177510289523,0.09765104528454105,0.0464825478780503,0.08113586529985828,0.028376090903548423,0.06909884685663428
2013-09-22 16:00:00,0.0,0.0005261990772962209,0.0,0.0003501470645929185,0.0,0.0
2013-09-22 17:00:00,0.0,0.0,0.0,0.0,0.0,0.0
2013-09-22 18:00:00,0.0,0.0,0.0,0.0,0.0,0.0
2013-09-22 19:00:00,0.0,0.0,0.0,0.0,0.0,0.0
2013-09-22 20:00:00,0.0,0.0,0.0,0.0,0.0,0.0
2013-09-22 21:00:00,0.0,0.0,0.0,0.0,0.0,0.0
2013-09-22 22:00:00,0.0,0.0,0.0,0.0,0.0,0.0
2013-09-22 23:00:00,0.0,0.0,0.0,0.0,0.0,0.0
2013-09-23 00:00:00,0.0,0.0,0.0,0.0,0.0,0.0
2013-09-23 01:00:00,0.0,0.0,0.0,0.0,0.0,0.0
2013-09-23 02:00:00,0.0,0.0,0.0,0.0,0.0,0.0
2013-09-23 03:00:00,0.0,0.0,0.0,0.0,0.0,0.0
2013-09-23 04:00:00,0.014985633949813804,0.005404546626742941,0.025536194189792073,0.00813523215309988,0.03281385660067918,0.019654868367078904
2013-09-23 05:00:00,0.17078578204641215,0.14141021831082015,0.18010498967590946,0.12121656429685083,0.1559534607371807,0.17682558900120524
2013-09-23 06:00:00,0.3668549006703714,0.32915639753428383,0.3445554642631826,0.2621679346186807,0.2930863865396023,0.37159305547035565
2013-09-23 07:00:00,0.5331057107848393,0.4878933988463228,0.462997837305891,0.4156945509277445,0.38404591825379536,0.5215541740174371
2013-09-23 08:00:00,0.627164872398196,0.6147547968960759,0.5776082490330812,0.4955886409852733,0.49834698216443374,0.6492194925169964
2013-09-23 09:00:00,0.6796758236309522,0.6691241057623474,0.6404327645083229,0.5726374042793516,0.5536804909850337,0.6690874638630832
2013-09-23 10:00:00,0.6549600081001167,0.6716210292060184,0.609467122399557,0.5817726336000008,0.5367000242574876,0.6387527119961555
2013-09-23 11:00:00,0.6061598109640381,0.6406106469732589,0.5683092051875652,0.5561213138930133,0.5193288628861527,0.5982809414856578
2013-09-23 12:00:00,0.4841567786090842,0.5233805021821304,0.4500620713236915,0.46731172746495936,0.42032791078234116,0.5151869957380487
2013-09-23 13:00:00,0.3501308129443804,0.37094147545127487,0.3121683287898581,0.34989592264559666,0.29928800304590203,0.3850865949185022
2013-09-23 14:00:00,0.2255792536495655,0.22611263394426614,0.1587982775111998,0.22504666537205864,0.16650811050739223,0.2025580355316331
2013-09-23 15:00:00,0.07150355479391651,0.07530981779927332,0.04369536537420836,0.07479381059782358,0.03163270933369707,0.06616375995683488
2013-09-23 16:00:00,0.0,0.0003000195534779297,0.0,0.00034939219839424837,0.0,0.0
2013-09-23 17:00:00,0.0,0.0,0.0,0.0,0.0,0.0
2013-09-23 18:00:00,0.0,0.0,0.0,0.0,0.0,0.0
2013-09-23 19:00:00,0.0,0.0,0.0,0.0,0.0,0.0
2013-09-23 20:00:00,0.0,0.0,0.0,0.0,0.0,0.0
2013-09-23 21:00:00,0.0,0.0,0.0,0.0,0.0,0.0
2013-09-23 22:00:00,0.0,0.0,0.0,0.0,0.0,0.0
2013-09-23 23:00:00,0.0,0.0,0.0,0.0,0.0,0.0
2013-09-24 00:00:00,0.0,0.0,0.0,0.0,0.0,0.0
2013-09-24 01:00:00,0.0,0.0,0.0,0.0,0.0,0.0
2013-09-24 02:00:00,0.0,0.0,0.0,0.0,0.0,0.0
2013-09-24 03:00:00,0.0,0.0,0.0,0.0,0.0,0.0
2013-09-24 04:00:00,0.010205681255827485,0.004811556141347883,0.018817148779511066,0.007707226873547579,0.04284252954898208,0.019486583120530598
2013-09-24 05:00:00,0.13476753152180293,0.12769941119402856,0.1561917986839854,0.10824810380885073,0.20269763311220892,0.17055115723596037
2013-09-24 06:00:00,0.30436664614502096,0.30664725522161623,0.32953411581046116,0.23158249829731792,0.36922522969731564,0.3593612404070145
2013-09-24 07:00:00,0.41873373073453274,0.48539192504230966,0.4619975195775628,0.32854031817228896,0.4987734081613733,0.4892437468137577
2013-09-24 08:00:00,0.5408791446339714,0.5799805665699159,0.5630027473032442,0.4117533615933141,0.6044310175947433,0.5991170769418391
2013-09-24 09:00:00,0.6127628099965209,0.6541633538708991,0.6309447152565294,0.48984347630239217,0.6391977067447191,0.6530049869937731
2013-09-24 10:00:00,0.5934840972597476,0.6423628429478002,0.6625160921729613,0.47372664465251757,0.6554098339785488,0.6416496846509442
2013-09-24 11:00:00,0.5875976717650222,0.6198893823990081,0.5925705641636179,0.45266518329066324,0.5965147751570407,0.5924059251512334
2013-09-24 12:00:00,0.49101123619722975,0.5042129924517976,0.46868910608317604,0.37531953170702226,0.4781372734915588,0.4918751986102803
2013-09-24 13:00:00,0.35515122180799036,0.34470717195344136,0.3346618330956093,0.2927557337126175,0.3185117864990806,0.3772897152245672
2013-09-24 14:00:00,0.19466817711315887,0.21048896020664248,0.17555561854726798,0.19514553131219659,0.15944286358191365,0.21034971600372643
2013-09-24 15:00:00,0.06299549213369865,0.07364865228929438,0.045593209601659974,0.07077188158387722,0.03000606765805479,0.06820315848938431
2013-09-24 16:00:00,0.0,0.00019208336653399522,0.0,0.0002929136927826577,0.0,0.0
2013-09-24 17:00:00,0.0,0.0,0.0,0.0,0.0,0.0
2013-09-24 18:00:00,0.0,0.0,0.0,0.0,0.0,0.0
2013-09-24 19:00:00,0.0,0.0,0.0,0.0,0.0,0.0
2013-09-24 20:00:00,0.0,0.0,0.0,0.0,0.0,0.0
2013-09-24 21:00:00,0.0,0.0,0.0,0.0,0.0,0.0
2013-09-24 22:00:00,0.0,0.0,0.0,0.0,0.0,0.0
2013-09-24 23:00:00,0.0,0.0,0.0,0.0,0.0,0.0
2013-09-25 00:00:00,0.0,0.0,0.0,0.0,0.0,0.0
2013-09-25 01:00:00,0.0,0.0,0.0,0.0,0.0,0.0
2013-09-25 02:00:00,0.0,0.0,0.0,0.0,0.0,0.0
2013-09-25 03:00:00,0.0,0.0,0.0,0.0,0.0,0.0
2013-09-25 04:00:00,0.014775430148925708,0.005113442141720679,0.031138429163892953,0.0152941728876942,0.05814433113706252,0.02001765031039666
2013-09-25 05:00:00,0.16297359625838045,0.14120999598701914,0.20312482263067938,0.16472802651002091,0.24166126911707925,0.18484021810667406
2013-09-25 06:00:00,0.3640693866061076,0.3419166845375383,0.3955805400226007,0.3374261970975219,0.42564874152063226,0.37952225696111996
2013-09-25 07:00:00,0.4889694598798685,0.5037540417623682,0.5342954172387508,0.4708723530381912,0.5515712687453999,0.5369201207657579
2013-09-25 08:00:00,0.6084167966750483,0.6233491274479926,0.6166382416865269,0.546559371956032,0.6434847607262252,0.6502689185244998
2013-09-25 09:00:00,0.6184274197137349,0.6641505357801549,0.602440493195689,0.5589123863083965,0.669296566697991,0.6957870672827318
2013-09-25 10:00:00,0.655816498890499,0.678113917442932,0.606398254781504,0.5747473997475051,0.6405852210847571,0.6869133917633022
2013-09-25 11:00:00,0.561465905671877,0.6291160222443483,0.5345631878396423,0.5551201509422887,0.5807643014843918,0.6094630074262384
2013-09-25 12:00:00,0.4799962059848859,0.5164267429733019,0.4447633979153564,0.468047546919262,0.44958760788541074,0.5117525042661565
2013-09-25 13:00:00,0.36235040605931945,0.3927979643560806,0.3241242326434468,0.3702023989416813,0.306496640101786,0.3799887639668059
2013-09-25 14:00:00,0.22193916045585468,0.23401095384278583,0.17837246445959026,0.21682247289475745,0.15752708396049447,0.2280969176180802
2013-09-25 15:00:00,0.06882449510108328,0.08295450760946708,0.04623716327801244,0.0715963992647154,0.029952214257407565,0.06625104719387293
2013-09-25 16:00:00,0.0,6.762895342721073e-05,0.0,0.00015497362096418316,0.0,0.0
2013-09-25 17:00:00,0.0,0.0,0.0,0.0,0.0,0.0
2013-09-25 18:00:00,0.0,0.0,0.0,0.0,0.0,0.0
2013-09-25 19:00:00,0.0,0.0,0.0,0.0,0.0,0.0
2013-09-25 20:00:00,0.0,0.0,0.0,0.0,0.0,0.0
2013-09-25 21:00:00,0.0,0.0,0.0,0.0,0.0,0.0
2013-09-25 22:00:00,0.0,0.0,0.0,0.0,0.0,0.0
2013-09-25 23:00:00,0.0,0.0,0.0,0.0,0.0,0.0
2013-09-26 00:00:00,0.0,0.0,0.0,0.0,0.0,0.0
2013-09-26 01:00:00,0.0,0.0,0.0,0.0,0.0,0.0
2013-09-26 02:00:00,0.0,0.0,0.0,0.0,0.0,0.0
2013-09-26 03:00:00,0.0,0.0,0.0,0.0,0.0,0.0
2013-09-26 04:00:00,0.01317153872369053,0.005286941466828755,0.029246576870277673,0.01246353964772689,0.05417634238501969,0.021276054528494712
2013-09-26 05:00:00,0.15805306228341867,0.12549992995809076,0.17803954493684715,0.13975648986152384,0.23157673968363754,0.1810478852452474
2013-09-26 06:00:00,0.34078304034407136,0.3047446610667543,0.38260005236391653,0.31640299548508777,0.42946850862421765,0.3811817313442859
2013-09-26 07:00:00,0.4663718874152256,0.4838126606832017,0.5275435457573399,0.4153609750796766,0.5653809409794087,0.5500589265988317
2013-09-26 08:00:00,0.5659721839836368,0.6065798156391928,0.5824232441904059,0.5477535613559067,0.6430950318900159,0.6508317933180913
2013-09-26 09:00:00,0.5984891133682366,0.6648023126018048,0.5668567048467079,0.6068517536264005,0.6529970924300309,0.6786706640397815
2013-09-26 10:00:00,0.5976453585363469,0.6697896881289226,0.5813843442146939,0.5995372500480041,0.6320977353270967,0.6615807564299058
2013-09-26 11:00:00,0.5893877509235883,0.6356116346277794,0.5138213480400147,0.5529429069876735,0.5393535287321013,0.569063004527389
2013-09-26 12:00:00,0.5077086608866104,0.518980701571935,0.46171003902300783,0.4817170670742295,0.4599182481187764,0.5027775431670877
2013-09-26 13:00:00,0.3832470207252826,0.3846059209813713,0.34323668367064947,0.3559191572440578,0.32725428212968083,0.3669253501321863
2013-09-26 14:00:00,0.21929394287800102,0.2191326797526762,0.17825588745097046,0.21263851932871414,0.15950078953341873,0.21290379191717065
2013-09-26 15:00:00,0.061633305470170624,0.07304190447190778,0.0436791177679744,0.0656991790498395,0.02978709105642024,0.06494278556651437
2013-09-26 16:00:00,0.0,5.1481871489577264e-05,0.0,0.00010561388068654891,0.0,0.0
2013-09-26 17:00:00,0.0,0.0,0.0,0.0,0.0,0.0
2013-09-26 18:00:00,0.0,0.0,0.0,0.0,0.0,0.0
2013-09-26 19:00:00,0.0,0.0,0.0,0.0,0.0,0.0
2013-09-26 20:00:00,0.0,0.0,0.0,0.0,0.0,0.0
2013-09-26 21:00:00,0.0,0.0,0.0,0.0,0.0,0.0
2013-09-26 22:00:00,0.0,0.0,0.0,0.0,0.0,0.0
2013-09-26 23:00:00,0.0,0.0,0.0,0.0,0.0,0.0
2013-09-27 00:00:00,0.0,0.0,0.0,0.0,0.0,0.0
2013-09-27 01:00:00,0.0,0.0,0.0,0.0,0.0,0.0
2013-09-27 02:00:00,0.0,0.0,0.0,0.0,0.0,0.0
2013-09-27 03:00:00,0.0,0.0,0.0,0.0,0.0,0.0
2013-09-27 04:00:00,0.016364712151895878,0.005725204424357784,0.03241791991550786,0.013895197180424552,0.06079160177675461,0.02188778867787325
2013-09-27 05:00:00,0.16176695482258013,0.13297029307944622,0.1995116353034619,0.1484116931225621,0.2514404431368289,0.18452865457282722
2013-09-27 06:00:00,0.3554093437118382,0.320795288263919,0.3933380551526724,0.33017973607760864,0.4345509877765105,0.374900605493787
2013-09-27 07:00:00,0.5351859334494299,0.510393584034505,0.5406627173022974,0.46669393713786916,0.5751852142972275,0.5559797977549215
2013-09-27 08:00:00,0.6020902452747563,0.6280137316937584,0.5655443049737916,0.5924670485256565,0.6156441089629873,0.649618530874486
2013-09-27 09:00:00,0.6181824575423723,0.660722662328012,0.5643659220924074,0.6474705580167853,0.6336145723228185,0.6780764822473965
2013-09-27 10:00:00,0.6701878199946991,0.6840811894500203,0.5734303814718539,0.6628949398268289,0.6127992798042614,0.6622648542409557
2013-09-27 11:00:00,0.6211185097861811,0.6394308534445218,0.5326182368325703,0.6140736615727806,0.5169950894124485,0.5801319695155481
2013-09-27 12:00:00,0.5489886490217274,0.5420528185355266,0.43890972819186214,0.5179888752447356,0.40400566609460564,0.48018058697851135
2013-09-27 13:00:00,0.3788528896757935,0.3591504848246141,0.3147629082384313,0.3664618257140967,0.2833815275290155,0.38664609777404874
2013-09-27 14:00:00,0.24612534793012522,0.2206403500923194,0.18288137305051744,0.2217209665081069,0.14909723029406532,0.20909742609629975
2013-09-27 15:00:00,0.07440105159190197,0.07664281288326068,0.04596622872673409,0.07095554599919453,0.02663081323121432,0.06860656640649171
2013-09-27 16:00:00,0.0,3.896502357930308e-05,0.0,6.76871869380729e-05,0.0,0.0
2013-09-27 17:00:00,0.0,0.0,0.0,0.0,0.0,0.0
2013-09-27 18:00:00,0.0,0.0,0.0,0.0,0.0,0.0
2013-09-27 19:00:00,0.0,0.0,0.0,0.0,0.0,0.0
2013-09-27 20:00:00,0.0,0.0,0.0,0.0,0.0,0.0
2013-09-27 21:00:00,0.0,0.0,0.0,0.0,0.0,0.0
2013-09-27 22:00:00,0.0,0.0,0.0,0.0,0.0,0.0
2013-09-27 23:00:00,0.0,0.0,0.0,0.0,0.0,0.0
2013-09-28 00:00:00,0.0,0.0,0.0,0.0,0.0,0.0
2013-09-28 01:00:00,0.0,0.0,0.0,0.0,0.0,0.0
2013-09-28 02:00:00,0.0,0.0,0.0,0.0,0.0,0.0
2013-09-28 03:00:00,0.0,0.0,0.0,0.0,0.0,0.0
2013-09-28 04:00:00,0.013786237845779141,0.0057535700643320505,0.028444648706195206,0.01597362968909726,0.059739435772208326,0.021330975466667478
2013-09-28 05:00:00,0.15545611228809206,0.14282284663211492,0.1909014367702353,0.16593987204108818,0.2452106069776672,0.1876769651749303
2013-09-28 06:00:00,0.34813941203301985,0.34820676030536324,0.38586322916012095,0.35368220343379514,0.43013180079217744,0.3871332310500978
2013-09-28 07:00:00,0.5311768698894147,0.5214899141562427,0.5291978301677337,0.5229756261162164,0.5691604556283775,0.5507096579139378
2013-09-28 08:00:00,0.6092222484665005,0.6280814215056063,0.5899626344114351,0.6121902338023633,0.6505427800663812,0.6454036095074486
2013-09-28 09:00:00,0.6327309742213172,0.6689163003546365,0.5855394774424336,0.6594633707649296,0.648232566583589,0.6636066677843357
2013-09-28 10:00:00,0.6164004591325154,0.6699480072254398,0.5611591469751988,0.657391643185833,0.6041784362572002,0.655059435150989
2013-09-28 11:00:00,0.5967954834483824,0.6111461088769691,0.5587532378375462,0.5861558143971306,0.5221433663285635,0.5492715916265657
2013-09-28 12:00:00,0.525285184735135,0.5127442433392019,0.4647863890790281,0.5078440483170495,0.44001422447296,0.4837946156547254
2013-09-28 13:00:00,0.3817812701760277,0.371802930397295,0.34982230342878556,0.3852887428336858,0.30692664636312267,0.3732023974204916
2013-09-28 14:00:00,0.24080009248451686,0.217965532400135,0.19501974006911302,0.21144189550934184,0.16260155824059763,0.20844894196116964
2013-09-28 15:00:00,0.07246142746711068,0.07106203814788128,0.04413142445960467,0.073483756599804,0.025527207571835984,0.05861637550688637
2013-09-28 16:00:00,0.0,3.895880955906484e-05,0.0,4.564960592539719e-05,0.0,0.0
2013-09-28 17:00:00,0.0,0.0,0.0,0.0,0.0,0.0
2013-09-28 18:00:00,0.0,0.0,0.0,0.0,0.0,0.0
2013-09-28 19:00:00,0.0,0.0,0.0,0.0,0.0,0.0
2013-09-28 20:00:00,0.0,0.0,0.0,0.0,0.0,0.0
2013-09-28 21:00:00,0.0,0.0,0.0,0.0,0.0,0.0
2013-09-28 22:00:00,0.0,0.0,0.0,0.0,0.0,0.0
2013-09-28 23:00:00,0.0,0.0,0.0,0.0,0.0,0.0
2013-09-29 00:00:00,0.0,0.0,0.0,0.0,0.0,0.0
2013-09-29 01:00:00,0.0,0.0,0.0,0.0,0.0,0.0
2013-09-29 02:00:00,0.0,0.0,0.0,0.0,0.0,0.0
2013-09-29 03:00:00,0.0,0.0,0.0,0.0,0.0,0.0
2013-09-29 04:00:00,0.017444512068132238,0.005952421825235103,0.03134045232855046,0.013851484138474975,0.054576966093312564,0.022636736364083577
2013-09-29 05:00:00,0.18572475211288908,0.14097462928082324,0.19641476834570956,0.14787260406530728,0.23014830347328463,0.19039737441910556
2013-09-29 06:00:00,0.39934564111775195,0.34046407027194164,0.39072296805340184,0.3026465137044802,0.4201823538616611,0.3915785493147215
2013-09-29 07:00:00,0.5670931648650457,0.5112769373170559,0.5453399216505633,0.4394200213784503,0.5705612594568139,0.558894765819646
2013-09-29 08:00:00,0.6481865711486489,0.602760229808252,0.6095285593316208,0.5305420239554084,0.6531442837065716,0.65373595554819
2013-09-29 09:00:00,0.6610286633579504,0.6453028153826585,0.6423951417624899,0.5884425239036276,0.6608976016692811,0.6992922274712021
2013-09-29 10:00:00,0.6159007718642237,0.6319374358563732,0.6421559383060331,0.5802018538915873,0.6093459091665824,0.6707282143118701
2013-09-29 11:00:00,0.5878637089681842,0.5761490642421879,0.5752850018920763,0.5517167810493379,0.5295465824329846,0.5807919626720378
2013-09-29 12:00:00,0.5046744202848706,0.4917979283277536,0.4836902099695019,0.48510963823821246,0.4203205791903906,0.4645667883267895
2013-09-29 13:00:00,0.3788795998606249,0.3464929118383742,0.3553959302122248,0.33554786530958497,0.28142740695137014,0.3359235991826316
2013-09-29 14:00:00,0.22827101033314864,0.19199135680621274,0.20222999744729803,0.20227582056136426,0.1500211475583407,0.2123761421324742
2013-09-29 15:00:00,0.0750754419236154,0.07159311415331876,0.04397199856036231,0.06355325835400438,0.02249366900787477,0.05699494991914186
2013-09-29 16:00:00,0.0,1.7753576167672472e-05,0.0,3.9667987988010975e-05,0.0,0.0
2013-09-29 17:00:00,0.0,0.0,0.0,0.0,0.0,0.0
2013-09-29 18:00:00,0.0,0.0,0.0,0.0,0.0,0.0
2013-09-29 19:00:00,0.0,0.0,0.0,0.0,0.0,0.0
2013-09-29 20:00:00,0.0,0.0,0.0,0.0,0.0,0.0
2013-09-29 21:00:00,0.0,0.0,0.0,0.0,0.0,0.0
2013-09-29 22:00:00,0.0,0.0,0.0,0.0,0.0,0.0
2013-09-29 23:00:00,0.0,0.0,0.0,0.0,0.0,0.0
2013-09-30 00:00:00,0.0,0.0,0.0,0.0,0.0,0.0
2013-09-30 01:00:00,0.0,0.0,0.0,0.0,0.0,0.0
2013-09-30 02:00:00,0.0,0.0,0.0,0.0,0.0,0.0
2013-09-30 03:00:00,0.0,0.0,0.0,0.0,0.0,0.0
2013-09-30 04:00:00,0.0158974511651072,0.00566055302989685,0.03098755376294988,0.013418118487975098,0.055169364770682766,0.02258631743038343
2013-09-30 05:00:00,0.17014330099288485,0.13626000373877656,0.19190331159766758,0.13428624032922007,0.21821545872447318,0.18449187811734627
2013-09-30 06:00:00,0.3678940363235262,0.3290403292852095,0.37114915700144396,0.29771924444770537,0.39768154674810857,0.38494537807663665
2013-09-30 07:00:00,0.5273603707095712,0.48738217332267336,0.5099173501231498,0.4216340171823585,0.535848983228547,0.5432838045683871
2013-09-30 08:00:00,0.6067579549709472,0.607954092526609,0.5962248729508014,0.4812609837468188,0.6211917690081783,0.6293349964244551
2013-09-30 09:00:00,0.61882270511031,0.6014150910281405,0.5667107982806062,0.5203645251824823,0.631103901235087,0.6586695428217205
2013-09-30 10:00:00,0.661415341641501,0.6281544222100525,0.6109657215605641,0.5496587404368758,0.6582257984579096,0.6499230034623836
2013-09-30 11:00:00,0.5914685989797914,0.5548620783059103,0.5522791947753414,0.46403134990559325,0.6042701795085117,0.5958890750506521
2013-09-30 12:00:00,0.5071357900966998,0.44708581838154177,0.4509313800480296,0.4490338083364974,0.4842686551252464,0.4877676124352116
2013-09-30 13:00:00,0.37560253614943495,0.30673938592683614,0.34918558778231445,0.3231008963228199,0.3519452238076823,0.3558238247034283
2013-09-30 14:00:00,0.21033448492343546,0.16173583324967228,0.20245813835400295,0.19820455957448865,0.18537189539570564,0.18668569823482473
2013-09-30 15:00:00,0.056728353977304025,0.05385566895846657,0.04731064756032267,0.06638049260281974,0.029925784190576222,0.055730828600200955
2013-09-30 16:00:00,0.0,5.5816904018609155e-06,0.0,1.287344482748077e-05,0.0,0.0
2013-09-30 17:00:00,0.0,0.0,0.0,0.0,0.0,0.0
2013-09-30 18:00:00,0.0,0.0,0.0,0.0,0.0,0.0
2013-09-30 19:00:00,0.0,0.0,0.0,0.0,0.0,0.0
2013-09-30 20:00:00,0.0,0.0,0.0,0.0,0.0,0.0
2013-09-30 21:00:00,0.0,0.0,0.0,0.0,0.0,0.0
2013-09-30 22:00:00,0.0,0.0,0.0,0.0,0.0,0.0
2013-09-30 23:00:00,0.0,0.0,0.0,0.0,0.0,0.0
2013-10-01 00:00:00,0.0,0.0,0.0,0.0,0.0,0.0
2013-10-01 01:00:00,0.0,0.0,0.0,0.0,0.0,0.0
2013-10-01 02:00:00,0.0,0.0,0.0,0.0,0.0,0.0
2013-10-01 03:00:00,0.0,0.0,0.0,0.0,0.0,0.0
2013-10-01 04:00:00,0.01609249694035587,0.005263365958054417,0.03194802273804413,0.012997868569535732,0.0545012725616991,0.022275443273879758
2013-10-01 05:00:00,0.1542890614305701,0.12401119954459484,0.20197550511228418,0.12977091376668484,0.2227481918193283,0.18316822726915885
2013-10-01 06:00:00,0.3342943407194106,0.3175000779934332,0.3815166855372965,0.2917397696701924,0.3796194348598257,0.3800066354971144
2013-10-01 07:00:00,0.5246992415363745,0.5128837553656149,0.5436843381543303,0.37457238021090766,0.48880743620989286,0.5496352510177827
2013-10-01 08:00:00,0.6242154506138871,0.6354009205345004,0.6425698815709805,0.4556725299443301,0.5695021860271365,0.637017853626131
2013-10-01 09:00:00,0.6324262175670085,0.6749967817043668,0.630427540494085,0.5262731095614149,0.5972678374492857,0.6713026437143393
2013-10-01 10:00:00,0.6203634123213327,0.6690939346500302,0.6115701574961725,0.542528455884051,0.5800717650841871,0.653032174657453
2013-10-01 11:00:00,0.5609353657622426,0.588355830307201,0.5912041617053252,0.49445863190567035,0.5584839959951284,0.6141283678958079
2013-10-01 12:00:00,0.45845936829637407,0.4740187451517748,0.4804393524657117,0.41360825695889497,0.4678542645366985,0.5155021445047546
2013-10-01 13:00:00,0.3758083744521048,0.3448144109565503,0.3582448203244297,0.34461464220810223,0.32682186195109386,0.3651950168496132
2013-10-01 14:00:00,0.19419720008555125,0.17358608370871775,0.19428476110760293,0.19152226078090476,0.16923381799295273,0.20167977857748767
2013-10-01 15:00:00,0.0543944702849676,0.051872973824112566,0.042109388592427834,0.06129498095738202,0.026701202719584555,0.05167823143327912
2013-10-01 16:00:00,0.0,3.126240024681864e-05,0.0,4.7150328349178685e-05,0.0,0.0
2013-10-01 17:00:00,0.0,0.0,0.0,0.0,0.0,0.0
2013-10-01 18:00:00,0.0,0.0,0.0,0.0,0.0,0.0
2013-10-01 19:00:00,0.0,0.0,0.0,0.0,0.0,0.0
2013-10-01 20:00:00,0.0,0.0,0.0,0.0,0.0,0.0
2013-10-01 21:00:00,0.0,0.0,0.0,0.0,0.0,0.0
2013-10-01 22:00:00,0.0,0.0,0.0,0.0,0.0,0.0
2013-10-01 23:00:00,0.0,0.0,0.0,0.0,0.0,0.0
2013-10-02 00:00:00,0.0,0.0,0.0,0.0,0.0,0.0
2013-10-02 01:00:00,0.0,0.0,0.0,0.0,0.0,0.0
2013-10-02 02:00:00,0.0,0.0,0.0,0.0,0.0,0.0
2013-10-02 03:00:00,0.0,0.0,0.0,0.0,0.0,0.0
2013-10-02 04:00:00,0.011633101438420187,0.0059359570379449444,0.02523799175141533,0.009436342729541107,0.05892574789274402,0.02308141549768705
2013-10-02 05:00:00,0.13641562071528535,0.13809498092503605,0.16240207444815344,0.10107532158383505,0.23460659602369247,0.19026907346012098
2013-10-02 06:00:00,0.27547504224076313,0.3011389398684006,0.328014737936083,0.22458606679682572,0.39535335681758815,0.3902981892890514
2013-10-02 07:00:00,0.40355147515838813,0.4857421805761626,0.42914874750035675,0.3826676335073082,0.49412511524969144,0.5470944443703836
2013-10-02 08:00:00,0.48534017390449163,0.591448689497468,0.5310710643343927,0.45881284557442464,0.5723735571197841,0.614344559011963
2013-10-02 09:00:00,0.5786264395170323,0.6755791107542481,0.5891074877559689,0.522899291678355,0.628110047865794,0.6687194920973755
2013-10-02 10:00:00,0.640338761057833,0.6590667820524673,0.6056309286564958,0.5257983559341377,0.6130392189434014,0.6722016917698249
2013-10-02 11:00:00,0.5971100009843633,0.586229081565406,0.5221689002744252,0.5041255119905133,0.5429100924064957,0.581152223512337
2013-10-02 12:00:00,0.48156131668035335,0.5046954554434493,0.44923995012821566,0.43966469781460576,0.47512174080398406,0.5055065854294165
2013-10-02 13:00:00,0.3460310512973603,0.34038857654449695,0.3203645691746748,0.3440383926368795,0.32597948600295223,0.36401999686889297
2013-10-02 14:00:00,0.18606182695488044,0.19722006406888146,0.1841949259475424,0.2049373609381983,0.1576330209828809,0.20288786372960937
2013-10-02 15:00:00,0.04968599259470163,0.053056522114833644,0.040381289984962626,0.0641783407613964,0.024886728097680083,0.05455678969457323
2013-10-02 16:00:00,0.0,0.0,0.0,1.0288388043518556e-05,0.0,0.0
2013-10-02 17:00:00,0.0,0.0,0.0,0.0,0.0,0.0
2013-10-02 18:00:00,0.0,0.0,0.0,0.0,0.0,0.0
2013-10-02 19:00:00,0.0,0.0,0.0,0.0,0.0,0.0
2013-10-02 20:00:00,0.0,0.0,0.0,0.0,0.0,0.0
2013-10-02 21:00:00,0.0,0.0,0.0,0.0,0.0,0.0
2013-10-02 22:00:00,0.0,0.0,0.0,0.0,0.0,0.0
2013-10-02 23:00:00,0.0,0.0,0.0,0.0,0.0,0.0
2013-10-03 00:00:00,0.0,0.0,0.0,0.0,0.0,0.0
2013-10-03 01:00:00,0.0,0.0,0.0,0.0,0.0,0.0
2013-10-03 02:00:00,0.0,0.0,0.0,0.0,0.0,0.0
2013-10-03 03:00:00,0.0,0.0,0.0,0.0,0.0,0.0
2013-10-03 04:00:00,0.017273883668059944,0.006815551316760268,0.027402156679389764,0.009217984831971986,0.05267486210284306,0.024164437713794656
2013-10-03 05:00:00,0.16865499342675036,0.14124346259712295,0.1744695100560731,0.10971215562558588,0.22187975106226995,0.19643274710534817
2013-10-03 06:00:00,0.35773202915829916,0.32151547242149975,0.33678299690634483,0.2517639268844237,0.37499515138293144,0.39556037366003377
2013-10-03 07:00:00,0.5434952047228492,0.4851030940309261,0.4695940029441136,0.4026955848896815,0.5054391433635664,0.5494231430907579
2013-10-03 08:00:00,0.6372803127747079,0.6128012682837334,0.5597877823115185,0.5043581561427743,0.6232299070239322,0.6432269755022626
2013-10-03 09:00:00,0.6751994422427441,0.671617934882294,0.6041608678030672,0.568482474221026,0.6671395841273721,0.6608534697996823
2013-10-03 10:00:00,0.6545508154086399,0.664584897556884,0.5842719256757117,0.5869709948780408,0.6637597662186241,0.6607760062231947
2013-10-03 11:00:00,0.5907387170499873,0.5975771935474158,0.5054199754816582,0.5535075881014873,0.5713269340824866,0.5541908099291535
2013-10-03 12:00:00,0.47207423797863735,0.48810365166410774,0.4196394448890844,0.4597313573438925,0.46936411864295174,0.4621170093821307
2013-10-03 13:00:00,0.3616557110644531,0.36986529164058557,0.3332049769530636,0.35136137518355115,0.35689041817210476,0.3729750823847029
2013-10-03 14:00:00,0.2043226038103448,0.1988629724622276,0.17447547535606076,0.20952451502996602,0.17916621981906253,0.1937856475468611
2013-10-03 15:00:00,0.05846324766331746,0.06884881171907829,0.039263078142557875,0.0662392070339307,0.027630675770927614,0.051351802667860456
2013-10-03 16:00:00,0.0,0.0,0.0,1.0769559787165493e-05,0.0,0.0
2013-10-03 17:00:00,0.0,0.0,0.0,0.0,0.0,0.0
2013-10-03 18:00:00,0.0,0.0,0.0,0.0,0.0,0.0
2013-10-03 19:00:00,0.0,0.0,0.0,0.0,0.0,0.0
2013-10-03 20:00:00,0.0,0.0,0.0,0.0,0.0,0.0
2013-10-03 21:00:00,0.0,0.0,0.0,0.0,0.0,0.0
2013-10-03 22:00:00,0.0,0.0,0.0,0.0,0.0,0.0
2013-10-03 23:00:00,0.0,0.0,0.0,0.0,0.0,0.0
2013-10-04 00:00:00,0.0,0.0,0.0,0.0,0.0,0.0
2013-10-04 01:00:00,0.0,0.0,0.0,0.0,0.0,0.0
2013-10-04 02:00:00,0.0,0.0,0.0,0.0,0.0,0.0
2013-10-04 03:00:00,0.0,0.0,0.0,0.0,0.0,0.0
2013-10-04 04:00:00,0.013692617515108781,0.0056557748663775284,0.029509603396186725,0.015311118456486346,0.06182347912836056,0.024363679227230553
2013-10-04 05:00:00,0.134946523025001,0.14287390276544734,0.18693215750365966,0.13604004736762684,0.24544450948484386,0.19253559722421865
2013-10-04 06:00:00,0.30275118825486846,0.3427714126839059,0.3630702288445955,0.3126091876963589,0.4349088695638252,0.3956203265638145
2013-10-04 07:00:00,0.47693303591923075,0.5155059003498269,0.47856960468631615,0.4366071002346745,0.5758911744038566,0.5614246462415006
2013-10-04 08:00:00,0.6039548064029387,0.6178511595688524,0.5932509009780843,0.5541689934261861,0.6402320096033979,0.6471466732986763
2013-10-04 09:00:00,0.6772954114918366,0.689059064298119,0.6057861020086179,0.6436883801872249,0.6396712254441006,0.6368783851080754
2013-10-04 10:00:00,0.6417014444663514,0.6694435005444093,0.567566675831138,0.6071802507685607,0.6277690470132541,0.6079351741861376
2013-10-04 11:00:00,0.5873559227651985,0.6050648776821987,0.5216488946886804,0.6082517957827157,0.5835514744381691,0.5511838949048554
2013-10-04 12:00:00,0.4929695937364054,0.5158312714085015,0.45904431520788674,0.4803738900549355,0.4940113075596956,0.47128866329187524
2013-10-04 13:00:00,0.3275104156804726,0.35746789688953895,0.31152593806403095,0.3608591117785636,0.3510772056012941,0.3215801018646283
2013-10-04 14:00:00,0.16332696875836397,0.17465909220166706,0.1630427513834467,0.2108102531423074,0.17825164123481482,0.1825721814344453
2013-10-04 15:00:00,0.0490019495773222,0.05457060041364662,0.03681481771982673,0.06893048678336973,0.026671126706216953,0.0490222868886421
2013-10-04 16:00:00,0.0,0.0,0.0,4.964272038465214e-06,0.0,0.0
2013-10-04 17:00:00,0.0,0.0,0.0,0.0,0.0,0.0
2013-10-04 18:00:00,0.0,0.0,0.0,0.0,0.0,0.0
2013-10-04 19:00:00,0.0,0.0,0.0,0.0,0.0,0.0
2013-10-04 20:00:00,0.0,0.0,0.0,0.0,0.0,0.0
2013-10-04 21:00:00,0.0,0.0,0.0,0.0,0.0,0.0
2013-10-04 22:00:00,0.0,0.0,0.0,0.0,0.0,0.0
2013-10-04 23:00:00,0.0,0.0,0.0,0.0,0.0,0.0
2013-10-05 00:00:00,0.0,0.0,0.0,0.0,0.0,0.0
2013-10-05 01:00:00,0.0,0.0,0.0,0.0,0.0,0.0
2013-10-05 02:00:00,0.0,0.0,0.0,0.0,0.0,0.0
2013-10-05 03:00:00,0.0,0.0,0.0,0.0,0.0,0.0
2013-10-05 04:00:00,0.013658709339863268,0.004699173611118083,0.023915524243935487,0.01185739115957514,0.04387066586912786,0.02023642338510495
2013-10-05 05:00:00,0.14661508214559232,0.13309322357543774,0.14087696563251137,0.130496565609264,0.1784828987865975,0.16722405074252586
2013-10-05 06:00:00,0.32091833992410357,0.31967936401432795,0.31334378659806267,0.290048030311258,0.3185330089227031,0.3559753795329753
2013-10-05 07:00:00,0.4644554363915307,0.4838059112513444,0.4126050472142674,0.39918778913741915,0.3831448721540637,0.4692056651665003
2013-10-05 08:00:00,0.6125590352109774,0.6217084873639531,0.4944947569713691,0.5494472653020013,0.4819606612164223,0.5660489568483454
2013-10-05 09:00:00,0.6435002882063421,0.6858276423962578,0.5539003441457521,0.617875599931576,0.5493822790219293,0.6323181508243768
2013-10-05 10:00:00,0.6479038893166708,0.6589855400641194,0.5389747050162682,0.6324616416472364,0.4972475662559785,0.608229215700923
2013-10-05 11:00:00,0.6210081416539706,0.6212207242577553,0.5395916806252707,0.5600259787564017,0.49406026766593164,0.5497072291141364
2013-10-05 12:00:00,0.5061927896826732,0.5078891665869821,0.4320903144303821,0.4840090194385174,0.41733561777631434,0.44762539240792326
2013-10-05 13:00:00,0.31168180632485487,0.34123231836877693,0.30429340033336966,0.3178918052294075,0.2993650794253617,0.2918971742148894
2013-10-05 14:00:00,0.17434101487618203,0.1745943922596979,0.1799165159835964,0.1948357234915161,0.16342999483575293,0.16106311899921594
2013-10-05 15:00:00,0.04542275213592335,0.054835277597684924,0.040226070317017394,0.06074818081877379,0.025716135136821427,0.04018330631966597
2013-10-05 16:00:00,0.0,0.0,0.0,0.0,0.0,0.0
2013-10-05 17:00:00,0.0,0.0,0.0,0.0,0.0,0.0
2013-10-05 18:00:00,0.0,0.0,0.0,0.0,0.0,0.0
2013-10-05 19:00:00,0.0,0.0,0.0,0.0,0.0,0.0
2013-10-05 20:00:00,0.0,0.0,0.0,0.0,0.0,0.0
2013-10-05 21:00:00,0.0,0.0,0.0,0.0,0.0,0.0
2013-10-05 22:00:00,0.0,0.0,0.0,0.0,0.0,0.0
2013-10-05 23:00:00,0.0,0.0,0.0,0.0,0.0,0.0
2013-10-06 00:00:00,0.0,0.0,0.0,0.0,0.0,0.0
2013-10-06 01:00:00,0.0,0.0,0.0,0.0,0.0,0.0
2013-10-06 02:00:00,0.0,0.0,0.0,0.0,0.0,0.0
2013-10-06 03:00:00,0.0,0.0,0.0,0.0,0.0,0.0
2013-10-06 04:00:00,0.00912310404005675,0.003757692598069233,0.022883535901400378,0.010594107375098827,0.041507759732970995,0.016060682711300987
2013-10-06 05:00:00,0.09948967938401129,0.10362910419891196,0.16624899378660057,0.10589964356976303,0.18323632632036535,0.1585988223229842
2013-10-06 06:00:00,0.22608935079801668,0.25455867377137176,0.3326483460987162,0.23811451050267096,0.3171171007496166,0.3368460066368892
2013-10-06 07:00:00,0.2741226138629888,0.3168056781731782,0.37801852254004603,0.325152307111201,0.40824248867638674,0.43827891277878006
2013-10-06 08:00:00,0.33619245614615,0.4561177356748048,0.4852743127029686,0.4108937678033136,0.5145470029834109,0.5408503044397138
2013-10-06 09:00:00,0.38502944577009207,0.5231057739723026,0.5280183676063409,0.4922399054520964,0.5709354451306785,0.597917891771213
2013-10-06 10:00:00,0.46445250555381307,0.5635283474907841,0.5291324132949496,0.5009677133006866,0.5380022808997544,0.5659548953428706
2013-10-06 11:00:00,0.45589101858948683,0.5152505825896789,0.483662831264046,0.47856375228157894,0.4716710804436981,0.5208646808444308
2013-10-06 12:00:00,0.40162388251781117,0.4141548316287952,0.3674872932686593,0.42797813479489055,0.4118525554996541,0.3863456433123043
2013-10-06 13:00:00,0.2777782133448825,0.2657011288826308,0.2987032423577919,0.29748924909367835,0.30646668416777195,0.29451186613424224
2013-10-06 14:00:00,0.15580167794886818,0.13076281782982446,0.1623084113607615,0.17220416736074934,0.15703511253735922,0.14189689541724984
2013-10-06 15:00:00,0.033389398999295154,0.035476338296110195,0.029188664262803317,0.05126671738356541,0.022933732340021714,0.035280208669016544
2013-10-06 16:00:00,0.0,0.0,0.0,0.0,0.0,0.0
2013-10-06 17:00:00,0.0,0.0,0.0,0.0,0.0,0.0
2013-10-06 18:00:00,0.0,0.0,0.0,0.0,0.0,0.0
2013-10-06 19:00:00,0.0,0.0,0.0,0.0,0.0,0.0
2013-10-06 20:00:00,0.0,0.0,0.0,0.0,0.0,0.0
2013-10-06 21:00:00,0.0,0.0,0.0,0.0,0.0,0.0
2013-10-06 22:00:00,0.0,0.0,0.0,0.0,0.0,0.0
2013-10-06 23:00:00,0.0,0.0,0.0,0.0,0.0,0.0
2013-10-07 00:00:00,0.0,0.0,0.0,0.0,0.0,0.0
2013-10-07 01:00:00,0.0,0.0,0.0,0.0,0.0,0.0
2013-10-07 02:00:00,0.0,0.0,0.0,0.0,0.0,0.0
2013-10-07 03:00:00,0.0,0.0,0.0,0.0,0.0,0.0
2013-10-07 04:00:00,0.0067902992907460805,0.003331445442172187,0.023607390377555014,0.013646595925062902,0.045165814291598695,0.020482714637230077
2013-10-07 05:00:00,0.08486726382478076,0.09880763276653365,0.15610219523008825,0.11620075842991083,0.17171721285374483,0.17288485255975877
2013-10-07 06:00:00,0.24997561851557717,0.27387929797714144,0.34387655407663675,0.26308040255178616,0.3202031692296373,0.3704263235972608
2013-10-07 07:00:00,0.34393589910102873,0.42699053462430825,0.44848166040982407,0.38854458661023455,0.46510299251932885,0.4756443634971605
2013-10-07 08:00:00,0.4111704773486515,0.5316589648873468,0.5136571513746279,0.4774530362271345,0.5140267865565671,0.5801993072944779
2013-10-07 09:00:00,0.48604609664410586,0.598897845230377,0.5330778613137569,0.5617555206273628,0.5339423032013034,0.5927159791550829
2013-10-07 10:00:00,0.5097060093071237,0.5838804791984604,0.549332916384294,0.5387780978922591,0.5322805142458615,0.610604160847992
2013-10-07 11:00:00,0.4793579759839595,0.5119565775563991,0.4762457686274114,0.49781257367437787,0.5086940035811058,0.554217000397489
2013-10-07 12:00:00,0.4113609030040526,0.39579655758583887,0.3748171393033181,0.4153213674263683,0.4163140380654046,0.45075074357068445
2013-10-07 13:00:00,0.2846549473139712,0.27223568883372634,0.2609802343466242,0.2856652465810229,0.30827042472917543,0.2951200315654309
2013-10-07 14:00:00,0.15371118330528122,0.13831537025500176,0.1356767770168036,0.17546010567928189,0.14781424264577386,0.15816702131494156
2013-10-07 15:00:00,0.03464159315702941,0.03961842018230884,0.027467693850164093,0.048804312773302744,0.020285933000486478,0.040572649345102074
2013-10-07 16:00:00,0.0,0.0,0.0,0.0,0.0,0.0
2013-10-07 17:00:00,0.0,0.0,0.0,0.0,0.0,0.0
2013-10-07 18:00:00,0.0,0.0,0.0,0.0,0.0,0.0
2013-10-07 19:00:00,0.0,0.0,0.0,0.0,0.0,0.0
2013-10-07 20:00:00,0.0,0.0,0.0,0.0,0.0,0.0
2013-10-07 21:00:00,0.0,0.0,0.0,0.0,0.0,0.0
2013-10-07 22:00:00,0.0,0.0,0.0,0.0,0.0,0.0
2013-10-07 23:00:00,0.0,0.0,0.0,0.0,0.0,0.0
2013-10-08 00:00:00,0.0,0.0,0.0,0.0,0.0,0.0
2013-10-08 01:00:00,0.0,0.0,0.0,0.0,0.0,0.0
2013-10-08 02:00:00,0.0,0.0,0.0,0.0,0.0,0.0
2013-10-08 03:00:00,0.0,0.0,0.0,0.0,0.0,0.0
2013-10-08 04:00:00,0.010611641393251551,0.00665726570099731,0.017730186955354395,0.00809795743463468,0.026677777589845294,0.021497482493874863
2013-10-08 05:00:00,0.1203053717408328,0.13752847329860984,0.1307723712307873,0.07668932517980144,0.12377220324262501,0.1812785599482907
2013-10-08 06:00:00,0.28067280786288173,0.33361528874762686,0.2544480497123586,0.16518180588296974,0.2100187021535757,0.3785967958253042
2013-10-08 07:00:00,0.3968288126001211,0.4638886659519282,0.4086456512304447,0.21068416127142905,0.32316234299064656,0.5401175804118953
2013-10-08 08:00:00,0.4903107842609295,0.5722269820775565,0.49430667026363667,0.2855586372643852,0.3941978969757749,0.6276906436871855
2013-10-08 09:00:00,0.5629916481052735,0.6373030265102534,0.5521595507665046,0.3611907043167841,0.41186030566584253,0.6514478671979846
2013-10-08 10:00:00,0.5732362380544295,0.6340086283356864,0.5757100029072054,0.4379538442400083,0.44856686299607357,0.6537160750060385
2013-10-08 11:00:00,0.5172311401584639,0.5539424426333399,0.49925396502745795,0.3897327940548887,0.34403842826841935,0.543215487727765
2013-10-08 12:00:00,0.45157195931079325,0.469379681189184,0.4180119286250959,0.3373920981671868,0.2739039978651676,0.4677201603049385
2013-10-08 13:00:00,0.3253048007697066,0.3115946492256855,0.2969577090352639,0.25488260471568547,0.21947897841463304,0.35166329579265704
2013-10-08 14:00:00,0.17254851472312557,0.15700806603768105,0.14860779446685762,0.1400628473959555,0.10748461079262638,0.18891528169809182
2013-10-08 15:00:00,0.04335619015654055,0.0418939789268164,0.027089095860579258,0.04837477307992594,0.01377634733640961,0.04882355785188332
2013-10-08 16:00:00,0.0,0.0,0.0,0.0,0.0,0.0
2013-10-08 17:00:00,0.0,0.0,0.0,0.0,0.0,0.0
2013-10-08 18:00:00,0.0,0.0,0.0,0.0,0.0,0.0
2013-10-08 19:00:00,0.0,0.0,0.0,0.0,0.0,0.0
2013-10-08 20:00:00,0.0,0.0,0.0,0.0,0.0,0.0
2013-10-08 21:00:00,0.0,0.0,0.0,0.0,0.0,0.0
2013-10-08 22:00:00,0.0,0.0,0.0,0.0,0.0,0.0
2013-10-08 23:00:00,0.0,0.0,0.0,0.0,0.0,0.0
2013-10-09 00:00:00,0.0,0.0,0.0,0.0,0.0,0.0
2013-10-09 01:00:00,0.0,0.0,0.0,0.0,0.0,0.0
2013-10-09 02:00:00,0.0,0.0,0.0,0.0,0.0,0.0
2013-10-09 03:00:00,0.0,0.0,0.0,0.0,0.0,0.0
2013-10-09 04:00:00,0.01497004140417941,0.006057587355219225,0.027675639820264736,0.007052339999271502,0.04564403136129936,0.024504473435245793
2013-10-09 05:00:00,0.14001927678418025,0.12184837908056301,0.17715676469291866,0.08625164100586982,0.16235210491149674,0.19159896667461615
2013-10-09 06:00:00,0.3429564035569514,0.2983049368961402,0.368030730578784,0.19956036716334016,0.3166698744300734,0.39833451833659544
2013-10-09 07:00:00,0.5251127924614186,0.4429980567806143,0.4956034006685049,0.3155912462918951,0.43292684445091945,0.5404831807219065
2013-10-09 08:00:00,0.6134719395372701,0.5461452356255084,0.5964571632757739,0.3800769408437817,0.5337780188560685,0.6437058278304126
2013-10-09 09:00:00,0.664093145640975,0.6005665953420781,0.6107434096819071,0.4207682339474554,0.5388318197128069,0.6809939621176581
2013-10-09 10:00:00,0.6377068455754558,0.6099741884523585,0.5836676987854121,0.4845672572267951,0.5039911453787391,0.6741670448957877
2013-10-09 11:00:00,0.5939447711834933,0.5791819930085789,0.5634847667045557,0.4437961727536725,0.47653557429024523,0.6218143947257555
2013-10-09 12:00:00,0.4831655767172359,0.4888539807085548,0.41273470515751975,0.3893274642909248,0.34957749628986157,0.47876842955956467
2013-10-09 13:00:00,0.3335861681235543,0.3612235814656954,0.31297931877254836,0.2893869115147125,0.28990236108408823,0.37077123464983064
2013-10-09 14:00:00,0.17193331656756314,0.18125684750358487,0.15682549236075247,0.19076858497712765,0.1414509235057373,0.19824907411603623
2013-10-09 15:00:00,0.04709853749916388,0.05454537728618776,0.031390883639279714,0.05657471882378604,0.02136947340182234,0.048095920165175936
2013-10-09 16:00:00,0.0,0.0,0.0,0.0,0.0,0.0
2013-10-09 17:00:00,0.0,0.0,0.0,0.0,0.0,0.0
2013-10-09 18:00:00,0.0,0.0,0.0,0.0,0.0,0.0
2013-10-09 19:00:00,0.0,0.0,0.0,0.0,0.0,0.0
2013-10-09 20:00:00,0.0,0.0,0.0,0.0,0.0,0.0
2013-10-09 21:00:00,0.0,0.0,0.0,0.0,0.0,0.0
2013-10-09 22:00:00,0.0,0.0,0.0,0.0,0.0,0.0
2013-10-09 23:00:00,0.0,0.0,0.0,0.0,0.0,0.0
2013-10-10 00:00:00,0.0,0.0,0.0,0.0,0.0,0.0
2013-10-10 01:00:00,0.0,0.0,0.0,0.0,0.0,0.0
2013-10-10 02:00:00,0.0,0.0,0.0,0.0,0.0,0.0
2013-10-10 03:00:00,0.0,0.0,0.0,0.0,0.0,0.0
2013-10-10 04:00:00,0.016378817370351014,0.0062242738724201515,0.033105576525371876,0.01419435723708634,0.04498575312124263,0.023137926585263688
2013-10-10 05:00:00,0.16489944111720747,0.12780477963412318,0.18979342284415326,0.12339235134620746,0.19494323678240505,0.18281231788482322
2013-10-10 06:00:00,0.3486166781817002,0.2909783864261611,0.36494001855336744,0.2703316487846312,0.360891345578763,0.3671775649229199
2013-10-10 07:00:00,0.5216980319124498,0.46420409369929905,0.5191215560619584,0.38376651089129565,0.4755366320883258,0.5273313882870033
2013-10-10 08:00:00,0.6266453222902818,0.6041971051782877,0.6114422246322496,0.5101254377915614,0.6090569850060178,0.6384865974393733
2013-10-10 09:00:00,0.677793669576337,0.6471411431042933,0.6458239406001147,0.5319131931870997,0.6167438317244829,0.6554812044208204
2013-10-10 10:00:00,0.6776239832457953,0.658442014471334,0.6258023354733296,0.5862265517602503,0.5936085011881812,0.6608973613213612
2013-10-10 11:00:00,0.6006795955045101,0.6117989957032592,0.5777920683273697,0.5332996624144568,0.5492569915563408,0.5799880231217358
2013-10-10 12:00:00,0.5155231935903944,0.5175286363015296,0.42245843731486216,0.44484423295069186,0.41258750327057697,0.43687192928392027
2013-10-10 13:00:00,0.3534818324900478,0.35379410655731525,0.31727521579279444,0.31562714481561555,0.2961467233800495,0.34337939543911283
2013-10-10 14:00:00,0.19999187457879727,0.2092419753789093,0.182379233998917,0.18271330376786424,0.16392446347491008,0.20365450155568562
2013-10-10 15:00:00,0.054595707052978705,0.06311392048556354,0.035560486775739066,0.04976751602137981,0.022045267184259403,0.04358421484460239
2013-10-10 16:00:00,0.0,0.0,0.0,0.0,0.0,0.0
2013-10-10 17:00:00,0.0,0.0,0.0,0.0,0.0,0.0
2013-10-10 18:00:00,0.0,0.0,0.0,0.0,0.0,0.0
2013-10-10 19:00:00,0.0,0.0,0.0,0.0,0.0,0.0
2013-10-10 20:00:00,0.0,0.0,0.0,0.0,0.0,0.0
2013-10-10 21:00:00,0.0,0.0,0.0,0.0,0.0,0.0
2013-10-10 22:00:00,0.0,0.0,0.0,0.0,0.0,0.0
2013-10-10 23:00:00,0.0,0.0,0.0,0.0,0.0,0.0
2013-10-11 00:00:00,0.0,0.0,0.0,0.0,0.0,0.0
2013-10-11 01:00:00,0.0,0.0,0.0,0.0,0.0,0.0
2013-10-11 02:00:00,0.0,0.0,0.0,0.0,0.0,0.0
2013-10-11 03:00:00,0.0,0.0,0.0,0.0,0.0,0.0
2013-10-11 04:00:00,0.019778268764582455,0.008467138806315397,0.03692820775333617,0.010701432406477819,0.04017262840821712,0.024651551926596394
2013-10-11 05:00:00,0.18483135079987828,0.16015553327099524,0.20387012749953856,0.11987949857536424,0.1606226723811362,0.1864485358244923
2013-10-11 06:00:00,0.40318846834827216,0.37413780372496364,0.40176731383483094,0.2832515436300593,0.32029826284041213,0.3954835496296482
2013-10-11 07:00:00,0.5736998620454934,0.5430001191221672,0.5519442856534051,0.4313720727690326,0.44568647022455693,0.5529558960228719
2013-10-11 08:00:00,0.658705211722983,0.6422747547062321,0.6599058104564185,0.5275426516152276,0.520271605551486,0.6421597085941391
2013-10-11 09:00:00,0.7062281171372553,0.6911113734698048,0.6658797645979768,0.5782015285611628,0.5461579335919289,0.689842420265051
2013-10-11 10:00:00,0.7046917894528754,0.6820807287900285,0.6595014639947976,0.5719441355006207,0.5813068029305577,0.6480793966227136
2013-10-11 11:00:00,0.6438533883798092,0.6343655536231695,0.5927953368446524,0.5745223825998607,0.5520622183956235,0.5934228959936954
2013-10-11 12:00:00,0.5289231172065567,0.5101340323452027,0.5078676994726009,0.4523009365119754,0.4566548057733431,0.4857835220041937
2013-10-11 13:00:00,0.37492236310837407,0.3678976539226512,0.36796958559563864,0.3310181519395121,0.3205094036458273,0.3503640271987241
2013-10-11 14:00:00,0.23862500458801844,0.21756771947554557,0.19516029541222388,0.19453048621029664,0.1601710330224432,0.20845656105988647
2013-10-11 15:00:00,0.0638977787534498,0.06309320648483811,0.03830550666346961,0.057722373501929755,0.020656960149427323,0.04317775252656354
2013-10-11 16:00:00,0.0,0.0,0.0,0.0,0.0,0.0
2013-10-11 17:00:00,0.0,0.0,0.0,0.0,0.0,0.0
2013-10-11 18:00:00,0.0,0.0,0.0,0.0,0.0,0.0
2013-10-11 19:00:00,0.0,0.0,0.0,0.0,0.0,0.0
2013-10-11 20:00:00,0.0,0.0,0.0,0.0,0.0,0.0
2013-10-11 21:00:00,0.0,0.0,0.0,0.0,0.0,0.0
2013-10-11 22:00:00,0.0,0.0,0.0,0.0,0.0,0.0
2013-10-11 23:00:00,0.0,0.0,0.0,0.0,0.0,0.0
2013-10-12 00:00:00,0.0,0.0,0.0,0.0,0.0,0.0
2013-10-12 01:00:00,0.0,0.0,0.0,0.0,0.0,0.0
2013-10-12 02:00:00,0.0,0.0,0.0,0.0,0.0,0.0
2013-10-12 03:00:00,0.0,0.0,0.0,0.0,0.0,0.0
2013-10-12 04:00:00,0.025301155808514598,0.009912334405867659,0.039913430410846044,0.012323021010333326,0.04198171027239936,0.026954433319180342
2013-10-12 05:00:00,0.20271528072168682,0.16611013135353778,0.21663870027029128,0.13417549569497525,0.16212921756152043,0.20393395935521136
2013-10-12 06:00:00,0.42265549377856876,0.3823519990195422,0.4197890651576807,0.3061005921758974,0.28858785827046257,0.4063522288040878
2013-10-12 07:00:00,0.6009483412440886,0.5627012782094134,0.5584648701417005,0.42370950895762777,0.43461249653221284,0.5707508913139525
2013-10-12 08:00:00,0.6874808774063261,0.6738456745878088,0.6540464073047874,0.5530662137142315,0.519787402885502,0.6592239391340388
2013-10-12 09:00:00,0.7118459771259835,0.7186540294820364,0.6483623115594006,0.5953025662787729,0.5351791131371333,0.6816524800197005
2013-10-12 10:00:00,0.7088683375999563,0.7089924945840216,0.6513189039273192,0.616125912893678,0.5745104400697327,0.6636122131812291
2013-10-12 11:00:00,0.6726535801410711,0.6682115940543627,0.5885248244263267,0.586216636429064,0.5498282943179674,0.5952714539941537
2013-10-12 12:00:00,0.535978436382636,0.5446824248471275,0.45908130955478954,0.5067129071867476,0.46045122300333124,0.508055882164
2013-10-12 13:00:00,0.41590932017773286,0.41108753807358733,0.347551246697235,0.374361972783743,0.3342962040596986,0.38580359244373735
2013-10-12 14:00:00,0.2553525782358239,0.24865447968887827,0.19191373871803963,0.22916536647831692,0.17402396483630184,0.2127717360128767
2013-10-12 15:00:00,0.0727496414163432,0.06922690628438972,0.033519216817408375,0.06376796177782046,0.022327134239429815,0.04821950285925193
2013-10-12 16:00:00,0.0,0.0,0.0,0.0,0.0,0.0
2013-10-12 17:00:00,0.0,0.0,0.0,0.0,0.0,0.0
2013-10-12 18:00:00,0.0,0.0,0.0,0.0,0.0,0.0
2013-10-12 19:00:00,0.0,0.0,0.0,0.0,0.0,0.0
2013-10-12 20:00:00,0.0,0.0,0.0,0.0,0.0,0.0
2013-10-12 21:00:00,0.0,0.0,0.0,0.0,0.0,0.0
2013-10-12 22:00:00,0.0,0.0,0.0,0.0,0.0,0.0
2013-10-12 23:00:00,0.0,0.0,0.0,0.0,0.0,0.0
2013-10-13 00:00:00,0.0,0.0,0.0,0.0,0.0,0.0
2013-10-13 01:00:00,0.0,0.0,0.0,0.0,0.0,0.0
2013-10-13 02:00:00,0.0,0.0,0.0,0.0,0.0,0.0
2013-10-13 03:00:00,0.0,0.0,0.0,0.0,0.0,0.0
2013-10-13 04:00:00,0.02335052535070017,0.006416963345794566,0.036420774976959995,0.024369811637855426,0.06800230680692092,0.02753868450910349
2013-10-13 05:00:00,0.19591139017483783,0.13524739916847023,0.20841299147656775,0.18571191725943656,0.24865491445074558,0.19092139822120976
2013-10-13 06:00:00,0.39975126746762146,0.32159881677613755,0.38143787090942943,0.3709709475211132,0.4165582084172326,0.37639781034990505
2013-10-13 07:00:00,0.5724817320556332,0.513817533384032,0.564824695440327,0.49219866349228236,0.5710172438184512,0.5456490112566029
2013-10-13 08:00:00,0.6563858774846357,0.6039585491483445,0.6669275399032939,0.5777279130501587,0.6561623663889286,0.6349112211475773
2013-10-13 09:00:00,0.6821827598565606,0.6661884493222793,0.7011259839696553,0.6545728614440544,0.6755139845267812,0.6737683011544353
2013-10-13 10:00:00,0.6572280698714549,0.6510655751963311,0.6679874007292625,0.6437999800277195,0.6516824743798191,0.6438857545675476
2013-10-13 11:00:00,0.6291336216388443,0.5919359120536373,0.6102219137455878,0.6037515008901855,0.5905662587193007,0.5752981613301191
2013-10-13 12:00:00,0.5442409646021036,0.5106489127710055,0.5360252643536929,0.49579981662661354,0.524347279466805,0.5198483933331275
2013-10-13 13:00:00,0.3898842200982616,0.34764985652173735,0.3916448595235398,0.3877319541664304,0.3715066755622533,0.3766457702553185
2013-10-13 14:00:00,0.22771786324064036,0.1784930525933688,0.20679275519737528,0.2284008999421433,0.1740081061489987,0.18884248894873207
2013-10-13 15:00:00,0.06329750800173506,0.051968716826537045,0.04235924816564096,0.07057093339893827,0.02449474807121242,0.042872320651623004
2013-10-13 16:00:00,0.0,0.0,0.0,0.0,0.0,0.0
2013-10-13 17:00:00,0.0,0.0,0.0,0.0,0.0,0.0
2013-10-13 18:00:00,0.0,0.0,0.0,0.0,0.0,0.0
2013-10-13 19:00:00,0.0,0.0,0.0,0.0,0.0,0.0
2013-10-13 20:00:00,0.0,0.0,0.0,0.0,0.0,0.0
2013-10-13 21:00:00,0.0,0.0,0.0,0.0,0.0,0.0
2013-10-13 22:00:00,0.0,0.0,0.0,0.0,0.0,0.0
2013-10-13 23:00:00,0.0,0.0,0.0,0.0,0.0,0.0
2013-10-14 00:00:00,0.0,0.0,0.0,0.0,0.0,0.0
2013-10-14 01:00:00,0.0,0.0,0.0,0.0,0.0,0.0
2013-10-14 02:00:00,0.0,0.0,0.0,0.0,0.0,0.0
2013-10-14 03:00:00,0.0,0.0,0.0,0.0,0.0,0.0
2013-10-14 04:00:00,0.024638814122474553,0.008758838379197277,0.04382296415132057,0.022539298074618592,0.0676011470370448,0.02559782377421284
2013-10-14 05:00:00,0.2059404284818941,0.1685844850687401,0.23641876708233575,0.18363371517298474,0.257394505124699,0.1939586896398796
2013-10-14 06:00:00,0.4221555230502405,0.38284484431321775,0.4337479259725015,0.37915412509368757,0.44827071109259226,0.4042739983145034
2013-10-14 07:00:00,0.5791601787891294,0.5562626242570893,0.5707749136383596,0.5264868832702769,0.5639646878438223,0.5404512406627843
2013-10-14 08:00:00,0.6282450751280223,0.6425354146395326,0.6457731436423131,0.6177540098834793,0.6230626842389095,0.603450143154254
2013-10-14 09:00:00,0.6769850714881664,0.7053170291743404,0.6793544810143731,0.6650172416306674,0.6637241324984546,0.6665211432739501
2013-10-14 10:00:00,0.6565442130860818,0.6801511552437592,0.6255166601470735,0.6609141885191941,0.6006705287748859,0.6256208417566747
2013-10-14 11:00:00,0.6382871150752204,0.6480493409256861,0.6160069005064428,0.609556907764331,0.5684551479094043,0.5725916108727781
2013-10-14 12:00:00,0.51161778508428,0.5353901941410969,0.49743298356302124,0.49218452414036457,0.4524569386355932,0.43811881684065973
2013-10-14 13:00:00,0.40105666741063895,0.3849520627256767,0.3641331999081431,0.38392135186457604,0.3381823593788321,0.36270706298700206
2013-10-14 14:00:00,0.23056636004746695,0.2177277059819644,0.20036562305678454,0.2334375537520671,0.17440921955193814,0.1956814098154617
2013-10-14 15:00:00,0.060789296604363226,0.05915674443194236,0.038146129719772916,0.06718578362991463,0.023727135418207364,0.044722612521371594
2013-10-14 16:00:00,0.0,0.0,0.0,0.0,0.0,0.0
2013-10-14 17:00:00,0.0,0.0,0.0,0.0,0.0,0.0
2013-10-14 18:00:00,0.0,0.0,0.0,0.0,0.0,0.0
2013-10-14 19:00:00,0.0,0.0,0.0,0.0,0.0,0.0
2013-10-14 20:00:00,0.0,0.0,0.0,0.0,0.0,0.0
2013-10-14 21:00:00,0.0,0.0,0.0,0.0,0.0,0.0
2013-10-14 22:00:00,0.0,0.0,0.0,0.0,0.0,0.0
2013-10-14 23:00:00,0.0,0.0,0.0,0.0,0.0,0.0
2013-10-15 00:00:00,0.0,0.0,0.0,0.0,0.0,0.0
2013-10-15 01:00:00,0.0,0.0,0.0,0.0,0.0,0.0
2013-10-15 02:00:00,0.0,0.0,0.0,0.0,0.0,0.0
2013-10-15 03:00:00,0.0,0.0,0.0,0.0,0.0,0.0
2013-10-15 04:00:00,0.02587827502553154,0.009018358248204425,0.043707359623861,0.01789572100222478,0.05630937149244718,0.029776399169678627
2013-10-15 05:00:00,0.20851738559559166,0.16826031694826607,0.22449800310667947,0.15672392989009437,0.19875196081501537,0.21023105459128077
2013-10-15 06:00:00,0.4138469404044388,0.37731490047187444,0.42015566326123815,0.3315042471753478,0.35539929742838083,0.413235673002699
2013-10-15 07:00:00,0.568067158353172,0.5457038420228282,0.5664193708401446,0.4606120621410411,0.4966232934161604,0.5681100740923449
2013-10-15 08:00:00,0.6460565891644843,0.626899299186708,0.6370974973267416,0.596558017423912,0.5727074318298263,0.6552103165266554
2013-10-15 09:00:00,0.6359924362818684,0.6730982555903221,0.6599226209304561,0.5924767408321024,0.6126546505668744,0.7005879010681128
2013-10-15 10:00:00,0.6623494142458122,0.674970112199524,0.6766141938887591,0.5978097623835558,0.6118325294959904,0.6877135351515207
2013-10-15 11:00:00,0.5934612173836626,0.6301251617290018,0.6123091186492238,0.5509329953661815,0.5501209582051428,0.6337749462972926
2013-10-15 12:00:00,0.5262149472760711,0.5285151290219309,0.5180169588255213,0.502921170004275,0.48967180022509116,0.552583856217947
2013-10-15 13:00:00,0.4124793457328557,0.38197416814620017,0.39594263114519856,0.3613819749610982,0.3498672329635833,0.4083407759720439
2013-10-15 14:00:00,0.23884730094490902,0.20222739963260525,0.21081991522768534,0.22244008571475518,0.16978545182060667,0.22570595131795987
2013-10-15 15:00:00,0.06811064586977825,0.0599299450612952,0.04499266984309637,0.05756529771836275,0.02284562147000148,0.05387076651681476
2013-10-15 16:00:00,0.0,0.0,0.0,0.0,0.0,0.0
2013-10-15 17:00:00,0.0,0.0,0.0,0.0,0.0,0.0
2013-10-15 18:00:00,0.0,0.0,0.0,0.0,0.0,0.0
2013-10-15 19:00:00,0.0,0.0,0.0,0.0,0.0,0.0
2013-10-15 20:00:00,0.0,0.0,0.0,0.0,0.0,0.0
2013-10-15 21:00:00,0.0,0.0,0.0,0.0,0.0,0.0
2013-10-15 22:00:00,0.0,0.0,0.0,0.0,0.0,0.0
2013-10-15 23:00:00,0.0,0.0,0.0,0.0,0.0,0.0
2013-10-16 00:00:00,0.0,0.0,0.0,0.0,0.0,0.0
2013-10-16 01:00:00,0.0,0.0,0.0,0.0,0.0,0.0
2013-10-16 02:00:00,0.0,0.0,0.0,0.0,0.0,0.0
2013-10-16 03:00:00,0.0,0.0,0.0,0.0,0.0,0.0
2013-10-16 04:00:00,0.02642831192787978,0.009057385820845709,0.038859280865071476,0.014058919677128245,0.03535751322126075,0.031622934519542026
2013-10-16 05:00:00,0.2049212168817952,0.1602939945977063,0.19917028441167017,0.14157127674529474,0.13295148679412788,0.2148646709733373
2013-10-16 06:00:00,0.4267861037883015,0.3605335011438789,0.39662328352106324,0.31583890246624646,0.25311187342687474,0.42129115985290605
2013-10-16 07:00:00,0.575365227484326,0.513181778348563,0.5181621178887953,0.41951811559034496,0.35640135877542467,0.5819359880979185
2013-10-16 08:00:00,0.6347999872140218,0.5827825134445682,0.6373844874660007,0.507445077308009,0.4745908421864822,0.6794367100598929
2013-10-16 09:00:00,0.6733689231929059,0.6437103437387022,0.661543746862556,0.5904667105379091,0.5016277209281729,0.7122840441732222
2013-10-16 10:00:00,0.671204430775375,0.6375009502241743,0.65316367289671,0.5721930623049172,0.5551069527731811,0.7209669169722693
2013-10-16 11:00:00,0.6173943803649171,0.553377682103849,0.6139541278492276,0.5704849103398866,0.5488502541092783,0.6608661538057973
2013-10-16 12:00:00,0.5036517760931941,0.45567988040534946,0.5372213919354035,0.46970012782083287,0.4731900321507435,0.5659398488024385
2013-10-16 13:00:00,0.41076192039919285,0.33700110173231584,0.4124856870467075,0.3466870534690212,0.3432251140215302,0.41328701454087174
2013-10-16 14:00:00,0.25255442171623926,0.1930949279384482,0.23257742700269324,0.2167188864686323,0.17680128322009858,0.23543255535093718
2013-10-16 15:00:00,0.06572312816456814,0.055128649752005675,0.04649119876667543,0.057522698915525534,0.023744871241856536,0.05417142987993303
2013-10-16 16:00:00,0.0,0.0,0.0,0.0,0.0,0.0
2013-10-16 17:00:00,0.0,0.0,0.0,0.0,0.0,0.0
2013-10-16 18:00:00,0.0,0.0,0.0,0.0,0.0,0.0
2013-10-16 19:00:00,0.0,0.0,0.0,0.0,0.0,0.0
2013-10-16 20:00:00,0.0,0.0,0.0,0.0,0.0,0.0
2013-10-16 21:00:00,0.0,0.0,0.0,0.0,0.0,0.0
2013-10-16 22:00:00,0.0,0.0,0.0,0.0,0.0,0.0
2013-10-16 23:00:00,0.0,0.0,0.0,0.0,0.0,0.0
2013-10-17 00:00:00,0.0,0.0,0.0,0.0,0.0,0.0
2013-10-17 01:00:00,0.0,0.0,0.0,0.0,0.0,0.0
2013-10-17 02:00:00,0.0,0.0,0.0,0.0,0.0,0.0
2013-10-17 03:00:00,0.0,0.0,0.0,0.0,0.0,0.0
2013-10-17 04:00:00,0.02695889004083075,0.009596130328882239,0.04056485399902286,0.021212156660999494,0.04849340694643377,0.03164719151296045
2013-10-17 05:00:00,0.20741917281406097,0.15833628514002263,0.21111548996007232,0.1689221226223117,0.18949396994776221,0.2147991780177481
2013-10-17 06:00:00,0.4143668787533612,0.35169471481061737,0.4043416520012439,0.3390665064937226,0.3385317159375928,0.4233369489301571
2013-10-17 07:00:00,0.5917241850299676,0.5160073863384308,0.5411026774326096,0.47510404155953617,0.4277134468151299,0.5805292652484707
2013-10-17 08:00:00,0.691336994059365,0.6283442969511515,0.6359929758193631,0.5420405657124157,0.5342156571509131,0.6775454466110452
2013-10-17 09:00:00,0.7173102660992802,0.67398455237133,0.689419638947665,0.5940425065167901,0.6070264920981504,0.7048809036401691
2013-10-17 10:00:00,0.6979342682231355,0.658892952513935,0.6777594813945712,0.5838776327681746,0.6189086879575514,0.6919371570972148
2013-10-17 11:00:00,0.6288577285740109,0.6139899029154775,0.6240536462340441,0.5277333388667096,0.5876066011141877,0.659813043397705
2013-10-17 12:00:00,0.5642091512788926,0.5000301587299257,0.5480950361911343,0.4711999937794343,0.49410625924937535,0.5433638981438333
2013-10-17 13:00:00,0.433760049816121,0.36085293303184796,0.4096028570899724,0.3459881999716073,0.35201617425241827,0.4124003914567949
2013-10-17 14:00:00,0.25609708090605604,0.21760516751477124,0.23379625803596266,0.20980168592042558,0.17621987893079177,0.2332972263866543
2013-10-17 15:00:00,0.0715617458102665,0.06845949174459838,0.045553962700841284,0.05931666075376385,0.02397916831167668,0.052336318804667686
2013-10-17 16:00:00,0.0,0.0,0.0,0.0,0.0,0.0
2013-10-17 17:00:00,0.0,0.0,0.0,0.0,0.0,0.0
2013-10-17 18:00:00,0.0,0.0,0.0,0.0,0.0,0.0
2013-10-17 19:00:00,0.0,0.0,0.0,0.0,0.0,0.0
2013-10-17 20:00:00,0.0,0.0,0.0,0.0,0.0,0.0
2013-10-17 21:00:00,0.0,0.0,0.0,0.0,0.0,0.0
2013-10-17 22:00:00,0.0,0.0,0.0,0.0,0.0,0.0
2013-10-17 23:00:00,0.0,0.0,0.0,0.0,0.0,0.0
2013-10-18 00:00:00,0.0,0.0,0.0,0.0,0.0,0.0
2013-10-18 01:00:00,0.0,0.0,0.0,0.0,0.0,0.0
2013-10-18 02:00:00,0.0,0.0,0.0,0.0,0.0,0.0
2013-10-18 03:00:00,0.0,0.0,0.0,0.0,0.0,0.0
2013-10-18 04:00:00,0.02903366211033325,0.010213336956200084,0.04195253498356345,0.024142603399453403,0.05379412177676531,0.033000317072783544
2013-10-18 05:00:00,0.22270020838631369,0.1694097132771565,0.21862167761455964,0.18360350332416414,0.2084149881131439,0.21731208312622913
2013-10-18 06:00:00,0.4295118461885419,0.36665421987070135,0.41798436819560764,0.3715911867222407,0.38313909552812575,0.4217231968614881
2013-10-18 07:00:00,0.5969018212119434,0.526629401759624,0.5739352084422191,0.5280747527956777,0.45473316931469987,0.5831128021612697
2013-10-18 08:00:00,0.6968863208526799,0.6249641875595369,0.6651770699362187,0.6240680287814544,0.5398290437267169,0.6877575801111903
2013-10-18 09:00:00,0.734240377583841,0.6600288742500492,0.6930680108580964,0.656459026785881,0.5759723533054592,0.7347216295147457
2013-10-18 10:00:00,0.7256815513972027,0.6436139074157599,0.6485744183280191,0.6193192605296071,0.5214946289934322,0.7237608207831941
2013-10-18 11:00:00,0.651782734218354,0.602264147554443,0.5814703450364098,0.5504882467425349,0.5338797846685484,0.6685816832418243
2013-10-18 12:00:00,0.5679180767566546,0.5032980562257982,0.47193562349101686,0.4907892617921753,0.44912211013224995,0.5726522015025994
2013-10-18 13:00:00,0.4092014208550724,0.3663225774625436,0.32462127748807096,0.34479488329042707,0.32186455532206976,0.43272339717623926
2013-10-18 14:00:00,0.24513902265477905,0.21208024565149966,0.16466251371767748,0.20089914315529878,0.15149680842647698,0.24408460624628775
2013-10-18 15:00:00,0.07167337511710586,0.06115184160026904,0.03158443214106285,0.05804378515916924,0.01929443739841484,0.05490384577282605
2013-10-18 16:00:00,0.0,0.0,0.0,0.0,0.0,0.0
2013-10-18 17:00:00,0.0,0.0,0.0,0.0,0.0,0.0
2013-10-18 18:00:00,0.0,0.0,0.0,0.0,0.0,0.0
2013-10-18 19:00:00,0.0,0.0,0.0,0.0,0.0,0.0
2013-10-18 20:00:00,0.0,0.0,0.0,0.0,0.0,0.0
2013-10-18 21:00:00,0.0,0.0,0.0,0.0,0.0,0.0
2013-10-18 22:00:00,0.0,0.0,0.0,0.0,0.0,0.0
2013-10-18 23:00:00,0.0,0.0,0.0,0.0,0.0,0.0
2013-10-19 00:00:00,0.0,0.0,0.0,0.0,0.0,0.0
2013-10-19 01:00:00,0.0,0.0,0.0,0.0,0.0,0.0
2013-10-19 02:00:00,0.0,0.0,0.0,0.0,0.0,0.0
2013-10-19 03:00:00,0.0,0.0,0.0,0.0,0.0,0.0
2013-10-19 04:00:00,0.028115612346835496,0.010577489154297494,0.0454246624101811,0.024222162218177565,0.05405614413956007,0.031274541367853695
2013-10-19 05:00:00,0.21342710101713516,0.17552078011120545,0.23337992242848002,0.1767374612582909,0.21481245052394574,0.21367480030781974
2013-10-19 06:00:00,0.420164310680534,0.38192997032030945,0.43243873800930793,0.36480713737812437,0.38196425696843567,0.40804114268648833
2013-10-19 07:00:00,0.5943615246715417,0.568212195241096,0.5350477745587353,0.5085874545937503,0.5199683665667729,0.563241291512932
2013-10-19 08:00:00,0.6965834856688748,0.675125265121877,0.6402810005198725,0.5818572884295564,0.6231245567474163,0.673136058311135
2013-10-19 09:00:00,0.7201797262805191,0.7148649783989934,0.6838589695537493,0.6119634642025911,0.6428278635492342,0.7236121509371918
2013-10-19 10:00:00,0.6880216732753878,0.6884447452938903,0.6534673668821911,0.6081482293351603,0.6317492593309013,0.6994999985862979
2013-10-19 11:00:00,0.6083158212055039,0.6169513823740429,0.5954908521944027,0.5422957218311357,0.5538190550637768,0.6379194162086007
2013-10-19 12:00:00,0.4897061007231614,0.5241706715075289,0.45228595275920247,0.4623559409624476,0.4489694546159043,0.531566086189841
2013-10-19 13:00:00,0.3847966998497152,0.3782734899719558,0.3382640337255974,0.33615733532059583,0.32093971620208195,0.3842288602717482
2013-10-19 14:00:00,0.23020451172166775,0.23924761510139994,0.17141648822934166,0.20744455758010286,0.15881455499733535,0.21058942124507923
2013-10-19 15:00:00,0.07029347941008413,0.07458110513950154,0.03062035954650162,0.058647788891659065,0.021007068787427568,0.050968257512383576
2013-10-19 16:00:00,0.0,0.0,0.0,0.0,0.0,0.0
2013-10-19 17:00:00,0.0,0.0,0.0,0.0,0.0,0.0
2013-10-19 18:00:00,0.0,0.0,0.0,0.0,0.0,0.0
2013-10-19 19:00:00,0.0,0.0,0.0,0.0,0.0,0.0
2013-10-19 20:00:00,0.0,0.0,0.0,0.0,0.0,0.0
2013-10-19 21:00:00,0.0,0.0,0.0,0.0,0.0,0.0
2013-10-19 22:00:00,0.0,0.0,0.0,0.0,0.0,0.0
2013-10-19 23:00:00,0.0,0.0,0.0,0.0,0.0,0.0
2013-10-20 00:00:00,0.0,0.0,0.0,0.0,0.0,0.0
2013-10-20 01:00:00,0.0,0.0,0.0,0.0,0.0,0.0
2013-10-20 02:00:00,0.0,0.0,0.0,0.0,0.0,0.0
2013-10-20 03:00:00,0.0,0.0,0.0,0.0,0.0,0.0
2013-10-20 04:00:00,0.029187445896822546,0.010073461350138245,0.04835108526288419,0.024029630695807665,0.05526625576225388,0.032230274031851226
2013-10-20 05:00:00,0.22278751856441834,0.17836066903288184,0.24409493280846783,0.18650159567673594,0.22006471823875715,0.2130941299789092
2013-10-20 06:00:00,0.4411237789462965,0.38981871974176246,0.44375135774633795,0.3675131495288309,0.36539221030697433,0.4251190923325136
2013-10-20 07:00:00,0.6099660062471538,0.5674442077711116,0.5608862116175742,0.5048751218593481,0.47458609985697453,0.5798846045187447
2013-10-20 08:00:00,0.6904150502093044,0.6705772547840173,0.6366194052415746,0.6012330309928113,0.5485116556476275,0.685412695939899
2013-10-20 09:00:00,0.7365626923010054,0.7075146956108123,0.6900615897588294,0.6283326842315924,0.6088596938521025,0.724457304393689
2013-10-20 10:00:00,0.6982320539145177,0.6822880486196707,0.6598094278691754,0.6327269194340616,0.5903020902047812,0.7221934334712427
2013-10-20 11:00:00,0.6464435845471441,0.6268658409429395,0.6115949249089245,0.5856047884963653,0.5419982455441295,0.6863160378343955
2013-10-20 12:00:00,0.5531444320662373,0.5250165301069242,0.5152766174239669,0.4966211069626911,0.43561241889593727,0.5836042502410013
2013-10-20 13:00:00,0.4162447566921925,0.3913320379926919,0.34277436290030067,0.3754627232933594,0.30394568119285115,0.4360123437834128
2013-10-20 14:00:00,0.2553243478425859,0.24319391209005198,0.16886713554335642,0.20993570602568493,0.14916610620890372,0.24633073138000647
2013-10-20 15:00:00,0.07164370913843997,0.07246110393516308,0.03430836186108542,0.05800844498164117,0.018252012035851407,0.05636084681250075
2013-10-20 16:00:00,0.0,0.0,0.0,0.0,0.0,0.0
2013-10-20 17:00:00,0.0,0.0,0.0,0.0,0.0,0.0
2013-10-20 18:00:00,0.0,0.0,0.0,0.0,0.0,0.0
2013-10-20 19:00:00,0.0,0.0,0.0,0.0,0.0,0.0
2013-10-20 20:00:00,0.0,0.0,0.0,0.0,0.0,0.0
2013-10-20 21:00:00,0.0,0.0,0.0,0.0,0.0,0.0
2013-10-20 22:00:00,0.0,0.0,0.0,0.0,0.0,0.0
2013-10-20 23:00:00,0.0,0.0,0.0,0.0,0.0,0.0
2013-10-21 00:00:00,0.0,0.0,0.0,0.0,0.0,0.0
2013-10-21 01:00:00,0.0,0.0,0.0,0.0,0.0,0.0
2013-10-21 02:00:00,0.0,0.0,0.0,0.0,0.0,0.0
2013-10-21 03:00:00,0.0,0.0,0.0,0.0,0.0,0.0
2013-10-21 04:00:00,0.029553759855416122,0.010465714251563453,0.046162913479429454,0.020801651072437012,0.04547800537314181,0.0326463008218775
2013-10-21 05:00:00,0.22039148202064437,0.17806110406055814,0.23852954489417086,0.1656079734239155,0.18666003368754278,0.21798535131008095
2013-10-21 06:00:00,0.4341688404337774,0.390769327575403,0.43045290534019676,0.3469941031178516,0.30082468016415526,0.4251179972538904
2013-10-21 07:00:00,0.6112429880807998,0.5693232535440774,0.5761157166195545,0.4583132395810431,0.40843669326337007,0.5875897592709204
2013-10-21 08:00:00,0.7039602602261248,0.6780388942302659,0.6664236926802812,0.5530559320219063,0.47724545940575397,0.6806889356800978
2013-10-21 09:00:00,0.7353964034890232,0.7231020164886445,0.6935551338674635,0.5971927013693223,0.5267915172875818,0.7385334851546888
2013-10-21 10:00:00,0.73272186293104,0.7028725215199393,0.6816055774390376,0.6086165188117362,0.5631356232324853,0.7237191112899559
2013-10-21 11:00:00,0.6666843177814257,0.6216213480560026,0.6097444482805675,0.5633875935483622,0.4881304801882426,0.6562475872738486
2013-10-21 12:00:00,0.5398788750776692,0.5408993698522054,0.5064335586148637,0.4695944872315095,0.45855487852235466,0.5466441795274821
2013-10-21 13:00:00,0.40354625873919375,0.399329939016628,0.3367825481530523,0.35081795042811886,0.2881258759791348,0.3664843278679551
2013-10-21 14:00:00,0.24464149736253837,0.24530116066709323,0.1783516797012327,0.2112835368002857,0.1398320086960301,0.19788169821437904
2013-10-21 15:00:00,0.07086848788269065,0.07459759588389854,0.03617125362046821,0.060198524673122096,0.017963385951563094,0.046503086145668567
2013-10-21 16:00:00,0.0,0.0,0.0,0.0,0.0,0.0
2013-10-21 17:00:00,0.0,0.0,0.0,0.0,0.0,0.0
2013-10-21 18:00:00,0.0,0.0,0.0,0.0,0.0,0.0
2013-10-21 19:00:00,0.0,0.0,0.0,0.0,0.0,0.0
2013-10-21 20:00:00,0.0,0.0,0.0,0.0,0.0,0.0
2013-10-21 21:00:00,0.0,0.0,0.0,0.0,0.0,0.0
2013-10-21 22:00:00,0.0,0.0,0.0,0.0,0.0,0.0
2013-10-21 23:00:00,0.0,0.0,0.0,0.0,0.0,0.0
2013-10-22 00:00:00,0.0,0.0,0.0,0.0,0.0,0.0
2013-10-22 01:00:00,0.0,0.0,0.0,0.0,0.0,0.0
2013-10-22 02:00:00,0.0,0.0,0.0,0.0,0.0,0.0
2013-10-22 03:00:00,0.0,0.0,0.0,0.0,0.0,0.0
2013-10-22 04:00:00,0.029056688394070163,0.009747896095773872,0.045198772628464084,0.025614710182792745,0.042793875188265704,0.030625644881553754
2013-10-22 05:00:00,0.22309653839645968,0.17445010543245218,0.2333856297798601,0.1826941952076547,0.17559291364274376,0.21200179030478122
2013-10-22 06:00:00,0.43605509171562556,0.37705072564133335,0.4242334710242143,0.3673664192649089,0.31705294298595005,0.41698385355926865
2013-10-22 07:00:00,0.5978815826135458,0.5496435573626435,0.5532116677186526,0.5165903651210346,0.4194611256683634,0.5721188876144715
2013-10-22 08:00:00,0.6793567386113208,0.6440102264454421,0.6409292977873517,0.5709554883141837,0.5089916588332041,0.6729481032710013
2013-10-22 09:00:00,0.70824412219233,0.6976859530956439,0.6579338424872165,0.5940246191128049,0.5480349713604119,0.6999767314102291
2013-10-22 10:00:00,0.6631563203254978,0.6846307868244611,0.6132302409281567,0.6177658757836665,0.5516209288448155,0.6587356335355415
2013-10-22 11:00:00,0.5995038852233775,0.6005376404548313,0.5796006870764963,0.5520017294776712,0.5213283250649383,0.5943096347855595
2013-10-22 12:00:00,0.5313541029926557,0.5126207329644276,0.4677001124501893,0.45844745475696924,0.43417352120350566,0.48349333102631065
2013-10-22 13:00:00,0.3986979242474761,0.36904295834599016,0.33734704790330733,0.3270948959982893,0.2995112443445438,0.34793967736451015
2013-10-22 14:00:00,0.2428138757850399,0.22098569828071254,0.17479188354036915,0.1901126617056262,0.14026653566341812,0.18434870224183975
2013-10-22 15:00:00,0.06888654295018316,0.06159814099135306,0.03291058829681819,0.054863240475626775,0.01665976422830706,0.04584939876903617
2013-10-22 16:00:00,0.0,0.0,0.0,0.0,0.0,0.0
2013-10-22 17:00:00,0.0,0.0,0.0,0.0,0.0,0.0
2013-10-22 18:00:00,0.0,0.0,0.0,0.0,0.0,0.0
2013-10-22 19:00:00,0.0,0.0,0.0,0.0,0.0,0.0
2013-10-22 20:00:00,0.0,0.0,0.0,0.0,0.0,0.0
2013-10-22 21:00:00,0.0,0.0,0.0,0.0,0.0,0.0
2013-10-22 22:00:00,0.0,0.0,0.0,0.0,0.0,0.0
2013-10-22 23:00:00,0.0,0.0,0.0,0.0,0.0,0.0
2013-10-23 00:00:00,0.0,0.0,0.0,0.0,0.0,0.0
2013-10-23 01:00:00,0.0,0.0,0.0,0.0,0.0,0.0
2013-10-23 02:00:00,0.0,0.0,0.0,0.0,0.0,0.0
2013-10-23 03:00:00,0.0,0.0,0.0,0.0,0.0,0.0
2013-10-23 04:00:00,0.02548989054647344,0.009682176420836228,0.03843656960679446,0.02019696166934145,0.038677038848213156,0.0284355249499268
2013-10-23 05:00:00,0.20119201609914616,0.1715169976568756,0.21394982372806193,0.15541259655120906,0.17194620370292674,0.2050251707386832
2013-10-23 06:00:00,0.4069514754818499,0.3762419737103018,0.40116987928658143,0.334619636472737,0.3072235418334526,0.40309696331966466
2013-10-23 07:00:00,0.5836442136046904,0.5599264224831532,0.5468584858539765,0.5122483757623567,0.31350923550966653,0.5542083516509942
2013-10-23 08:00:00,0.6853292556585134,0.6662543243815294,0.6527146345667371,0.591822581790732,0.4303765005097292,0.6578295477428441
2013-10-23 09:00:00,0.6951243652293779,0.705349658894407,0.6780311903088596,0.6517822654783371,0.48178960794037984,0.7013665572926225
2013-10-23 10:00:00,0.6725883955313163,0.6688701230831523,0.6382290775835696,0.642198341239893,0.5143859135999972,0.6632761072892233
2013-10-23 11:00:00,0.6219528960692482,0.6109103331777365,0.5444789311542458,0.6032399168855842,0.46670417825284105,0.5830912444019031
2013-10-23 12:00:00,0.5314635553915817,0.5021518277019398,0.46764974184506397,0.48780378181962813,0.40521699649902143,0.5007816571760224
2013-10-23 13:00:00,0.3844506998003802,0.3600309195055161,0.33653333404876457,0.3285134190797577,0.2806201350650617,0.3429147843202153
2013-10-23 14:00:00,0.21926722968901027,0.20577150358352087,0.1785288700024501,0.1705569764070932,0.13582038432405358,0.19217577469928943
2013-10-23 15:00:00,0.050526292722915325,0.05307623603304291,0.029433663875110507,0.043189139849647444,0.01311111149514354,0.042311303825910786
2013-10-23 16:00:00,0.0,0.0,0.0,0.0,0.0,0.0
2013-10-23 17:00:00,0.0,0.0,0.0,0.0,0.0,0.0
2013-10-23 18:00:00,0.0,0.0,0.0,0.0,0.0,0.0
2013-10-23 19:00:00,0.0,0.0,0.0,0.0,0.0,0.0
2013-10-23 20:00:00,0.0,0.0,0.0,0.0,0.0,0.0
2013-10-23 21:00:00,0.0,0.0,0.0,0.0,0.0,0.0
2013-10-23 22:00:00,0.0,0.0,0.0,0.0,0.0,0.0
2013-10-23 23:00:00,0.0,0.0,0.0,0.0,0.0,0.0
2013-10-24 00:00:00,0.0,0.0,0.0,0.0,0.0,0.0
2013-10-24 01:00:00,0.0,0.0,0.0,0.0,0.0,0.0
2013-10-24 02:00:00,0.0,0.0,0.0,0.0,0.0,0.0
2013-10-24 03:00:00,0.0,0.0,0.0,0.0,0.0,0.0
2013-10-24 04:00:00,0.024834073456929156,0.008907431324418609,0.03375625756471101,0.015150662187217096,0.03657218406110027,0.029060019689837256
2013-10-24 05:00:00,0.1940902226892675,0.16237643610838837,0.19390712591846884,0.12357201680970792,0.15468242765023826,0.20077529981042974
2013-10-24 06:00:00,0.40763933171088107,0.3699638874755119,0.37741598665540144,0.2775581337860388,0.2924871313993224,0.4006616672189622
2013-10-24 07:00:00,0.5715947066157623,0.5393409725284233,0.5312005151018279,0.42665227921758464,0.4194751219787398,0.5686110528113878
2013-10-24 08:00:00,0.6310891313975286,0.6145906772741422,0.6319130281444936,0.5009697577244157,0.5254768892589431,0.6728192752449582
2013-10-24 09:00:00,0.6559698981703173,0.6776856912879464,0.6881913199360175,0.5452437129015114,0.5755728661552498,0.7064749775624908
2013-10-24 10:00:00,0.6532349301510477,0.6543938297921597,0.667104821434375,0.5213214850803801,0.5823302968398748,0.6930250950014039
2013-10-24 11:00:00,0.6212479249943472,0.6035545530611939,0.6434249195303688,0.4886124263436954,0.5683462311007405,0.6401105025324108
2013-10-24 12:00:00,0.5299342670166913,0.49349065356986527,0.5377311074800504,0.3971808810049573,0.4662678195381115,0.5386801209827059
2013-10-24 13:00:00,0.3872640887011614,0.35122563451383315,0.39481113392735634,0.2741049821651489,0.3338413941777092,0.3929623342119662
2013-10-24 14:00:00,0.22725599263402965,0.19008228981644046,0.22991340659347728,0.1401202973207926,0.16255136089763483,0.23158708362718924
2013-10-24 15:00:00,0.057605030398693406,0.04802860249227861,0.0424979411624573,0.03955139490950818,0.019500990047817437,0.04815890544766545
2013-10-24 16:00:00,0.0,0.0,0.0,0.0,0.0,0.0
2013-10-24 17:00:00,0.0,0.0,0.0,0.0,0.0,0.0
2013-10-24 18:00:00,0.0,0.0,0.0,0.0,0.0,0.0
2013-10-24 19:00:00,0.0,0.0,0.0,0.0,0.0,0.0
2013-10-24 20:00:00,0.0,0.0,0.0,0.0,0.0,0.0
2013-10-24 21:00:00,0.0,0.0,0.0,0.0,0.0,0.0
2013-10-24 22:00:00,0.0,0.0,0.0,0.0,0.0,0.0
2013-10-24 23:00:00,0.0,0.0,0.0,0.0,0.0,0.0
2013-10-25 00:00:00,0.0,0.0,0.0,0.0,0.0,0.0
2013-10-25 01:00:00,0.0,0.0,0.0,0.0,0.0,0.0
2013-10-25 02:00:00,0.0,0.0,0.0,0.0,0.0,0.0
2013-10-25 03:00:00,0.0,0.0,0.0,0.0,0.0,0.0
2013-10-25 04:00:00,0.029638415601490394,0.009518697383489264,0.05095525316417474,0.015969311125888234,0.05194196414127022,0.03378074327090819
2013-10-25 05:00:00,0.21436522646909345,0.1718020818803505,0.25100510144227983,0.14123030174727,0.20157979052986028,0.2227582946468707
2013-10-25 06:00:00,0.4197954879811828,0.371938379831094,0.4464751353822068,0.3048090041920447,0.37222677863990494,0.4331240277342974
2013-10-25 07:00:00,0.5759829649396602,0.5130931597231639,0.5956395510328314,0.44502305441318535,0.5215075717789961,0.5921638786815475
2013-10-25 08:00:00,0.6951096691574333,0.612684447528396,0.6866381171787241,0.5524671294495241,0.6408542938286953,0.6921758301938228
2013-10-25 09:00:00,0.7398770448645161,0.6822961273955136,0.7138266692460469,0.603132591554408,0.6629820921678002,0.7408766391445276
2013-10-25 10:00:00,0.7409816601189703,0.671537538708128,0.727242724827846,0.6089890949225734,0.6422245276322202,0.734366363884517
2013-10-25 11:00:00,0.6667670534280936,0.6249017071094658,0.6570930813005543,0.5856136087500032,0.576915002914179,0.6854442848879712
2013-10-25 12:00:00,0.5480303375565425,0.49659440359283474,0.5546267226882893,0.45192671550616914,0.4752135147667763,0.5824943425617581
2013-10-25 13:00:00,0.428417901939326,0.3602775470219291,0.4187979361342291,0.35329164940963986,0.35150679068169133,0.4388264369230668
2013-10-25 14:00:00,0.25911007060980673,0.19829373648621756,0.2349063624398629,0.20041852151482933,0.16982828517725382,0.2413497131257833
2013-10-25 15:00:00,0.07406275906015272,0.058182028566919855,0.044810276613114194,0.05854480495408868,0.02163350029014171,0.051652694277138866
2013-10-25 16:00:00,0.0,0.0,0.0,0.0,0.0,0.0
2013-10-25 17:00:00,0.0,0.0,0.0,0.0,0.0,0.0
2013-10-25 18:00:00,0.0,0.0,0.0,0.0,0.0,0.0
2013-10-25 19:00:00,0.0,0.0,0.0,0.0,0.0,0.0
2013-10-25 20:00:00,0.0,0.0,0.0,0.0,0.0,0.0
2013-10-25 21:00:00,0.0,0.0,0.0,0.0,0.0,0.0
2013-10-25 22:00:00,0.0,0.0,0.0,0.0,0.0,0.0
2013-10-25 23:00:00,0.0,0.0,0.0,0.0,0.0,0.0
2013-10-26 00:00:00,0.0,0.0,0.0,0.0,0.0,0.0
2013-10-26 01:00:00,0.0,0.0,0.0,0.0,0.0,0.0
2013-10-26 02:00:00,0.0,0.0,0.0,0.0,0.0,0.0
2013-10-26 03:00:00,0.0,0.0,0.0,0.0,0.0,0.0
2013-10-26 04:00:00,0.031419126838071,0.009122466175532477,0.05272309204541852,0.021321687179963036,0.0664829954102057,0.033949304787343
2013-10-26 05:00:00,0.22305591172214662,0.17074711361950373,0.25792811844921465,0.1593377751685027,0.24247595134086622,0.22283990656526964
2013-10-26 06:00:00,0.44432910355537353,0.383519719100349,0.46058413877313054,0.3363117791876148,0.3990039534709738,0.4320701263320026
2013-10-26 07:00:00,0.620796467293545,0.5684497253964665,0.5958250706174902,0.47730369581196896,0.560026593357652,0.5946574307178266
2013-10-26 08:00:00,0.7264567160658586,0.6742803018174165,0.6966196115438442,0.5545949990358218,0.6300632293241784,0.6898848280354922
2013-10-26 09:00:00,0.7630419423074839,0.7128310245788924,0.7411061341283967,0.5914934170700676,0.6779683924897666,0.7387891039830503
2013-10-26 10:00:00,0.7428371520185523,0.7032583595981206,0.7343156101407691,0.5725719918054195,0.6640282359217022,0.7447354819413029
2013-10-26 11:00:00,0.696911568867326,0.6433000862552235,0.6818509863714709,0.5521599013934104,0.6004568515976577,0.6951549184107675
2013-10-26 12:00:00,0.6045956647179516,0.5420293004268286,0.5824143975748376,0.460219045260435,0.495513896324024,0.6021565982646204
2013-10-26 13:00:00,0.4616672866337083,0.4073046673256243,0.43245007201864893,0.36123197878569335,0.355961364223065,0.4486526049737806
2013-10-26 14:00:00,0.2779233095429645,0.24131138235732122,0.2392028456271054,0.20616341287769754,0.18125151927372163,0.25306157998042966
2013-10-26 15:00:00,0.07708323079457603,0.07667832148091508,0.04540980128264509,0.059214978645006355,0.022601272770831397,0.05493362869274816
2013-10-26 16:00:00,0.0,0.0,0.0,0.0,0.0,0.0
2013-10-26 17:00:00,0.0,0.0,0.0,0.0,0.0,0.0
2013-10-26 18:00:00,0.0,0.0,0.0,0.0,0.0,0.0
2013-10-26 19:00:00,0.0,0.0,0.0,0.0,0.0,0.0
2013-10-26 20:00:00,0.0,0.0,0.0,0.0,0.0,0.0
2013-10-26 21:00:00,0.0,0.0,0.0,0.0,0.0,0.0
2013-10-26 22:00:00,0.0,0.0,0.0,0.0,0.0,0.0
2013-10-26 23:00:00,0.0,0.0,0.0,0.0,0.0,0.0
2013-10-27 00:00:00,0.0,0.0,0.0,0.0,0.0,0.0
2013-10-27 01:00:00,0.0,0.0,0.0,0.0,0.0,0.0
2013-10-27 02:00:00,0.0,0.0,0.0,0.0,0.0,0.0
2013-10-27 03:00:00,0.0,0.0,0.0,0.0,0.0,0.0
2013-10-27 04:00:00,0.033442521049903466,0.01031944430711205,0.0526481756781652,0.02702914602338769,0.0735661895235824,0.03492832029354746
2013-10-27 05:00:00,0.23148530430630376,0.18605661398225148,0.25778522366191203,0.1987567895775347,0.26179399885991217,0.22640063997919416
2013-10-27 06:00:00,0.4529101865229847,0.40174892344999674,0.46193724381819184,0.3839663601850392,0.4346328843440766,0.43812000724804473
2013-10-27 07:00:00,0.6292949414848599,0.5794839844488798,0.6108452017644247,0.5433139756385904,0.56461910961437,0.6001326761707068
2013-10-27 08:00:00,0.719241966736785,0.6823186123289487,0.6747468726239952,0.616197360093252,0.6194406674763042,0.6980969047302116
2013-10-27 09:00:00,0.7612453798422012,0.7147490448393476,0.7109144836254448,0.6455188094620087,0.6632269205949509,0.7468379456686738
2013-10-27 10:00:00,0.7584679495463186,0.698305523064768,0.7095346534457756,0.6418166792099664,0.6622415844422228,0.7423580708921224
2013-10-27 11:00:00,0.7014084426586145,0.6379290493998319,0.6532050294091692,0.584997947538844,0.5936447697896134,0.6969124160102931
2013-10-27 12:00:00,0.6055730784434548,0.547683406538201,0.5690910374891334,0.5040120775393206,0.49553502576646297,0.6024805020579393
2013-10-27 13:00:00,0.46163939728519365,0.3950666851978115,0.4095405907427079,0.3834347671461534,0.3562339189490323,0.44806110117287823
2013-10-27 14:00:00,0.27764833260392807,0.24753786314380302,0.2249734271228702,0.22996107884131264,0.17572832418667877,0.25236450808818117
2013-10-27 15:00:00,0.07640618105866288,0.0766112283829106,0.04354525806485958,0.06323434027234344,0.02203428184365921,0.054284645882771494
2013-10-27 16:00:00,0.0,0.0,0.0,0.0,0.0,0.0
2013-10-27 17:00:00,0.0,0.0,0.0,0.0,0.0,0.0
2013-10-27 18:00:00,0.0,0.0,0.0,0.0,0.0,0.0
2013-10-27 19:00:00,0.0,0.0,0.0,0.0,0.0,0.0
2013-10-27 20:00:00,0.0,0.0,0.0,0.0,0.0,0.0
2013-10-27 21:00:00,0.0,0.0,0.0,0.0,0.0,0.0
2013-10-27 22:00:00,0.0,0.0,0.0,0.0,0.0,0.0
2013-10-27 23:00:00,0.0,0.0,0.0,0.0,0.0,0.0
2013-10-28 00:00:00,0.0,0.0,0.0,0.0,0.0,0.0
2013-10-28 01:00:00,0.0,0.0,0.0,0.0,0.0,0.0
2013-10-28 02:00:00,0.0,0.0,0.0,0.0,0.0,0.0
2013-10-28 03:00:00,0.0,0.0,0.0,0.0,0.0,0.0
2013-10-28 04:00:00,0.031097334712200494,0.009484285245699851,0.050460653934716625,0.026731858543094945,0.06724600394921822,0.03414103975689309
2013-10-28 05:00:00,0.2265002376788311,0.17785409907055497,0.2524422896094496,0.19446672206928298,0.23156686028540904,0.22242167723260872
2013-10-28 06:00:00,0.4432126793411423,0.382738237695924,0.4530745905832967,0.38113627500886355,0.37507254932223644,0.4314736551441157
2013-10-28 07:00:00,0.6117191759501953,0.5597144794029743,0.5958708963719992,0.5310871994285234,0.5308057455368252,0.5891384806175994
2013-10-28 08:00:00,0.7166923731678123,0.6694190293576604,0.6574829873140067,0.6137123644474861,0.6021789387207125,0.6898925801421246
2013-10-28 09:00:00,0.7597802626240445,0.7019965755665085,0.7146386303029866,0.6664436276217424,0.6347534304937721,0.7279371130473326
2013-10-28 10:00:00,0.7309367709938669,0.661340248182061,0.7025568359346819,0.6541443019600672,0.6450106911650868,0.7312735582720475
2013-10-28 11:00:00,0.6517078112912554,0.5917346009783387,0.6504021803283433,0.5681701372806951,0.5907642091553788,0.6821692759755705
2013-10-28 12:00:00,0.5577842389257045,0.5154539834648691,0.5342865707676301,0.5062445873175525,0.49834893767200283,0.58132542467278
2013-10-28 13:00:00,0.4188793078022803,0.3876627572053072,0.3990420562090586,0.37939224014013295,0.3647897216953936,0.42419981621290415
2013-10-28 14:00:00,0.2554553844414407,0.23325709371528058,0.22085506401813837,0.2233763672141414,0.17156148637421142,0.23807752376056127
2013-10-28 15:00:00,0.06942264892491344,0.06652748709060986,0.04020220285939132,0.0679233669846234,0.02087597933240522,0.05181752304106451
2013-10-28 16:00:00,0.0,0.0,0.0,0.0,0.0,0.0
2013-10-28 17:00:00,0.0,0.0,0.0,0.0,0.0,0.0
2013-10-28 18:00:00,0.0,0.0,0.0,0.0,0.0,0.0
2013-10-28 19:00:00,0.0,0.0,0.0,0.0,0.0,0.0
2013-10-28 20:00:00,0.0,0.0,0.0,0.0,0.0,0.0
2013-10-28 21:00:00,0.0,0.0,0.0,0.0,0.0,0.0
2013-10-28 22:00:00,0.0,0.0,0.0,0.0,0.0,0.0
2013-10-28 23:00:00,0.0,0.0,0.0,0.0,0.0,0.0
2013-10-29 00:00:00,0.0,0.0,0.0,0.0,0.0,0.0
2013-10-29 01:00:00,0.0,0.0,0.0,0.0,0.0,0.0
2013-10-29 02:00:00,0.0,0.0,0.0,0.0,0.0,0.0
2013-10-29 03:00:00,0.0,0.0,0.0,0.0,0.0,0.0
2013-10-29 04:00:00,0.03099928669641327,0.008878690561365539,0.04722663887141184,0.022603707528975413,0.05749882203849163,0.032570496422602506
2013-10-29 05:00:00,0.22803066582475942,0.1735344583311633,0.23929542407109503,0.16536124205036423,0.2099980397427923,0.21802588476817655
2013-10-29 06:00:00,0.44833145852225265,0.3788570043377344,0.4348850054070281,0.33153379992156523,0.36117251443676984,0.42403551406681944
2013-10-29 07:00:00,0.6186966038934044,0.561456139203834,0.575809419195902,0.4704204806500547,0.5037003462032958,0.5837777422370686
2013-10-29 08:00:00,0.7106793094410006,0.659299751303543,0.6781026404331796,0.5866073326988989,0.6154044230855787,0.6889444668207897
2013-10-29 09:00:00,0.7356903094138956,0.6740622806048204,0.7028882084940279,0.6174294278014145,0.6106775188663838,0.7325644870842637
2013-10-29 10:00:00,0.702294259746717,0.644454347636645,0.7186959717950026,0.6162214683297023,0.6195752168516006,0.723270514948652
2013-10-29 11:00:00,0.6623079404614871,0.616610607403999,0.6607218383264359,0.6164571519540486,0.5588421771556277,0.6638023194999371
2013-10-29 12:00:00,0.5306357315528286,0.5068642474617071,0.5462269931896155,0.49265490502967546,0.4708419126629982,0.5710264058125499
2013-10-29 13:00:00,0.4244919327557868,0.3947416330356278,0.3995953689376245,0.3596118328931317,0.32003129374416195,0.4206739236059122
2013-10-29 14:00:00,0.25045869574025714,0.23067696976264204,0.21240118826601034,0.21186382103453563,0.15939178705641768,0.23611792638371515
2013-10-29 15:00:00,0.06930354948101185,0.07113663295534418,0.038598102624546084,0.05760345514524133,0.019400223685334474,0.05033845280085048
2013-10-29 16:00:00,0.0,0.0,0.0,0.0,0.0,0.0
2013-10-29 17:00:00,0.0,0.0,0.0,0.0,0.0,0.0
2013-10-29 18:00:00,0.0,0.0,0.0,0.0,0.0,0.0
2013-10-29 19:00:00,0.0,0.0,0.0,0.0,0.0,0.0
2013-10-29 20:00:00,0.0,0.0,0.0,0.0,0.0,0.0
2013-10-29 21:00:00,0.0,0.0,0.0,0.0,0.0,0.0
2013-10-29 22:00:00,0.0,0.0,0.0,0.0,0.0,0.0
2013-10-29 23:00:00,0.0,0.0,0.0,0.0,0.0,0.0
2013-10-30 00:00:00,0.0,0.0,0.0,0.0,0.0,0.0
2013-10-30 01:00:00,0.0,0.0,0.0,0.0,0.0,0.0
2013-10-30 02:00:00,0.0,0.0,0.0,0.0,0.0,0.0
2013-10-30 03:00:00,0.0,0.0,0.0,0.0,0.0,0.0
2013-10-30 04:00:00,0.030438443088931247,0.009191156240356756,0.03808235591998554,0.0182031371969561,0.04407659021300013,0.033537379272575586
2013-10-30 05:00:00,0.22113816564341043,0.17494585996449297,0.20239429702727538,0.14569567514297824,0.1668041555140902,0.22249281911202323
2013-10-30 06:00:00,0.43960059429222953,0.3870422053934751,0.39196579971322576,0.30334987209163433,0.32224655348590964,0.4322994158493476
2013-10-30 07:00:00,0.6110238043584925,0.5483128604669669,0.5560122596002456,0.43669227419855766,0.41733990488669076,0.591394334056195
2013-10-30 08:00:00,0.6894413593165079,0.6486721568008985,0.6445055858439873,0.5216237683640299,0.5143797742728339,0.6949760437866226
2013-10-30 09:00:00,0.7433523400494944,0.6792363259894283,0.6861933392538284,0.5631150653894161,0.5808989858698816,0.7443676037854728
2013-10-30 10:00:00,0.7124152092865816,0.6644933612360987,0.6577812695627593,0.5698579607956508,0.5691476709824836,0.7336396024515385
2013-10-30 11:00:00,0.6443840552927605,0.6085283584787239,0.6132718712438502,0.5225453008226415,0.5247293974544691,0.6835961714044658
2013-10-30 12:00:00,0.5376469204084658,0.5307480008024162,0.510872981131904,0.4520995009628687,0.4128121234191736,0.5898671340728915
2013-10-30 13:00:00,0.3839804405778231,0.39836140297948236,0.37756702456331215,0.33140756480706135,0.2926170965973225,0.44090140159857816
2013-10-30 14:00:00,0.2209403436242711,0.24769832066557096,0.19632661282377037,0.19518363666165545,0.13752316160709585,0.24583689749566054
2013-10-30 15:00:00,0.06124909010525117,0.07624773649924901,0.036063458670479664,0.054419247469105876,0.016918182660849834,0.05256471884762636
2013-10-30 16:00:00,0.0,0.0,0.0,0.0,0.0,0.0
2013-10-30 17:00:00,0.0,0.0,0.0,0.0,0.0,0.0
2013-10-30 18:00:00,0.0,0.0,0.0,0.0,0.0,0.0
2013-10-30 19:00:00,0.0,0.0,0.0,0.0,0.0,0.0
2013-10-30 20:00:00,0.0,0.0,0.0,0.0,0.0,0.0
2013-10-30 21:00:00,0.0,0.0,0.0,0.0,0.0,0.0
2013-10-30 22:00:00,0.0,0.0,0.0,0.0,0.0,0.0
2013-10-30 23:00:00,0.0,0.0,0.0,0.0,0.0,0.0
2013-10-31 00:00:00,0.0,0.0,0.0,0.0,0.0,0.0
2013-10-31 01:00:00,0.0,0.0,0.0,0.0,0.0,0.0
2013-10-31 02:00:00,0.0,0.0,0.0,0.0,0.0,0.0
2013-10-31 03:00:00,0.0,0.0,0.0,0.0,0.0,0.0
2013-10-31 04:00:00,0.029473175483517532,0.007773974153494346,0.044826078734324745,0.02164861530128166,0.03803875093291117,0.03389759147649979
2013-10-31 05:00:00,0.2108620620095132,0.16306461521783197,0.22418930591827932,0.15789432978508164,0.15241962437901008,0.22242176522720938
2013-10-31 06:00:00,0.4178707173379851,0.3577416125669677,0.39119937718023806,0.318349393979876,0.2520170885971236,0.4276700215202164
2013-10-31 07:00:00,0.5819282888353028,0.5265958367429078,0.5383515580375864,0.459698650321715,0.3400234740322402,0.5899884265243595
2013-10-31 08:00:00,0.661943018530473,0.6392832177361497,0.6199712368085295,0.5358266700049741,0.42458827233925067,0.6902484172775003
2013-10-31 09:00:00,0.7276669396697656,0.6964696496464612,0.6571575095552037,0.5808323832673551,0.43465985556725006,0.7394069264717132
2013-10-31 10:00:00,0.6840887256910632,0.6880378681384546,0.632246653147255,0.5864590138781256,0.44743420320192934,0.7218774738326439
2013-10-31 11:00:00,0.6270285233484361,0.6266543189780573,0.5707057876091389,0.5446146606092519,0.43321365392126626,0.6756650528502909
2013-10-31 12:00:00,0.5001178613186547,0.5364869813963487,0.49081355272965754,0.47900284830373235,0.3957023838639251,0.5800780190665288
2013-10-31 13:00:00,0.3694547053924097,0.43022069413434055,0.357907151302312,0.3413289847847494,0.28947661377287737,0.4349655868562219
2013-10-31 14:00:00,0.2162206754970153,0.2441334454962242,0.1835736621457012,0.2060768335169233,0.13609575617516964,0.23999256048867168
2013-10-31 15:00:00,0.0635747381801864,0.0736995029867524,0.033717231224323144,0.0528467953329222,0.015359041289991581,0.050824700065027234
2013-10-31 16:00:00,0.0,0.0,0.0,0.0,0.0,0.0
2013-10-31 17:00:00,0.0,0.0,0.0,0.0,0.0,0.0
2013-10-31 18:00:00,0.0,0.0,0.0,0.0,0.0,0.0
2013-10-31 19:00:00,0.0,0.0,0.0,0.0,0.0,0.0
2013-10-31 20:00:00,0.0,0.0,0.0,0.0,0.0,0.0
2013-10-31 21:00:00,0.0,0.0,0.0,0.0,0.0,0.0
2013-10-31 22:00:00,0.0,0.0,0.0,0.0,0.0,0.0
2013-10-31 23:00:00,0.0,0.0,0.0,0.0,0.0,0.0
2013-11-01 00:00:00,0.0,0.0,0.0,0.0,0.0,0.0
2013-11-01 01:00:00,0.0,0.0,0.0,0.0,0.0,0.0
2013-11-01 02:00:00,0.0,0.0,0.0,0.0,0.0,0.0
2013-11-01 03:00:00,0.0,0.0,0.0,0.0,0.0,0.0
2013-11-01 04:00:00,0.02777684061829892,0.008587690705969316,0.03260371458882973,0.015615952067923726,0.04326300307138742,0.03305927666508806
2013-11-01 05:00:00,0.21139894623140087,0.17855632977750346,0.18589104167778703,0.1516612603042811,0.15694019849512694,0.22122264877122225
2013-11-01 06:00:00,0.41893368912885853,0.37977015251984897,0.3602864318005632,0.30208620844249845,0.2988192416361235,0.4273710336897524
2013-11-01 07:00:00,0.5872853603197145,0.5535138946632844,0.49650512389303036,0.4673253019613744,0.39902326331120286,0.5835541185514127
2013-11-01 08:00:00,0.6709678158759166,0.6548122646001031,0.5697918104085389,0.537561613789875,0.4493288127764165,0.6866408689681146
2013-11-01 09:00:00,0.7015193233882029,0.694441856573313,0.5960706325495722,0.5178981578729566,0.46700197225766465,0.7365900085594859
2013-11-01 10:00:00,0.6857410899917369,0.6947940557111905,0.579340750286339,0.5558486397414463,0.4843258536701306,0.7177651792468405
2013-11-01 11:00:00,0.6146013089685259,0.6422495834180959,0.5522919077566567,0.5262875649752484,0.49283441571339814,0.6778183326309649
2013-11-01 12:00:00,0.5037068052406537,0.54258154241568,0.4854323288061037,0.42686515894906857,0.4316684659411141,0.5883771417713006
2013-11-01 13:00:00,0.3793180425079719,0.40253941409856997,0.3231770568501462,0.3275270663184414,0.2962985133263197,0.42535445412006134
2013-11-01 14:00:00,0.2305118660256649,0.25254725038296594,0.18762948623393222,0.18217078829874794,0.1536946145869083,0.2453212773639757
2013-11-01 15:00:00,0.0629860740198785,0.07626993673458297,0.031191612347172114,0.052738644767175075,0.015303316799005052,0.0506465330250321
2013-11-01 16:00:00,0.0,0.0,0.0,0.0,0.0,0.0
2013-11-01 17:00:00,0.0,0.0,0.0,0.0,0.0,0.0
2013-11-01 18:00:00,0.0,0.0,0.0,0.0,0.0,0.0
2013-11-01 19:00:00,0.0,0.0,0.0,0.0,0.0,0.0
2013-11-01 20:00:00,0.0,0.0,0.0,0.0,0.0,0.0
2013-11-01 21:00:00,0.0,0.0,0.0,0.0,0.0,0.0
2013-11-01 22:00:00,0.0,0.0,0.0,0.0,0.0,0.0
2013-11-01 23:00:00,0.0,0.0,0.0,0.0,0.0,0.0
2013-11-02 00:00:00,0.0,0.0,0.0,0.0,0.0,0.0
2013-11-02 01:00:00,0.0,0.0,0.0,0.0,0.0,0.0
2013-11-02 02:00:00,0.0,0.0,0.0,0.0,0.0,0.0
2013-11-02 03:00:00,0.0,0.0,0.0,0.0,0.0,0.0
2013-11-02 04:00:00,0.02579023890308246,0.008134529274713585,0.036510824813668456,0.01398402959632946,0.054544780478908594,0.03165650226733569
2013-11-02 05:00:00,0.20864914102233795,0.18080514544465823,0.20108260693104787,0.13950886695060316,0.1857125187713922,0.2176187638425089
2013-11-02 06:00:00,0.4149184731961266,0.39599820615285,0.381924590184602,0.294752267854931,0.33273398027432666,0.42597280559049444
2013-11-02 07:00:00,0.5773584439393132,0.5726760813446585,0.5004318654988272,0.4207663139862515,0.4796030258669742,0.5842917940644318
2013-11-02 08:00:00,0.6821303641696261,0.6863298982946467,0.5796129476745214,0.5084988227875804,0.5429006267503697,0.6887970008135115
2013-11-02 09:00:00,0.7409691548419723,0.7195547451761077,0.6449657347235066,0.6030013488553743,0.5942226711115023,0.7322152867659394
2013-11-02 10:00:00,0.6978724752335963,0.6998876754131194,0.6186972150683714,0.5912731213456801,0.6051798772306309,0.7154091635645652
2013-11-02 11:00:00,0.5996593319289679,0.6298360744237113,0.5449110167848292,0.5145410784811945,0.5452679495487468,0.6704571912628494
2013-11-02 12:00:00,0.526996173422931,0.5475742425391628,0.49090330471063454,0.45243794933442055,0.4579734082060325,0.5690401059125203
2013-11-02 13:00:00,0.41427982958632936,0.4075994058281618,0.3446872003568965,0.3440728269079306,0.33292196969564364,0.41938215488770325
2013-11-02 14:00:00,0.23323346663528705,0.24033554773292157,0.17790432099734632,0.17695869441694273,0.15826308176193024,0.23100321673739288
2013-11-02 15:00:00,0.05935918004580448,0.073666116749208,0.02837890637807389,0.0468478396316249,0.016088782807615994,0.04835430406731967
2013-11-02 16:00:00,0.0,0.0,0.0,0.0,0.0,0.0
2013-11-02 17:00:00,0.0,0.0,0.0,0.0,0.0,0.0
2013-11-02 18:00:00,0.0,0.0,0.0,0.0,0.0,0.0
2013-11-02 19:00:00,0.0,0.0,0.0,0.0,0.0,0.0
2013-11-02 20:00:00,0.0,0.0,0.0,0.0,0.0,0.0
2013-11-02 21:00:00,0.0,0.0,0.0,0.0,0.0,0.0
2013-11-02 22:00:00,0.0,0.0,0.0,0.0,0.0,0.0
2013-11-02 23:00:00,0.0,0.0,0.0,0.0,0.0,0.0
2013-11-03 00:00:00,0.0,0.0,0.0,0.0,0.0,0.0
2013-11-03 01:00:00,0.0,0.0,0.0,0.0,0.0,0.0
2013-11-03 02:00:00,0.0,0.0,0.0,0.0,0.0,0.0
2013-11-03 03:00:00,0.0,0.0,0.0,0.0,0.0,0.0
2013-11-03 04:00:00,0.026068463016441,0.007553757005648014,0.039311849449154834,0.01964302582504393,0.07111692657344769,0.02948397082889437
2013-11-03 05:00:00,0.20242294956357632,0.1726280741452059,0.21261251856708327,0.1553732997141424,0.25183140508399365,0.2087250599455045
2013-11-03 06:00:00,0.4120833923062671,0.38436285101687806,0.4071278373801235,0.32823517959296344,0.4236529386117173,0.40850912098509673
2013-11-03 07:00:00,0.57618700310044,0.5482733181951424,0.5344314896885343,0.49503175514722064,0.5370649986272313,0.5739309983373305
2013-11-03 08:00:00,0.6722274405164222,0.668710862540042,0.6073201547660412,0.5767807784330096,0.5833418631583046,0.676157012939123
2013-11-03 09:00:00,0.7042517902526484,0.7084737113630825,0.6401489321424294,0.6081880129992517,0.6190062972579585,0.7161219022424785
2013-11-03 10:00:00,0.6514214521318792,0.6766008771987198,0.6188191265522563,0.5870865474421344,0.5910726934436297,0.7057902492108338
2013-11-03 11:00:00,0.6080669622198821,0.6292728368806514,0.5706415075387496,0.5474897118477849,0.5580765551375899,0.656373072904759
2013-11-03 12:00:00,0.550222693530078,0.5564879701809097,0.4980428868735267,0.497541496694762,0.4719698159095683,0.5757732298595329
2013-11-03 13:00:00,0.39609919486541806,0.4114343876249329,0.34360069844033914,0.3417302359935029,0.3150106060805597,0.42653417773661123
2013-11-03 14:00:00,0.23839166381665108,0.2534689346119904,0.17778888560832862,0.19726967554995362,0.14838057722395676,0.23578139896015274
2013-11-03 15:00:00,0.060789161810440966,0.07386182738873268,0.029886973692661054,0.053522981244675666,0.016203557326144508,0.04809610167435634
2013-11-03 16:00:00,0.0,0.0,0.0,0.0,0.0,0.0
2013-11-03 17:00:00,0.0,0.0,0.0,0.0,0.0,0.0
2013-11-03 18:00:00,0.0,0.0,0.0,0.0,0.0,0.0
2013-11-03 19:00:00,0.0,0.0,0.0,0.0,0.0,0.0
2013-11-03 20:00:00,0.0,0.0,0.0,0.0,0.0,0.0
2013-11-03 21:00:00,0.0,0.0,0.0,0.0,0.0,0.0
2013-11-03 22:00:00,0.0,0.0,0.0,0.0,0.0,0.0
2013-11-03 23:00:00,0.0,0.0,0.0,0.0,0.0,0.0
2013-11-04 00:00:00,0.0,0.0,0.0,0.0,0.0,0.0
2013-11-04 01:00:00,0.0,0.0,0.0,0.0,0.0,0.0
2013-11-04 02:00:00,0.0,0.0,0.0,0.0,0.0,0.0
2013-11-04 03:00:00,0.0,0.0,0.0,0.0,0.0,0.0
2013-11-04 04:00:00,0.02338361728270805,0.007147809789919702,0.03788048958625679,0.012430548030923017,0.03725432172506782,0.02892498498945903
2013-11-04 05:00:00,0.19281067164722118,0.17289026400634178,0.20605548468752796,0.12912596344863492,0.14816889454504728,0.21119824280176458
2013-11-04 06:00:00,0.4019565941131441,0.37888712834823746,0.3817642419067427,0.28883680949880086,0.25559575275622837,0.41667466689424487
2013-11-04 07:00:00,0.5452005052829817,0.5495298072184529,0.5106580313353258,0.3993122561059948,0.31669296924167506,0.5657718600832286
2013-11-04 08:00:00,0.6597852006633413,0.6627524009462895,0.5609860327637601,0.4881316833983943,0.3966590468731158,0.6629296010865808
2013-11-04 09:00:00,0.6623303652172364,0.7184962669285568,0.5174393343457013,0.545715601316602,0.36639015373930217,0.6972443325161656
2013-11-04 10:00:00,0.6637766735162312,0.710515294740623,0.48261899816882853,0.5683917671326003,0.4347597792961482,0.6599590015608569
2013-11-04 11:00:00,0.6217928430890873,0.6549223762473214,0.5326193181661564,0.5209426801550023,0.4723431528988088,0.6406784221531712
2013-11-04 12:00:00,0.5313676375987729,0.5515269648069512,0.41677557785414115,0.4578159762007429,0.3826431047084152,0.5426540962435975
2013-11-04 13:00:00,0.38588364695462596,0.4181001535929294,0.3037665727749962,0.3443936212801226,0.2760102440498311,0.39398068302046724
2013-11-04 14:00:00,0.2147264571897181,0.25232591760986456,0.13590142362310836,0.18911553676311826,0.13659039426599878,0.22407405318607718
2013-11-04 15:00:00,0.054285493930012224,0.07058023891226291,0.021403993484368056,0.04652935865947701,0.012780624252096454,0.04388570997644813
2013-11-04 16:00:00,0.0,0.0,0.0,0.0,0.0,0.0
2013-11-04 17:00:00,0.0,0.0,0.0,0.0,0.0,0.0
2013-11-04 18:00:00,0.0,0.0,0.0,0.0,0.0,0.0
2013-11-04 19:00:00,0.0,0.0,0.0,0.0,0.0,0.0
2013-11-04 20:00:00,0.0,0.0,0.0,0.0,0.0,0.0
2013-11-04 21:00:00,0.0,0.0,0.0,0.0,0.0,0.0
2013-11-04 22:00:00,0.0,0.0,0.0,0.0,0.0,0.0
2013-11-04 23:00:00,0.0,0.0,0.0,0.0,0.0,0.0
2013-11-05 00:00:00,0.0,0.0,0.0,0.0,0.0,0.0
2013-11-05 01:00:00,0.0,0.0,0.0,0.0,0.0,0.0
2013-11-05 02:00:00,0.0,0.0,0.0,0.0,0.0,0.0
2013-11-05 03:00:00,0.0,0.0,0.0,0.0,0.0,0.0
2013-11-05 04:00:00,0.01616182597506608,0.006788427967342413,0.027965448541082842,0.012352890789255317,0.028501265910587877,0.028057564397129888
2013-11-05 05:00:00,0.16700456432955837,0.17501102513500003,0.16363707149151796,0.1298613321500738,0.12253128906244533,0.20401405790685956
2013-11-05 06:00:00,0.37377551866450215,0.3870242056632397,0.3165500339686591,0.29317616589597717,0.25502217608383115,0.4052208271417896
2013-11-05 07:00:00,0.47083410691380395,0.5595539633595483,0.39294824783079524,0.3416849537965112,0.36413698792140803,0.5473413510286659
2013-11-05 08:00:00,0.5344626229239093,0.6644873743886057,0.4730319836290302,0.4313473508301332,0.45533937414541137,0.6430303924190159
2013-11-05 09:00:00,0.5814843128848766,0.710105224367701,0.4988856188435598,0.46374538018459155,0.4907040230293258,0.6807420162778549
2013-11-05 10:00:00,0.5542294288558979,0.6945740670146928,0.5085581305874326,0.4559851331369683,0.5008166348181684,0.667913461147207
2013-11-05 11:00:00,0.4951951343165843,0.6193302350691676,0.4754652314701972,0.3918588509228721,0.4413319368273295,0.6358720647975062
2013-11-05 12:00:00,0.42191035267172783,0.5062081879235987,0.38440552972999004,0.3315532272448429,0.3426156748784721,0.531148028821767
2013-11-05 13:00:00,0.29623878494212746,0.369444759110224,0.2696398771957611,0.23385446400489088,0.2724203398290057,0.3892248461109791
2013-11-05 14:00:00,0.1750825684282496,0.21087437449444765,0.1313352340354101,0.13570097158772618,0.1283203339829976,0.21413966008411495
2013-11-05 15:00:00,0.04205020275200763,0.05624283960679432,0.01863264767029091,0.030181736104986128,0.011661136231046868,0.04261529823316675
2013-11-05 16:00:00,0.0,0.0,0.0,0.0,0.0,0.0
2013-11-05 17:00:00,0.0,0.0,0.0,0.0,0.0,0.0
2013-11-05 18:00:00,0.0,0.0,0.0,0.0,0.0,0.0
2013-11-05 19:00:00,0.0,0.0,0.0,0.0,0.0,0.0
2013-11-05 20:00:00,0.0,0.0,0.0,0.0,0.0,0.0
2013-11-05 21:00:00,0.0,0.0,0.0,0.0,0.0,0.0
2013-11-05 22:00:00,0.0,0.0,0.0,0.0,0.0,0.0
2013-11-05 23:00:00,0.0,0.0,0.0,0.0,0.0,0.0
2013-11-06 00:00:00,0.0,0.0,0.0,0.0,0.0,0.0
2013-11-06 01:00:00,0.0,0.0,0.0,0.0,0.0,0.0
2013-11-06 02:00:00,0.0,0.0,0.0,0.0,0.0,0.0
2013-11-06 03:00:00,0.0,0.0,0.0,0.0,0.0,0.0
2013-11-06 04:00:00,0.018175334658686256,0.00602300288492862,0.02840590503484774,0.014472603008511867,0.03860418611795842,0.02884908098520191
2013-11-06 05:00:00,0.1750211941711542,0.16389189865051598,0.17705072837901722,0.14590176662009782,0.1729858739250866,0.2087572361775307
2013-11-06 06:00:00,0.37040203948510464,0.36842055720211425,0.33913810880833295,0.31000091392831575,0.29436924122844266,0.41702920197901094
2013-11-06 07:00:00,0.570482854182752,0.5431361606969126,0.5305452269271805,0.49107276899896396,0.4506214889465727,0.5734029697010974
2013-11-06 08:00:00,0.6743470423490939,0.6516339477914604,0.6119649121834155,0.5883932854791573,0.5517341876627087,0.6674840737457026
2013-11-06 09:00:00,0.7113011820595737,0.7053377537048594,0.6085808349867026,0.637113531406193,0.5704245324589254,0.6900417782817266
2013-11-06 10:00:00,0.6635212065755801,0.6956316239870171,0.5658551266973704,0.5761867628326464,0.48425069431696194,0.6834632964187574
2013-11-06 11:00:00,0.5502153380077446,0.6214914961447502,0.5234638723654788,0.5292739275290808,0.4902349504974051,0.6400053186086678
2013-11-06 12:00:00,0.4438150417670172,0.5108740487235057,0.39850757817310734,0.4314190859396655,0.3879951375961443,0.5080386761099281
2013-11-06 13:00:00,0.32919747474955996,0.37511705788924193,0.28605291353408646,0.3323549583252298,0.2869908233614039,0.373119456660335
2013-11-06 14:00:00,0.16829918312048112,0.20130170274332115,0.13241497494940846,0.15249915292729982,0.1285403166038084,0.19211488211810634
2013-11-06 15:00:00,0.045445402193407015,0.057900836000347046,0.018946332109437126,0.03946017056235715,0.014312962249132784,0.0392976662987528
2013-11-06 16:00:00,0.0,0.0,0.0,0.0,0.0,0.0
2013-11-06 17:00:00,0.0,0.0,0.0,0.0,0.0,0.0
2013-11-06 18:00:00,0.0,0.0,0.0,0.0,0.0,0.0
2013-11-06 19:00:00,0.0,0.0,0.0,0.0,0.0,0.0
2013-11-06 20:00:00,0.0,0.0,0.0,0.0,0.0,0.0
2013-11-06 21:00:00,0.0,0.0,0.0,0.0,0.0,0.0
2013-11-06 22:00:00,0.0,0.0,0.0,0.0,0.0,0.0
2013-11-06 23:00:00,0.0,0.0,0.0,0.0,0.0,0.0
2013-11-07 00:00:00,0.0,0.0,0.0,0.0,0.0,0.0
2013-11-07 01:00:00,0.0,0.0,0.0,0.0,0.0,0.0
2013-11-07 02:00:00,0.0,0.0,0.0,0.0,0.0,0.0
2013-11-07 03:00:00,0.0,0.0,0.0,0.0,0.0,0.0
2013-11-07 04:00:00,0.022375730425274836,0.0057579709637496914,0.04004451767262508,0.011466306657815664,0.054505037953309646,0.02929128751964495
2013-11-07 05:00:00,0.18613785842001213,0.1630886199698607,0.22608032766656191,0.11510259310731645,0.22741616099500747,0.21263371273175266
2013-11-07 06:00:00,0.3994604880267218,0.36928914608436303,0.4222546832050461,0.27738074386369,0.3824625594949816,0.42017104462801286
2013-11-07 07:00:00,0.5644213575834262,0.529473028192191,0.5374311787130177,0.3857913920582109,0.5278537304594175,0.5793627468117124
2013-11-07 08:00:00,0.6756405947796211,0.6453623517373768,0.6441119841661571,0.4782734979060094,0.598190068877207,0.6797056782525067
2013-11-07 09:00:00,0.6879849465088987,0.6587198095793466,0.6475966204545606,0.5075584209389307,0.6145399388303111,0.7231188337199345
2013-11-07 10:00:00,0.6703547099977006,0.6532138815335207,0.6194812507926147,0.5199610368094721,0.6255071093570226,0.7199964104414353
2013-11-07 11:00:00,0.6190312817941435,0.5711459780144443,0.576920851957494,0.5120284357195835,0.5684427244890574,0.6680304845498711
2013-11-07 12:00:00,0.5389254284870267,0.4689841436919155,0.509571344846658,0.4292555876136645,0.47693391187696815,0.573122787738632
2013-11-07 13:00:00,0.38722770218414254,0.33179525203896926,0.3820088128576614,0.2891324229234545,0.345492634166663,0.4260662511421768
2013-11-07 14:00:00,0.22666056420301203,0.1894327962221865,0.20141491935988212,0.17622994258195737,0.16754972457807757,0.23499985642379428
2013-11-07 15:00:00,0.0532634700148431,0.05052910785493523,0.03613316359220602,0.03961199714660006,0.020229354008050742,0.04711166853986128
2013-11-07 16:00:00,0.0,0.0,0.0,0.0,0.0,0.0
2013-11-07 17:00:00,0.0,0.0,0.0,0.0,0.0,0.0
2013-11-07 18:00:00,0.0,0.0,0.0,0.0,0.0,0.0
2013-11-07 19:00:00,0.0,0.0,0.0,0.0,0.0,0.0
2013-11-07 20:00:00,0.0,0.0,0.0,0.0,0.0,0.0
2013-11-07 21:00:00,0.0,0.0,0.0,0.0,0.0,0.0
2013-11-07 22:00:00,0.0,0.0,0.0,0.0,0.0,0.0
2013-11-07 23:00:00,0.0,0.0,0.0,0.0,0.0,0.0
2013-11-08 00:00:00,0.0,0.0,0.0,0.0,0.0,0.0
2013-11-08 01:00:00,0.0,0.0,0.0,0.0,0.0,0.0
2013-11-08 02:00:00,0.0,0.0,0.0,0.0,0.0,0.0
2013-11-08 03:00:00,0.0,0.0,0.0,0.0,0.0,0.0
2013-11-08 04:00:00,0.02575791012050607,0.005593418966776998,0.04569545643635252,0.01785624960218094,0.063648142721304,0.02988454167858052
2013-11-08 05:00:00,0.2027612887509665,0.15059426488559585,0.23608903916146146,0.13909607632722276,0.23065816932193653,0.21353908625371082
2013-11-08 06:00:00,0.41675189107666977,0.34743790500948035,0.44028637642522006,0.3033451038928144,0.393123736222067,0.42123241217908614
2013-11-08 07:00:00,0.5840981686835728,0.5036922204301086,0.5805850482142213,0.40766095735376995,0.5005246008899417,0.582623013149587
2013-11-08 08:00:00,0.6782927778439503,0.6015246651773564,0.6734436073406259,0.5138818017680099,0.5824698683464156,0.681975126401012
2013-11-08 09:00:00,0.7300350779187162,0.6418946985055409,0.723612291332428,0.5621794525420576,0.634162452542134,0.7239752831156137
2013-11-08 10:00:00,0.7225362766163159,0.6255515532407482,0.6984953071760248,0.5612597908291025,0.6179095466559673,0.7255861741243405
2013-11-08 11:00:00,0.6517629712391101,0.5529259844560913,0.668985832788804,0.47669327312874893,0.5735737065946337,0.6752342159108535
2013-11-08 12:00:00,0.5601286998885918,0.4842774718789803,0.5579310329745902,0.44085527591387297,0.47487132062560683,0.5760396267129214
2013-11-08 13:00:00,0.4205113772463413,0.3536982989172146,0.41308068557041805,0.3137709483834733,0.34862092176565024,0.43465819050343346
2013-11-08 14:00:00,0.24115051418990754,0.19578364486603078,0.22343221677558456,0.17277748243904278,0.17218673606537543,0.23609942757168867
2013-11-08 15:00:00,0.05994930368231569,0.05380361499127439,0.03822858265949998,0.04137339558579381,0.020252488031306092,0.04944575319954477
2013-11-08 16:00:00,0.0,0.0,0.0,0.0,0.0,0.0
2013-11-08 17:00:00,0.0,0.0,0.0,0.0,0.0,0.0
2013-11-08 18:00:00,0.0,0.0,0.0,0.0,0.0,0.0
2013-11-08 19:00:00,0.0,0.0,0.0,0.0,0.0,0.0
2013-11-08 20:00:00,0.0,0.0,0.0,0.0,0.0,0.0
2013-11-08 21:00:00,0.0,0.0,0.0,0.0,0.0,0.0
2013-11-08 22:00:00,0.0,0.0,0.0,0.0,0.0,0.0
2013-11-08 23:00:00,0.0,0.0,0.0,0.0,0.0,0.0
2013-11-09 00:00:00,0.0,0.0,0.0,0.0,0.0,0.0
2013-11-09 01:00:00,0.0,0.0,0.0,0.0,0.0,0.0
2013-11-09 02:00:00,0.0,0.0,0.0,0.0,0.0,0.0
2013-11-09 03:00:00,0.0,0.0,0.0,0.0,0.0,0.0
2013-11-09 04:00:00,0.027207464455473652,0.004532279184079267,0.046339596725279465,0.021835998393318255,0.0714667383165834,0.028970277103146126
2013-11-09 05:00:00,0.19915428670587657,0.14394605213936434,0.23781130627695227,0.17276612460619337,0.2576408864821202,0.20752608074082726
2013-11-09 06:00:00,0.40761099334575385,0.33189270528208686,0.43921304285458035,0.3490842484153163,0.4346851590965659,0.41385432625194946
2013-11-09 07:00:00,0.5651077632168418,0.49502317945196783,0.5908794039039765,0.479362088698626,0.5633495345311695,0.5740550846677513
2013-11-09 08:00:00,0.663030593315716,0.548684269756295,0.6484068486220791,0.5630528752963738,0.5982771149511196,0.6638527029667173
2013-11-09 09:00:00,0.714713748274441,0.5848808192011026,0.6925155303682288,0.6030306305631818,0.6135930894857035,0.6961708209696171
2013-11-09 10:00:00,0.6926513707914621,0.6001540445896564,0.698963682338143,0.5912110883533261,0.5864921489245646,0.6638023702902776
2013-11-09 11:00:00,0.6204007828526206,0.5308961796143188,0.6556031101951898,0.5192903414727768,0.5641083087274246,0.600523347096467
2013-11-09 12:00:00,0.5094505087636441,0.47287440373219797,0.5513706040433107,0.44270434270685,0.4890266973364031,0.5102902386090649
2013-11-09 13:00:00,0.36429638800017217,0.3183626066919218,0.40051591386181995,0.32358844464626646,0.34191983294749073,0.38291271363354773
2013-11-09 14:00:00,0.2378396992450349,0.19840663542047235,0.2146805990721969,0.1763260344462691,0.16331782862273642,0.21371432308955582
2013-11-09 15:00:00,0.051536620361113665,0.05070203208870687,0.037417760853991455,0.04188600470210254,0.017829568346373822,0.04278577310896515
2013-11-09 16:00:00,0.0,0.0,0.0,0.0,0.0,0.0
2013-11-09 17:00:00,0.0,0.0,0.0,0.0,0.0,0.0
2013-11-09 18:00:00,0.0,0.0,0.0,0.0,0.0,0.0
2013-11-09 19:00:00,0.0,0.0,0.0,0.0,0.0,0.0
2013-11-09 20:00:00,0.0,0.0,0.0,0.0,0.0,0.0
2013-11-09 21:00:00,0.0,0.0,0.0,0.0,0.0,0.0
2013-11-09 22:00:00,0.0,0.0,0.0,0.0,0.0,0.0
2013-11-09 23:00:00,0.0,0.0,0.0,0.0,0.0,0.0
2013-11-10 00:00:00,0.0,0.0,0.0,0.0,0.0,0.0
2013-11-10 01:00:00,0.0,0.0,0.0,0.0,0.0,0.0
2013-11-10 02:00:00,0.0,0.0,0.0,0.0,0.0,0.0
2013-11-10 03:00:00,0.0,0.0,0.0,0.0,0.0,0.0
2013-11-10 04:00:00,0.026148302496903343,0.00386644479295541,0.03781135964970969,0.015346220398875517,0.058642590001381036,0.027719567335974873
2013-11-10 05:00:00,0.20719577890717045,0.14866923116191819,0.20970613085709305,0.13570084156253087,0.21497173755685356,0.20784244227396495
2013-11-10 06:00:00,0.4183309290767703,0.36317149130931975,0.391668632025776,0.29553007269729975,0.38523439097856504,0.4167700278037381
2013-11-10 07:00:00,0.5873888396151873,0.5151785285571641,0.5460258450017772,0.4206326758670697,0.5107152036788867,0.5794590467521433
2013-11-10 08:00:00,0.690297022606622,0.5838647467293011,0.6181946122930108,0.5377411831304426,0.5760153672668209,0.6734451557048706
2013-11-10 09:00:00,0.7425713830829058,0.6249342435119288,0.7057114231474142,0.5776298637523921,0.6485599341394321,0.7231795851407843
2013-11-10 10:00:00,0.7350195072550939,0.6151564472103678,0.6944679171537108,0.5850542736108176,0.6128619036230754,0.6999573473636628
2013-11-10 11:00:00,0.6652947357981254,0.5540041173149098,0.6365182625060714,0.555813300491844,0.5436561244137044,0.6295289885622737
2013-11-10 12:00:00,0.5554891853578358,0.48060259479996514,0.5484219011529041,0.48134968585423554,0.46855148418220305,0.5383471512206075
2013-11-10 13:00:00,0.39431835544676996,0.3435378559830065,0.3958721233622244,0.3417474687158664,0.3127344737289998,0.3991223944835678
2013-11-10 14:00:00,0.22919238454071497,0.18664618543111022,0.20654890241836354,0.202063186599427,0.14633350044977916,0.2177648541667075
2013-11-10 15:00:00,0.059017583345186884,0.051795691381853796,0.03853805786969367,0.052129698306643046,0.017806405238693444,0.044791557721706066
2013-11-10 16:00:00,0.0,0.0,0.0,0.0,0.0,0.0
2013-11-10 17:00:00,0.0,0.0,0.0,0.0,0.0,0.0
2013-11-10 18:00:00,0.0,0.0,0.0,0.0,0.0,0.0
2013-11-10 19:00:00,0.0,0.0,0.0,0.0,0.0,0.0
2013-11-10 20:00:00,0.0,0.0,0.0,0.0,0.0,0.0
2013-11-10 21:00:00,0.0,0.0,0.0,0.0,0.0,0.0
2013-11-10 22:00:00,0.0,0.0,0.0,0.0,0.0,0.0
2013-11-10 23:00:00,0.0,0.0,0.0,0.0,0.0,0.0
2013-11-11 00:00:00,0.0,0.0,0.0,0.0,0.0,0.0
2013-11-11 01:00:00,0.0,0.0,0.0,0.0,0.0,0.0
2013-11-11 02:00:00,0.0,0.0,0.0,0.0,0.0,0.0
2013-11-11 03:00:00,0.0,0.0,0.0,0.0,0.0,0.0
2013-11-11 04:00:00,0.026081162161892647,0.003627950265988063,0.043168374392873944,0.01718436946233323,0.03957984705832495,0.02677370412807664
2013-11-11 05:00:00,0.1998845692702899,0.14806659271532147,0.22952237699554864,0.1487081480089742,0.1609607361033878,0.20467235860253685
2013-11-11 06:00:00,0.4039722492664869,0.349354952099615,0.43465049488897006,0.3001927039162475,0.2691416933281474,0.4134648288123607
2013-11-11 07:00:00,0.580262643589045,0.5410590260532762,0.5836956491956012,0.47925729658387245,0.3981592953928352,0.5750768627915753
2013-11-11 08:00:00,0.6918102615905173,0.6419188490400598,0.6713036087374536,0.5870451598211386,0.4607022248248248,0.6735651778417167
2013-11-11 09:00:00,0.7181501846749206,0.6796835465755503,0.7090316167305405,0.6346963571422545,0.4919591537372064,0.7203537015899858
2013-11-11 10:00:00,0.713842414035874,0.6885323144165862,0.7055727064542404,0.6226674575500881,0.520088991598779,0.7145733094845373
2013-11-11 11:00:00,0.6359786751972596,0.625737593988797,0.6400498595228281,0.5778686356585238,0.484173941230129,0.6520043016955571
2013-11-11 12:00:00,0.5324481186675759,0.5348154243641599,0.5214564892295797,0.4759144542512585,0.3563942695383238,0.5579797591144726
2013-11-11 13:00:00,0.3974073637022371,0.3991648812347003,0.3720041694810109,0.36410658463187057,0.23706216093452528,0.41635658071228027
2013-11-11 14:00:00,0.2368362557034978,0.24338346566285773,0.18903081346711822,0.20528453497789284,0.12242745638571055,0.2192988532609497
2013-11-11 15:00:00,0.056090346032177295,0.06311668161470495,0.031783045471745285,0.055017221852637806,0.013463191151029476,0.04357906911533998
2013-11-11 16:00:00,0.0,0.0,0.0,0.0,0.0,0.0
2013-11-11 17:00:00,0.0,0.0,0.0,0.0,0.0,0.0
2013-11-11 18:00:00,0.0,0.0,0.0,0.0,0.0,0.0
2013-11-11 19:00:00,0.0,0.0,0.0,0.0,0.0,0.0
2013-11-11 20:00:00,0.0,0.0,0.0,0.0,0.0,0.0
2013-11-11 21:00:00,0.0,0.0,0.0,0.0,0.0,0.0
2013-11-11 22:00:00,0.0,0.0,0.0,0.0,0.0,0.0
2013-11-11 23:00:00,0.0,0.0,0.0,0.0,0.0,0.0
2013-11-12 00:00:00,0.0,0.0,0.0,0.0,0.0,0.0
2013-11-12 01:00:00,0.0,0.0,0.0,0.0,0.0,0.0
2013-11-12 02:00:00,0.0,0.0,0.0,0.0,0.0,0.0
2013-11-12 03:00:00,0.0,0.0,0.0,0.0,0.0,0.0
2013-11-12 04:00:00,0.019947787043714933,0.0034551188604347058,0.020346422959684297,0.017570714229499552,0.02576415032462229,0.02298092680800154
2013-11-12 05:00:00,0.1764902815934682,0.1661181911847501,0.11931947606553805,0.1458240213856665,0.10145949464321481,0.19735889156873027
2013-11-12 06:00:00,0.3658802895855927,0.3811984964681279,0.2394095241614391,0.31507253597063883,0.20536843588984402,0.40042412607878125
2013-11-12 07:00:00,0.45727617605724863,0.5536870216476015,0.2617241381068697,0.45885255713366874,0.21614752493032804,0.5471173260626027
2013-11-12 08:00:00,0.5490153226213186,0.6557536937403069,0.30731349069125047,0.561657118826682,0.2779538082873517,0.6302449142958522
2013-11-12 09:00:00,0.5835020228079572,0.7003590028430688,0.31535749767726984,0.5860397150305572,0.31055091744489793,0.6731825590757268
2013-11-12 10:00:00,0.6167134052182541,0.712800507728912,0.3333745977988695,0.614812970123586,0.29977062838822516,0.6679344781711138
2013-11-12 11:00:00,0.5591809858276046,0.6552914443943759,0.31852092462249104,0.5581322737166662,0.25109476252817037,0.6378067204969361
2013-11-12 12:00:00,0.43226089415533664,0.5547544218219538,0.28060206553305017,0.43784301696987155,0.21594222650973047,0.5478395728498988
2013-11-12 13:00:00,0.32345302257113034,0.39465159796112176,0.15181709400264756,0.3313966474719364,0.11453251798462202,0.387194864089875
2013-11-12 14:00:00,0.17080446942080788,0.23682606443765486,0.07546576093626921,0.17116571142314166,0.05311604067137155,0.20952757268969818
2013-11-12 15:00:00,0.04600661223507957,0.07375905551968948,0.00919137321659301,0.04876623996871694,0.0033976211429494977,0.04067148267889944
2013-11-12 16:00:00,0.0,0.0,0.0,0.0,0.0,0.0
2013-11-12 17:00:00,0.0,0.0,0.0,0.0,0.0,0.0
2013-11-12 18:00:00,0.0,0.0,0.0,0.0,0.0,0.0
2013-11-12 19:00:00,0.0,0.0,0.0,0.0,0.0,0.0
2013-11-12 20:00:00,0.0,0.0,0.0,0.0,0.0,0.0
2013-11-12 21:00:00,0.0,0.0,0.0,0.0,0.0,0.0
2013-11-12 22:00:00,0.0,0.0,0.0,0.0,0.0,0.0
2013-11-12 23:00:00,0.0,0.0,0.0,0.0,0.0,0.0
2013-11-13 00:00:00,0.0,0.0,0.0,0.0,0.0,0.0
2013-11-13 01:00:00,0.0,0.0,0.0,0.0,0.0,0.0
2013-11-13 02:00:00,0.0,0.0,0.0,0.0,0.0,0.0
2013-11-13 03:00:00,0.0,0.0,0.0,0.0,0.0,0.0
2013-11-13 04:00:00,0.0046915299389845705,0.0016660780949084473,0.005122936798647582,0.0109564364618375,0.022025812637618842,0.017008569132136095
2013-11-13 05:00:00,0.09995645977501867,0.15650329424235948,0.038617320187161415,0.13425936328009352,0.11125149509147335,0.16864031611960506
2013-11-13 06:00:00,0.22379234051028887,0.3598038781986959,0.09229779043900607,0.29654852032656587,0.2122571513863997,0.3437110925049758
2013-11-13 07:00:00,0.34277837210159284,0.5279432148684615,0.18934585616452546,0.45565736432950843,0.31168463077629194,0.4859912473485177
2013-11-13 08:00:00,0.41084426119910583,0.6138179149064577,0.24018519024571086,0.5289640620264362,0.40434617435804915,0.5788680784267953
2013-11-13 09:00:00,0.4477230998346608,0.6455833576216555,0.25080849648304804,0.5481616024189341,0.45102495578885476,0.5987132574640925
2013-11-13 10:00:00,0.4017350133952798,0.6375483596869249,0.2711828674742991,0.5495561874301639,0.5300059524852702,0.6069755576237804
2013-11-13 11:00:00,0.41650348095300777,0.5750659907766545,0.24086121230360577,0.5137449959921896,0.4726345407163097,0.5131691062557066
2013-11-13 12:00:00,0.3721375062080591,0.4767936275949879,0.216000555393288,0.44848902627909465,0.41777412751377335,0.41475673612215314
2013-11-13 13:00:00,0.2369476112336399,0.32215205850480877,0.16509710170268233,0.29894912449161265,0.2776906852406807,0.30600750670382554
2013-11-13 14:00:00,0.11653760167069124,0.189851360676392,0.0855114271181997,0.15877084039719916,0.1456624335523896,0.1639912069797975
2013-11-13 15:00:00,0.0253133454063249,0.05517935285495108,0.013320817050124762,0.04024170696509627,0.01423077630328138,0.029646106096669705
2013-11-13 16:00:00,0.0,0.0,0.0,0.0,0.0,0.0
2013-11-13 17:00:00,0.0,0.0,0.0,0.0,0.0,0.0
2013-11-13 18:00:00,0.0,0.0,0.0,0.0,0.0,0.0
2013-11-13 19:00:00,0.0,0.0,0.0,0.0,0.0,0.0
2013-11-13 20:00:00,0.0,0.0,0.0,0.0,0.0,0.0
2013-11-13 21:00:00,0.0,0.0,0.0,0.0,0.0,0.0
2013-11-13 22:00:00,0.0,0.0,0.0,0.0,0.0,0.0
2013-11-13 23:00:00,0.0,0.0,0.0,0.0,0.0,0.0
2013-11-14 00:00:00,0.0,0.0,0.0,0.0,0.0,0.0
2013-11-14 01:00:00,0.0,0.0,0.0,0.0,0.0,0.0
2013-11-14 02:00:00,0.0,0.0,0.0,0.0,0.0,0.0
2013-11-14 03:00:00,0.0,0.0,0.0,0.0,0.0,0.0
2013-11-14 04:00:00,0.012274889886308855,0.001317463679634728,0.028658967359474607,0.011941989325613408,0.03118446311716409,0.015207335089507968
2013-11-14 05:00:00,0.1485314961478299,0.13452843717876262,0.17187252653755014,0.12814748170809817,0.13580637240604276,0.1661001881627724
2013-11-14 06:00:00,0.34054615607529504,0.3358821956331858,0.32336498494416804,0.29634268872761077,0.225141494209893,0.35070351220836354
2013-11-14 07:00:00,0.4370390192000277,0.48160878594599543,0.40414500507925105,0.3976109771523666,0.31742810603161176,0.5029948376775494
2013-11-14 08:00:00,0.5390681974771262,0.5947346316032415,0.46001999649007264,0.473310839495252,0.45568737159634665,0.5816907326053224
2013-11-14 09:00:00,0.572739226242483,0.6450079472733097,0.5124084250198359,0.5086829337579324,0.5197487173657726,0.618046422162791
2013-11-14 10:00:00,0.5630830296707159,0.6230632833979394,0.4955083712863387,0.526908121466459,0.49272749969813934,0.5829429495805263
2013-11-14 11:00:00,0.5247511233015679,0.5855436212120392,0.4759760667311077,0.47926722714687303,0.4768862922239738,0.5760607689179176
2013-11-14 12:00:00,0.478562097627426,0.51599382962578,0.41521578846791807,0.3992687742055057,0.40772667445294514,0.4962218940801551
2013-11-14 13:00:00,0.31866771070147265,0.3694768978604345,0.29764717285563913,0.28706017538078465,0.27372666391854383,0.34434245705902233
2013-11-14 14:00:00,0.164867998282709,0.2032037703391775,0.13436559799420686,0.1815014680176813,0.11921937417571836,0.17788576061403885
2013-11-14 15:00:00,0.03240543695910297,0.049404687320714485,0.021033828190938856,0.039505290304303796,0.012576954569972813,0.03507736742573452
2013-11-14 16:00:00,0.0,0.0,0.0,0.0,0.0,0.0
2013-11-14 17:00:00,0.0,0.0,0.0,0.0,0.0,0.0
2013-11-14 18:00:00,0.0,0.0,0.0,0.0,0.0,0.0
2013-11-14 19:00:00,0.0,0.0,0.0,0.0,0.0,0.0
2013-11-14 20:00:00,0.0,0.0,0.0,0.0,0.0,0.0
2013-11-14 21:00:00,0.0,0.0,0.0,0.0,0.0,0.0
2013-11-14 22:00:00,0.0,0.0,0.0,0.0,0.0,0.0
2013-11-14 23:00:00,0.0,0.0,0.0,0.0,0.0,0.0
2013-11-15 00:00:00,0.0,0.0,0.0,0.0,0.0,0.0
2013-11-15 01:00:00,0.0,0.0,0.0,0.0,0.0,0.0
2013-11-15 02:00:00,0.0,0.0,0.0,0.0,0.0,0.0
2013-11-15 03:00:00,0.0,0.0,0.0,0.0,0.0,0.0
2013-11-15 04:00:00,0.005824062435272311,0.0010611885562567985,0.018143776248714574,0.005540601075557902,0.018618859508119746,0.016137660958984456
2013-11-15 05:00:00,0.10178031914578496,0.12044605342732935,0.1295914673864367,0.07930852449507142,0.09767023411720133,0.17249056816801348
2013-11-15 06:00:00,0.25790741123840055,0.2939454829505541,0.2675136827032803,0.20305025409303332,0.1841439970413731,0.35160364341260697
2013-11-15 07:00:00,0.3810058483746796,0.4500142161795449,0.3370392982249104,0.27564946149581326,0.2881216019911502,0.4895649841245791
2013-11-15 08:00:00,0.5066016578256909,0.5445838120076506,0.4363378304517866,0.34594683808051885,0.39778244901668675,0.6048519821504612
2013-11-15 09:00:00,0.5768269924120139,0.6218999541755132,0.47816198139155736,0.4058262818757872,0.4490205660938104,0.6121986247392724
2013-11-15 10:00:00,0.5792270877238512,0.6318563126039416,0.5115263132665719,0.3850416279262695,0.48612246332652037,0.6314452124719176
2013-11-15 11:00:00,0.49695717714647525,0.58070787190151,0.4720199839637919,0.3249217472405251,0.45615990189284444,0.5976277690529445
2013-11-15 12:00:00,0.4062382713803591,0.4964221623874467,0.35991553673508125,0.25241289673527056,0.35129399429741687,0.48779409993482464
2013-11-15 13:00:00,0.28698163031500173,0.3570885701248883,0.27369636557969396,0.16711080139486234,0.2574889967302909,0.33967831975385426
2013-11-15 14:00:00,0.13738972240054784,0.19374582914570437,0.14972258362535976,0.08767733938224256,0.12427930950057126,0.17947599995736468
2013-11-15 15:00:00,0.025547340262764093,0.04795492734488283,0.02197764445712313,0.022657808728231747,0.010215455598036743,0.0348115348783793
2013-11-15 16:00:00,0.0,0.0,0.0,0.0,0.0,0.0
2013-11-15 17:00:00,0.0,0.0,0.0,0.0,0.0,0.0
2013-11-15 18:00:00,0.0,0.0,0.0,0.0,0.0,0.0
2013-11-15 19:00:00,0.0,0.0,0.0,0.0,0.0,0.0
2013-11-15 20:00:00,0.0,0.0,0.0,0.0,0.0,0.0
2013-11-15 21:00:00,0.0,0.0,0.0,0.0,0.0,0.0
2013-11-15 22:00:00,0.0,0.0,0.0,0.0,0.0,0.0
2013-11-15 23:00:00,0.0,0.0,0.0,0.0,0.0,0.0
2013-11-16 00:00:00,0.0,0.0,0.0,0.0,0.0,0.0
2013-11-16 01:00:00,0.0,0.0,0.0,0.0,0.0,0.0
2013-11-16 02:00:00,0.0,0.0,0.0,0.0,0.0,0.0
2013-11-16 03:00:00,0.0,0.0,0.0,0.0,0.0,0.0
2013-11-16 04:00:00,0.011672035719043676,0.0010072902617655729,0.02522705586468807,0.007087704182999498,0.025018899256289053,0.016911397230876264
2013-11-16 05:00:00,0.14533200200831126,0.11803271062333526,0.16993227305766495,0.09490849351149162,0.13118773840404999,0.17633023957294042
2013-11-16 06:00:00,0.3241746942912368,0.29534496935784404,0.3574289539795278,0.21407014383333053,0.2684676153255968,0.3755463902498299
2013-11-16 07:00:00,0.458266496138131,0.43455961987390745,0.5033200283204176,0.3334779970857013,0.3772781814337612,0.5342007136586504
2013-11-16 08:00:00,0.5450994792762336,0.5354848688717138,0.5954829669294732,0.42258207196135056,0.4840997850945067,0.6457710882775413
2013-11-16 09:00:00,0.591282439888999,0.5934899030435475,0.6365154809380384,0.498205831696249,0.5198968923483245,0.652344298722976
2013-11-16 10:00:00,0.6199057698998311,0.6207416757162932,0.6406509436497753,0.5186445654235727,0.5487288333780664,0.661061588895541
2013-11-16 11:00:00,0.5568492202771264,0.5683791233332921,0.5864669236460759,0.46150150173633453,0.5231567352777563,0.5968230785302292
2013-11-16 12:00:00,0.4552786399445389,0.47074625192525954,0.49797903007612926,0.38861486542049256,0.42305429307444276,0.5056862996459052
2013-11-16 13:00:00,0.3305690240312338,0.3358672748133222,0.34299788863933206,0.2853162425995627,0.29275072717739264,0.36275073009289754
2013-11-16 14:00:00,0.18056612579428066,0.19240273987923212,0.19058620282346062,0.1592836827404515,0.14344083041414116,0.18643805590319878
2013-11-16 15:00:00,0.04073753626697861,0.05389281204567298,0.033105862816615386,0.04409148378425445,0.013685433816031187,0.033507442805927254
2013-11-16 16:00:00,0.0,0.0,0.0,0.0,0.0,0.0
2013-11-16 17:00:00,0.0,0.0,0.0,0.0,0.0,0.0
2013-11-16 18:00:00,0.0,0.0,0.0,0.0,0.0,0.0
2013-11-16 19:00:00,0.0,0.0,0.0,0.0,0.0,0.0
2013-11-16 20:00:00,0.0,0.0,0.0,0.0,0.0,0.0
2013-11-16 21:00:00,0.0,0.0,0.0,0.0,0.0,0.0
2013-11-16 22:00:00,0.0,0.0,0.0,0.0,0.0,0.0
2013-11-16 23:00:00,0.0,0.0,0.0,0.0,0.0,0.0
2013-11-17 00:00:00,0.0,0.0,0.0,0.0,0.0,0.0
2013-11-17 01:00:00,0.0,0.0,0.0,0.0,0.0,0.0
2013-11-17 02:00:00,0.0,0.0,0.0,0.0,0.0,0.0
2013-11-17 03:00:00,0.0,0.0,0.0,0.0,0.0,0.0
2013-11-17 04:00:00,0.017227450469339416,0.001582501887646825,0.030927825574745712,0.020628162337195357,0.05820635428865843,0.01941506906802731
2013-11-17 05:00:00,0.16593516660106641,0.12287770019852509,0.1796558598967277,0.17801979386433778,0.22561336052515116,0.17601918456785448
2013-11-17 06:00:00,0.3519451939751547,0.28249829447270625,0.3653910197693771,0.35062096105122564,0.400240267960004,0.3843200263601958
2013-11-17 07:00:00,0.5113563434381935,0.4387014966808347,0.5431215910567525,0.49960551761011274,0.5160746803954301,0.5334722929922628
2013-11-17 08:00:00,0.6113001308289849,0.5514532799906403,0.6231070753979687,0.5817306362625448,0.5960167195695225,0.6136181745859911
2013-11-17 09:00:00,0.6373131485472712,0.5894994871744554,0.6401143657574764,0.6335560862803399,0.5967653956601408,0.658958376376276
2013-11-17 10:00:00,0.6157699159084934,0.5854124390152827,0.6399717566783455,0.6203114239409621,0.5702733100101871,0.6513717263823197
2013-11-17 11:00:00,0.5616086176628159,0.5572611076978216,0.5958025151172291,0.5572393408498134,0.5393691220645619,0.6142876282045784
2013-11-17 12:00:00,0.500886377246534,0.4650059740240082,0.49359646424448295,0.46447932273583975,0.4464318227985796,0.5107989455705224
2013-11-17 13:00:00,0.3854614210914464,0.3647747755985025,0.35966104508063945,0.34730603199625104,0.32036306481393,0.365208326802838
2013-11-17 14:00:00,0.21062517655061158,0.21073227689281437,0.20020633262412096,0.20138973685827377,0.1592547580274798,0.1861413305040807
2013-11-17 15:00:00,0.04876965376437793,0.05668984694313014,0.03595598236247873,0.049335270343677386,0.0190647361957426,0.03301286607818498
2013-11-17 16:00:00,0.0,0.0,0.0,0.0,0.0,0.0
2013-11-17 17:00:00,0.0,0.0,0.0,0.0,0.0,0.0
2013-11-17 18:00:00,0.0,0.0,0.0,0.0,0.0,0.0
2013-11-17 19:00:00,0.0,0.0,0.0,0.0,0.0,0.0
2013-11-17 20:00:00,0.0,0.0,0.0,0.0,0.0,0.0
2013-11-17 21:00:00,0.0,0.0,0.0,0.0,0.0,0.0
2013-11-17 22:00:00,0.0,0.0,0.0,0.0,0.0,0.0
2013-11-17 23:00:00,0.0,0.0,0.0,0.0,0.0,0.0
2013-11-18 00:00:00,0.0,0.0,0.0,0.0,0.0,0.0
2013-11-18 01:00:00,0.0,0.0,0.0,0.0,0.0,0.0
2013-11-18 02:00:00,0.0,0.0,0.0,0.0,0.0,0.0
2013-11-18 03:00:00,0.0,0.0,0.0,0.0,0.0,0.0
2013-11-18 04:00:00,0.016607545797633617,0.0012184039937698234,0.03134917782592073,0.016262352956587442,0.05108278733678518,0.017843963326803127
2013-11-18 05:00:00,0.17498935818378064,0.15718052447879338,0.18940834014714483,0.15082909993484123,0.21734635074033193,0.19109405420412726
2013-11-18 06:00:00,0.37509587108149656,0.3584413878540618,0.35968583383760255,0.3217982974855187,0.38808795324546924,0.3908026946552192
2013-11-18 07:00:00,0.5111111598721059,0.5073301772788433,0.517566812093564,0.4536455898338182,0.5219327205746234,0.5411351107067097
2013-11-18 08:00:00,0.5806238417526476,0.5885643365488826,0.6215700638672021,0.564695213146038,0.5837014495727568,0.6412997002918975
2013-11-18 09:00:00,0.6207525994493277,0.6547298033367343,0.683455440354954,0.5873256044802568,0.6179548341571577,0.6738601389205575
2013-11-18 10:00:00,0.5696043862870788,0.6496955702168006,0.6821157482454524,0.5917674452944789,0.6065409599628786,0.6641240803802371
2013-11-18 11:00:00,0.5715988372443945,0.6138248994772916,0.6155855571129553,0.5408390056489464,0.5729947759486829,0.6033836343374791
2013-11-18 12:00:00,0.47874789573815574,0.5078693290961731,0.512443758043561,0.44921730382791175,0.47493497763797066,0.5088806648120998
2013-11-18 13:00:00,0.3771093337619644,0.3988258369947471,0.3816548570257604,0.36406597606639296,0.34411500976777776,0.3802323410453347
2013-11-18 14:00:00,0.20103774150774123,0.2373359273486754,0.1929049167715889,0.1925830690550387,0.16812829166855425,0.19080783416725836
2013-11-18 15:00:00,0.05288829227865027,0.06728506043442199,0.03566038522569102,0.055696638321026844,0.020600583670846835,0.03536657239262211
2013-11-18 16:00:00,0.0,0.0,0.0,0.0,0.0,0.0
2013-11-18 17:00:00,0.0,0.0,0.0,0.0,0.0,0.0
2013-11-18 18:00:00,0.0,0.0,0.0,0.0,0.0,0.0
2013-11-18 19:00:00,0.0,0.0,0.0,0.0,0.0,0.0
2013-11-18 20:00:00,0.0,0.0,0.0,0.0,0.0,0.0
2013-11-18 21:00:00,0.0,0.0,0.0,0.0,0.0,0.0
2013-11-18 22:00:00,0.0,0.0,0.0,0.0,0.0,0.0
2013-11-18 23:00:00,0.0,0.0,0.0,0.0,0.0,0.0
2013-11-19 00:00:00,0.0,0.0,0.0,0.0,0.0,0.0
2013-11-19 01:00:00,0.0,0.0,0.0,0.0,0.0,0.0
2013-11-19 02:00:00,0.0,0.0,0.0,0.0,0.0,0.0
2013-11-19 03:00:00,0.0,0.0,0.0,0.0,0.0,0.0
2013-11-19 04:00:00,0.015621985229180924,0.0005190648101143592,0.027838902521097865,0.016005362952584437,0.059563964519662345,0.01534915855107984
2013-11-19 05:00:00,0.16903692863121622,0.15801769640317848,0.1765639303446348,0.15565524390680724,0.2268851594439674,0.18487786050348495
2013-11-19 06:00:00,0.35616323446366166,0.3668011082854201,0.35475233184644733,0.32338096670281696,0.39582935431763333,0.3925282206249373
2013-11-19 07:00:00,0.5275797690346967,0.5448840170356954,0.4991034321201585,0.4707244174035802,0.5345428644668768,0.553379443003253
2013-11-19 08:00:00,0.6193296381498451,0.6465801013860115,0.6088044212319069,0.5723926522157117,0.6041488645202061,0.6247018063024123
2013-11-19 09:00:00,0.6532617187044496,0.6735940405442012,0.647540794389528,0.6157798850750683,0.6206408412334119,0.667729970297734
2013-11-19 10:00:00,0.6177023351305679,0.680287047802178,0.6614188874736094,0.5969138069457056,0.6123657830895131,0.6505490552441355
2013-11-19 11:00:00,0.5600621364056165,0.623855676552542,0.5983537465722558,0.601458097018001,0.5621091968313143,0.5822904400808977
2013-11-19 12:00:00,0.5092234017451094,0.544755656259973,0.4810997641848683,0.47614070947466236,0.471651760119625,0.5159476798909916
2013-11-19 13:00:00,0.3541393184937645,0.4199773494771794,0.34822403018677,0.3640661468494283,0.34618299797732044,0.3545671295455092
2013-11-19 14:00:00,0.17369928208598975,0.23404664058863217,0.18623578902542007,0.18307960203319212,0.17085013550489223,0.19382461866678988
2013-11-19 15:00:00,0.044323916559057895,0.07104228594204069,0.034265912558288834,0.05354513521209673,0.020569709313981163,0.03697778137065821
2013-11-19 16:00:00,0.0,0.0,0.0,0.0,0.0,0.0
2013-11-19 17:00:00,0.0,0.0,0.0,0.0,0.0,0.0
2013-11-19 18:00:00,0.0,0.0,0.0,0.0,0.0,0.0
2013-11-19 19:00:00,0.0,0.0,0.0,0.0,0.0,0.0
2013-11-19 20:00:00,0.0,0.0,0.0,0.0,0.0,0.0
2013-11-19 21:00:00,0.0,0.0,0.0,0.0,0.0,0.0
2013-11-19 22:00:00,0.0,0.0,0.0,0.0,0.0,0.0
2013-11-19 23:00:00,0.0,0.0,0.0,0.0,0.0,0.0
2013-11-20 00:00:00,0.0,0.0,0.0,0.0,0.0,0.0
2013-11-20 01:00:00,0.0,0.0,0.0,0.0,0.0,0.0
2013-11-20 02:00:00,0.0,0.0,0.0,0.0,0.0,0.0
2013-11-20 03:00:00,0.0,0.0,0.0,0.0,0.0,0.0
2013-11-20 04:00:00,0.013029045985298181,0.0006145561410864821,0.030940400160239714,0.01695567609538606,0.0677336869941232,0.012528547415929323
2013-11-20 05:00:00,0.16406739411653537,0.16231127795310257,0.20077010359347633,0.15303745014013906,0.26302349776628464,0.17216093271751234
2013-11-20 06:00:00,0.38027059261831975,0.3776541967526946,0.3879439395384491,0.3306182086452112,0.4623731266226937,0.36667020888506485
2013-11-20 07:00:00,0.5365581132618367,0.55098743871532,0.5433145212679726,0.4913971833649964,0.60785013334896,0.5088728290875365
2013-11-20 08:00:00,0.6412445375386752,0.6436596654951205,0.6225297350139131,0.5652412210222787,0.6903591541517878,0.6153470739610594
2013-11-20 09:00:00,0.6752893766103716,0.679879238211067,0.655293868877829,0.6190802167412409,0.7186016949575191,0.6519960314433874
2013-11-20 10:00:00,0.6859464007596049,0.683255886155139,0.6464055218988985,0.5929015724597152,0.694671381702673,0.6217134942187408
2013-11-20 11:00:00,0.6337094230728916,0.6289572448005977,0.5917902292536829,0.5607102718824486,0.6353682479039247,0.600365753087069
2013-11-20 12:00:00,0.535382640207911,0.5317047515326108,0.4991656570371918,0.4681028857849395,0.5243956902324659,0.5134659769575447
2013-11-20 13:00:00,0.4033219488991028,0.4013578705451091,0.3676164594917266,0.36767172559391337,0.3819476459235567,0.35400919090379557
2013-11-20 14:00:00,0.23128132816445124,0.24743206107878843,0.20505228646679444,0.23323937683504153,0.1908702744160988,0.1882824300794145
2013-11-20 15:00:00,0.05583713023822378,0.0711355632465602,0.036661987781710675,0.06182433816348951,0.023800430287215037,0.03528907935668828
2013-11-20 16:00:00,0.0,0.0,0.0,0.0,0.0,0.0
2013-11-20 17:00:00,0.0,0.0,0.0,0.0,0.0,0.0
2013-11-20 18:00:00,0.0,0.0,0.0,0.0,0.0,0.0
2013-11-20 19:00:00,0.0,0.0,0.0,0.0,0.0,0.0
2013-11-20 20:00:00,0.0,0.0,0.0,0.0,0.0,0.0
2013-11-20 21:00:00,0.0,0.0,0.0,0.0,0.0,0.0
2013-11-20 22:00:00,0.0,0.0,0.0,0.0,0.0,0.0
2013-11-20 23:00:00,0.0,0.0,0.0,0.0,0.0,0.0
2013-11-21 00:00:00,0.0,0.0,0.0,0.0,0.0,0.0
2013-11-21 01:00:00,0.0,0.0,0.0,0.0,0.0,0.0
2013-11-21 02:00:00,0.0,0.0,0.0,0.0,0.0,0.0
2013-11-21 03:00:00,0.0,0.0,0.0,0.0,0.0,0.0
2013-11-21 04:00:00,0.016573558806572016,0.0006493266970333706,0.02997040136381417,0.02014482661935374,0.06155075159613395,0.011485029191548018
2013-11-21 05:00:00,0.1820702744231041,0.1597986379280594,0.17620137966734584,0.17399100392998376,0.2504204775244245,0.15217766248867773
2013-11-21 06:00:00,0.3914990333142409,0.368822707437623,0.3745408122108992,0.3635133245089942,0.44178739586361876,0.33357780620824473
2013-11-21 07:00:00,0.5576213391310133,0.5448805813865285,0.5352856542498633,0.5137264807557749,0.5744795620958646,0.48499436810887225
2013-11-21 08:00:00,0.6594182616311088,0.6562290454668309,0.6266825072344481,0.6050610985235781,0.6366799184264264,0.5987446342679706
2013-11-21 09:00:00,0.7170200967849214,0.6933301749193449,0.6853825240617393,0.6167713383579125,0.6515623379058613,0.6448200853891793
2013-11-21 10:00:00,0.706018269315471,0.7002681467206974,0.6778911824768149,0.6130987089898047,0.6419576758518013,0.6479824547588015
2013-11-21 11:00:00,0.6821059417901795,0.6589102673505552,0.648526306329548,0.5886309086083424,0.6080917456549771,0.6149288313796186
2013-11-21 12:00:00,0.5756790468293536,0.5611892643488327,0.5336710832662735,0.5123705860519783,0.5008910871641817,0.5040913566724028
2013-11-21 13:00:00,0.4263389845475184,0.40306909761844345,0.40444110444918224,0.36247648612595357,0.35592822397229096,0.370327167159107
2013-11-21 14:00:00,0.24695011604676337,0.2435113447343444,0.21332526605140434,0.2315562543967614,0.17895348421268822,0.19841688836540025
2013-11-21 15:00:00,0.06457956937354876,0.06744163373290973,0.03990122949095926,0.06329415938589217,0.0228022287528674,0.037438061639168414
2013-11-21 16:00:00,0.0,0.0,0.0,0.0,0.0,0.0
2013-11-21 17:00:00,0.0,0.0,0.0,0.0,0.0,0.0
2013-11-21 18:00:00,0.0,0.0,0.0,0.0,0.0,0.0
2013-11-21 19:00:00,0.0,0.0,0.0,0.0,0.0,0.0
2013-11-21 20:00:00,0.0,0.0,0.0,0.0,0.0,0.0
2013-11-21 21:00:00,0.0,0.0,0.0,0.0,0.0,0.0
2013-11-21 22:00:00,0.0,0.0,0.0,0.0,0.0,0.0
2013-11-21 23:00:00,0.0,0.0,0.0,0.0,0.0,0.0
2013-11-22 00:00:00,0.0,0.0,0.0,0.0,0.0,0.0
2013-11-22 01:00:00,0.0,0.0,0.0,0.0,0.0,0.0
2013-11-22 02:00:00,0.0,0.0,0.0,0.0,0.0,0.0
2013-11-22 03:00:00,0.0,0.0,0.0,0.0,0.0,0.0
2013-11-22 04:00:00,0.01642721237636809,0.00033174789882430315,0.034787203602959914,0.01999751477913807,0.05279296523555799,0.011557479522930734
2013-11-22 05:00:00,0.17830506207886812,0.14122114217261045,0.19980011955167376,0.17939124420422561,0.20853771938965393,0.1587356107310594
2013-11-22 06:00:00,0.36526233477316,0.33565739854451876,0.38119218431137847,0.3570734784834005,0.3830838132972348,0.3560685556640316
2013-11-22 07:00:00,0.5411688563568935,0.5171641775269464,0.5325843722919236,0.5265748529903099,0.5316632619807788,0.5053485741504424
2013-11-22 08:00:00,0.6664359568922671,0.6305618339399859,0.6147193275733787,0.6150421743817753,0.6065973973818781,0.5795811543389898
2013-11-22 09:00:00,0.7074508672711672,0.6662187831295684,0.6691138270917198,0.6409986550799954,0.6369987665965073,0.637305115105197
2013-11-22 10:00:00,0.6949591074816645,0.6653408752431911,0.6587130095982434,0.6477241087463027,0.6422901763591186,0.6368088956524175
2013-11-22 11:00:00,0.6245410962597749,0.5990125457239431,0.5848583869101989,0.5955154100277604,0.5857795838757823,0.5783570316639831
2013-11-22 12:00:00,0.5394915783853512,0.5252014219233924,0.5096647972372004,0.5109504682388569,0.4797760296996431,0.5018006889067631
2013-11-22 13:00:00,0.38115139868771336,0.3771685996989392,0.36362121075663706,0.3805793075416815,0.3459321923926051,0.3484518023408234
2013-11-22 14:00:00,0.22882064822819728,0.22699448516036771,0.2027266827652685,0.22599995206343904,0.17115875357571667,0.1833535096151872
2013-11-22 15:00:00,0.058210823055588175,0.06673797283836581,0.03798723142681574,0.0624117312317105,0.020652262058827007,0.036725960115068214
2013-11-22 16:00:00,0.0,0.0,0.0,0.0,0.0,0.0
2013-11-22 17:00:00,0.0,0.0,0.0,0.0,0.0,0.0
2013-11-22 18:00:00,0.0,0.0,0.0,0.0,0.0,0.0
2013-11-22 19:00:00,0.0,0.0,0.0,0.0,0.0,0.0
2013-11-22 20:00:00,0.0,0.0,0.0,0.0,0.0,0.0
2013-11-22 21:00:00,0.0,0.0,0.0,0.0,0.0,0.0
2013-11-22 22:00:00,0.0,0.0,0.0,0.0,0.0,0.0
2013-11-22 23:00:00,0.0,0.0,0.0,0.0,0.0,0.0
2013-11-23 00:00:00,0.0,0.0,0.0,0.0,0.0,0.0
2013-11-23 01:00:00,0.0,0.0,0.0,0.0,0.0,0.0
2013-11-23 02:00:00,0.0,0.0,0.0,0.0,0.0,0.0
2013-11-23 03:00:00,0.0,0.0,0.0,0.0,0.0,0.0
2013-11-23 04:00:00,0.014194213892339939,6.047933769964959e-05,0.0324845725363124,0.020119730842866453,0.05627248520641414,0.012376253592296512
2013-11-23 05:00:00,0.17683557530139932,0.13627071037867372,0.19111689038624669,0.1756573586211981,0.2273407625699602,0.16158032223082422
2013-11-23 06:00:00,0.3855554180546443,0.3372174609860808,0.3851613885288723,0.36894013016722366,0.40436851418281394,0.3747525429733366
2013-11-23 07:00:00,0.5471547983321872,0.5086883210239896,0.5351387489075022,0.49581046818243657,0.542298524540544,0.5358985785253455
2013-11-23 08:00:00,0.6614640975724805,0.6215059525439156,0.619912551189046,0.6089779079139522,0.6340689554390502,0.617767370501413
2013-11-23 09:00:00,0.6897814325982906,0.656867077154018,0.6473626228844591,0.6457629591051426,0.6624244132265701,0.6494703513166618
2013-11-23 10:00:00,0.6773849619116511,0.6569437736264071,0.6466599704792682,0.651038442172603,0.6550947671279621,0.657796055153924
2013-11-23 11:00:00,0.6325741704826211,0.6219901872586306,0.5812814239543959,0.6085948473755131,0.5829834951712648,0.6065652705230778
2013-11-23 12:00:00,0.5223530352170169,0.5259987295415722,0.5206219101356953,0.4993276862368127,0.48742735092276906,0.5306211812025422
2013-11-23 13:00:00,0.42061871971743486,0.40828605770051385,0.3774784417856031,0.3827274760886951,0.34477443475444886,0.38112641019603716
2013-11-23 14:00:00,0.24453976527811985,0.2398082894350639,0.2069514820824244,0.2209339175357133,0.16544356246639536,0.1861746078226421
2013-11-23 15:00:00,0.06261896511344318,0.06604637136181685,0.03879033446516124,0.06497536583046473,0.020122916426389054,0.037534870909088504
2013-11-23 16:00:00,0.0,0.0,0.0,0.0,0.0,0.0
2013-11-23 17:00:00,0.0,0.0,0.0,0.0,0.0,0.0
2013-11-23 18:00:00,0.0,0.0,0.0,0.0,0.0,0.0
2013-11-23 19:00:00,0.0,0.0,0.0,0.0,0.0,0.0
2013-11-23 20:00:00,0.0,0.0,0.0,0.0,0.0,0.0
2013-11-23 21:00:00,0.0,0.0,0.0,0.0,0.0,0.0
2013-11-23 22:00:00,0.0,0.0,0.0,0.0,0.0,0.0
2013-11-23 23:00:00,0.0,0.0,0.0,0.0,0.0,0.0
2013-11-24 00:00:00,0.0,0.0,0.0,0.0,0.0,0.0
2013-11-24 01:00:00,0.0,0.0,0.0,0.0,0.0,0.0
2013-11-24 02:00:00,0.0,0.0,0.0,0.0,0.0,0.0
2013-11-24 03:00:00,0.0,0.0,0.0,0.0,0.0,0.0
2013-11-24 04:00:00,0.014180606718737988,0.0001549962107566391,0.033949635578867654,0.01568919956662155,0.060086584193422866,0.012669733849049526
2013-11-24 05:00:00,0.18964907592738664,0.1513272491839005,0.20457469170083678,0.16948088439158895,0.247683511475351,0.1768487566984823
2013-11-24 06:00:00,0.3856940539532406,0.35368595915011963,0.3931675646518213,0.32767326690504944,0.41370561632512587,0.3749146424772507
2013-11-24 07:00:00,0.556133505840898,0.5158521203440665,0.5415468545980834,0.46314976712514305,0.5521702150126777,0.5441775600792086
2013-11-24 08:00:00,0.6599107599210189,0.6261120702800314,0.625367231437218,0.5397604687579156,0.6283410028707285,0.6493467924981751
2013-11-24 09:00:00,0.7050588225572849,0.6718730691155221,0.6431495810631901,0.590755090235219,0.6419293208817373,0.696583717873289
2013-11-24 10:00:00,0.7096092531177516,0.6559279459336227,0.6641159589799227,0.5893822202917613,0.6136908301404133,0.6913771236424802
2013-11-24 11:00:00,0.675903916447577,0.6108393831926586,0.6137858505903949,0.5359604438718738,0.5440066524729614,0.64616732521388
2013-11-24 12:00:00,0.5878354933332525,0.5373886784201374,0.539890572714126,0.46833741565393633,0.4809367568266451,0.5482977729938732
2013-11-24 13:00:00,0.43717025189206754,0.4121284165105396,0.39276978764625464,0.37070403722127976,0.32262811150426435,0.3930442554398791
2013-11-24 14:00:00,0.2489611340782294,0.2224886115901936,0.20116982205279757,0.20390280506769584,0.16279232627922804,0.2117792319945936
2013-11-24 15:00:00,0.06272478990845423,0.06444126267724899,0.03804436845939932,0.054739200096537495,0.021418270953422153,0.04174125349285965
2013-11-24 16:00:00,0.0,0.0,0.0,0.0,0.0,0.0
2013-11-24 17:00:00,0.0,0.0,0.0,0.0,0.0,0.0
2013-11-24 18:00:00,0.0,0.0,0.0,0.0,0.0,0.0
2013-11-24 19:00:00,0.0,0.0,0.0,0.0,0.0,0.0
2013-11-24 20:00:00,0.0,0.0,0.0,0.0,0.0,0.0
2013-11-24 21:00:00,0.0,0.0,0.0,0.0,0.0,0.0
2013-11-24 22:00:00,0.0,0.0,0.0,0.0,0.0,0.0
2013-11-24 23:00:00,0.0,0.0,0.0,0.0,0.0,0.0
2013-11-25 00:00:00,0.0,0.0,0.0,0.0,0.0,0.0
2013-11-25 01:00:00,0.0,0.0,0.0,0.0,0.0,0.0
2013-11-25 02:00:00,0.0,0.0,0.0,0.0,0.0,0.0
2013-11-25 03:00:00,0.0,0.0,0.0,0.0,0.0,0.0
2013-11-25 04:00:00,0.013228273208498757,0.00011421064379944871,0.031105796424090525,0.014202415794125957,0.057557288431270975,0.010027220486481084
2013-11-25 05:00:00,0.19076653909054767,0.1473470375648876,0.19615007610411775,0.16392665267015832,0.24184436503378173,0.17834653921587626
2013-11-25 06:00:00,0.40926499852694503,0.3550075339666562,0.3665245194993089,0.3443671727445592,0.4178423721422371,0.3763097579675817
2013-11-25 07:00:00,0.5643465908922171,0.5332462052685943,0.4931330087440008,0.48077529354721416,0.5639688834415226,0.5384767446324185
2013-11-25 08:00:00,0.661840878324975,0.6402445322094832,0.5622323726755029,0.549469666859975,0.6332448822350533,0.6309986077889723
2013-11-25 09:00:00,0.7034115192693667,0.6935680692575444,0.5740018617322937,0.6059982401644715,0.6394217353093824,0.6765390071478766
2013-11-25 10:00:00,0.7184908096858882,0.6885527609827926,0.5822732222965814,0.6175662833768853,0.6071482530428742,0.6445817867006548
2013-11-25 11:00:00,0.6507647221428459,0.6337012186383255,0.534210209087531,0.5826911551323353,0.5483566578528029,0.611371169264089
2013-11-25 12:00:00,0.5746090395637697,0.556911726599109,0.44956336075723197,0.5218860713553853,0.4701159278364371,0.5002042756729311
2013-11-25 13:00:00,0.4398248647846694,0.42778543214056797,0.31327876396493276,0.3690089618138559,0.304649143927096,0.38301553012274925
2013-11-25 14:00:00,0.24719417464002563,0.2501008796044506,0.18737942943701785,0.22012127464556747,0.1650536980096511,0.2152778974823403
2013-11-25 15:00:00,0.06848231408143737,0.07360991147892769,0.029954067370770707,0.060236928131190616,0.019205902430280284,0.04755378245575593
2013-11-25 16:00:00,0.0,0.0,0.0,0.0,0.0,0.0
2013-11-25 17:00:00,0.0,0.0,0.0,0.0,0.0,0.0
2013-11-25 18:00:00,0.0,0.0,0.0,0.0,0.0,0.0
2013-11-25 19:00:00,0.0,0.0,0.0,0.0,0.0,0.0
2013-11-25 20:00:00,0.0,0.0,0.0,0.0,0.0,0.0
2013-11-25 21:00:00,0.0,0.0,0.0,0.0,0.0,0.0
2013-11-25 22:00:00,0.0,0.0,0.0,0.0,0.0,0.0
2013-11-25 23:00:00,0.0,0.0,0.0,0.0,0.0,0.0
2013-11-26 00:00:00,0.0,0.0,0.0,0.0,0.0,0.0
2013-11-26 01:00:00,0.0,0.0,0.0,0.0,0.0,0.0
2013-11-26 02:00:00,0.0,0.0,0.0,0.0,0.0,0.0
2013-11-26 03:00:00,0.0,0.0,0.0,0.0,0.0,0.0
2013-11-26 04:00:00,0.007567300763974874,0.0,0.029417633334338725,0.013301264100567678,0.06322483957724359,0.008450355682260588
2013-11-26 05:00:00,0.15960682779680332,0.14692516933091557,0.18424555190058414,0.1531555174522699,0.25489941344792993,0.15962994070694486
2013-11-26 06:00:00,0.3696334696401939,0.3523334588872628,0.36930100664408305,0.3327129853126957,0.4428532489224844,0.36743680008136737
2013-11-26 07:00:00,0.513808852474195,0.5237583590216647,0.5057285785895647,0.48847061414073983,0.5875202045505797,0.5349537856472033
2013-11-26 08:00:00,0.6037039021098065,0.6379921831364231,0.617949567817213,0.5790661294938537,0.6814530086646575,0.6329476280361833
2013-11-26 09:00:00,0.6202254998611237,0.6925311966828093,0.6302905185578677,0.6315685457762915,0.7088491090718602,0.6671996897088174
2013-11-26 10:00:00,0.6228023109197414,0.6682282909356158,0.625628850757135,0.571737707479908,0.6873891790418764,0.62990011306581
2013-11-26 11:00:00,0.5641884375908872,0.609983281366455,0.5923618331036854,0.5610037891308275,0.6245574200813667,0.6109336656850819
2013-11-26 12:00:00,0.5174007746318279,0.5341598650489899,0.4831927565846905,0.5091363656501576,0.5280180275145638,0.5104362255978062
2013-11-26 13:00:00,0.3841104262183476,0.399489908606594,0.3262529025875749,0.3813444294867306,0.3799464215802333,0.3476769061683178
2013-11-26 14:00:00,0.24169059910834112,0.23990437960975203,0.1691072598463661,0.2206737961007588,0.19246576921115163,0.20389720976214293
2013-11-26 15:00:00,0.06458284102018667,0.07427022266920916,0.03170003116423262,0.06983963305514408,0.02480446777289537,0.04381906514792093
2013-11-26 16:00:00,0.0,0.0,0.0,0.0,0.0,0.0
2013-11-26 17:00:00,0.0,0.0,0.0,0.0,0.0,0.0
2013-11-26 18:00:00,0.0,0.0,0.0,0.0,0.0,0.0
2013-11-26 19:00:00,0.0,0.0,0.0,0.0,0.0,0.0
2013-11-26 20:00:00,0.0,0.0,0.0,0.0,0.0,0.0
2013-11-26 21:00:00,0.0,0.0,0.0,0.0,0.0,0.0
2013-11-26 22:00:00,0.0,0.0,0.0,0.0,0.0,0.0
2013-11-26 23:00:00,0.0,0.0,0.0,0.0,0.0,0.0
2013-11-27 00:00:00,0.0,0.0,0.0,0.0,0.0,0.0
2013-11-27 01:00:00,0.0,0.0,0.0,0.0,0.0,0.0
2013-11-27 02:00:00,0.0,0.0,0.0,0.0,0.0,0.0
2013-11-27 03:00:00,0.0,0.0,0.0,0.0,0.0,0.0
2013-11-27 04:00:00,0.008998637808322016,0.0,0.03411794388429499,0.015378425684064693,0.06647982425424484,0.008346572325104253
2013-11-27 05:00:00,0.17740893163041438,0.1409587123226686,0.20664079970435145,0.16904925167246102,0.26996229779418085,0.17945682916082564
2013-11-27 06:00:00,0.39914971105204844,0.34485578232209607,0.4078215734237789,0.35822788667924477,0.4614888174690153,0.38912209512914664
2013-11-27 07:00:00,0.5731298287767317,0.5185310548253621,0.5526831871432955,0.5168501116599743,0.6078614069166612,0.5574611007246721
2013-11-27 08:00:00,0.6608417706077402,0.6185538321785629,0.6556811212052951,0.5906486710826796,0.6930106313356647,0.662442084944888
2013-11-27 09:00:00,0.7355442913549791,0.6689916160192254,0.7164683830757542,0.6387614495653086,0.7310810072813848,0.7064023328311628
2013-11-27 10:00:00,0.7080223886796932,0.6561254998077365,0.7155169371896298,0.651150075791002,0.7199937979451053,0.7119797781252656
2013-11-27 11:00:00,0.640101871818872,0.5888679338852421,0.6684148323328207,0.6024705945397661,0.6634314356029926,0.6624055788103091
2013-11-27 12:00:00,0.5654379800899021,0.5243741214925973,0.5715817451367096,0.5039635878471691,0.5589430205787286,0.5666788523873955
2013-11-27 13:00:00,0.4286762208470385,0.4096429787508857,0.41913137794343674,0.4126709820440324,0.402866301736081,0.42410865001317755
2013-11-27 14:00:00,0.25688962970599505,0.25110475241489144,0.22950034839341085,0.2428837104392881,0.20326681127256496,0.2347327986754043
2013-11-27 15:00:00,0.07153623158854706,0.07104731659587157,0.04435374479013743,0.07000469806984834,0.027187568869193848,0.051377581354401014
2013-11-27 16:00:00,0.0,0.0,0.0,0.0,0.0,0.0
2013-11-27 17:00:00,0.0,0.0,0.0,0.0,0.0,0.0
2013-11-27 18:00:00,0.0,0.0,0.0,0.0,0.0,0.0
2013-11-27 19:00:00,0.0,0.0,0.0,0.0,0.0,0.0
2013-11-27 20:00:00,0.0,0.0,0.0,0.0,0.0,0.0
2013-11-27 21:00:00,0.0,0.0,0.0,0.0,0.0,0.0
2013-11-27 22:00:00,0.0,0.0,0.0,0.0,0.0,0.0
2013-11-27 23:00:00,0.0,0.0,0.0,0.0,0.0,0.0
2013-11-28 00:00:00,0.0,0.0,0.0,0.0,0.0,0.0
2013-11-28 01:00:00,0.0,0.0,0.0,0.0,0.0,0.0
2013-11-28 02:00:00,0.0,0.0,0.0,0.0,0.0,0.0
2013-11-28 03:00:00,0.0,0.0,0.0,0.0,0.0,0.0
2013-11-28 04:00:00,0.010740862841463604,0.0,0.03761489786671642,0.0187336295974576,0.06661378456454502,0.0076205729540954805
2013-11-28 05:00:00,0.1953769702794953,0.14847363667479221,0.22325839872456985,0.1899419241644944,0.27186946440574644,0.1834145479666208
2013-11-28 06:00:00,0.41733206423017444,0.36264582625886344,0.4303991647623132,0.39741927850482767,0.4667537690182691,0.39449183777353514
2013-11-28 07:00:00,0.5898704824740846,0.5353526895811884,0.5877983874900922,0.5522788997645497,0.6117685129973246,0.555694708706891
2013-11-28 08:00:00,0.6939542916636213,0.6441330705892501,0.6817318806333691,0.6444833725954079,0.6934013192217994,0.6604500221288117
2013-11-28 09:00:00,0.7438193442882607,0.6898595826673778,0.7198367660640144,0.672344299152434,0.7325332194507187,0.7103662468873742
2013-11-28 10:00:00,0.7382469186993708,0.65896528774771,0.7183238160294491,0.6369413684377443,0.7214826140266756,0.7121810952647696
2013-11-28 11:00:00,0.6971301627557804,0.6241095187512758,0.6736210767091044,0.5844715140524526,0.6650916189668844,0.6685853392819594
2013-11-28 12:00:00,0.6124180904180319,0.5474282996686624,0.5655571126479606,0.5102220225057106,0.5610835987980586,0.5740538895202184
2013-11-28 13:00:00,0.47104444142530694,0.4274865160726025,0.42032145772241486,0.38412924067130044,0.40515723603829223,0.4314634570330033
2013-11-28 14:00:00,0.2828456448633777,0.2554812930184504,0.23535482084463571,0.24561515291104372,0.20623044961004217,0.24163892942746026
2013-11-28 15:00:00,0.07652380504659366,0.07832447586542393,0.04504349263891044,0.07815524953111437,0.02800363888374682,0.052012680509542775
2013-11-28 16:00:00,0.0,0.0,0.0,0.0,0.0,0.0
2013-11-28 17:00:00,0.0,0.0,0.0,0.0,0.0,0.0
2013-11-28 18:00:00,0.0,0.0,0.0,0.0,0.0,0.0
2013-11-28 19:00:00,0.0,0.0,0.0,0.0,0.0,0.0
2013-11-28 20:00:00,0.0,0.0,0.0,0.0,0.0,0.0
2013-11-28 21:00:00,0.0,0.0,0.0,0.0,0.0,0.0
2013-11-28 22:00:00,0.0,0.0,0.0,0.0,0.0,0.0
2013-11-28 23:00:00,0.0,0.0,0.0,0.0,0.0,0.0
2013-11-29 00:00:00,0.0,0.0,0.0,0.0,0.0,0.0
2013-11-29 01:00:00,0.0,0.0,0.0,0.0,0.0,0.0
2013-11-29 02:00:00,0.0,0.0,0.0,0.0,0.0,0.0
2013-11-29 03:00:00,0.0,0.0,0.0,0.0,0.0,0.0
2013-11-29 04:00:00,0.009645301916127214,0.0,0.03830034253953591,0.018142721376227414,0.0659174239972513,0.007295908042578468
2013-11-29 05:00:00,0.19023948906056473,0.1449456046727877,0.22487881065389229,0.18989424365750263,0.2709088366951541,0.1864452592422944
2013-11-29 06:00:00,0.41028929468727937,0.35343373979135684,0.4331086458101681,0.39886242692546364,0.4667228104681761,0.39878671767480933
2013-11-29 07:00:00,0.5865587199833997,0.5306855236651938,0.592615569022388,0.5619663871077398,0.6102113332836836,0.5689969269699171
2013-11-29 08:00:00,0.6969580847818349,0.6419282848707181,0.6911841865298556,0.6631255200743238,0.6967874088082722,0.6718370599507691
2013-11-29 09:00:00,0.7517197306190021,0.6898078865124501,0.7387213569341902,0.7046814040764098,0.7365847299350606,0.7256276613064682
2013-11-29 10:00:00,0.7520834863122877,0.6839643518823576,0.7332498506222405,0.6914134683588784,0.7224010176205091,0.7276932500647121
2013-11-29 11:00:00,0.710588006228416,0.6362459485777996,0.6802379147596042,0.6394722820211315,0.6674282097404881,0.6825155350902581
2013-11-29 12:00:00,0.6229177719892636,0.5626429269122643,0.5877222726272574,0.563302032178603,0.5627676948286751,0.5893299746049366
2013-11-29 13:00:00,0.4791787187797155,0.41383927911319995,0.43824577744956733,0.43202312851361285,0.40683814194936846,0.4411138787688702
2013-11-29 14:00:00,0.2868687480554212,0.2552676176619268,0.23944030408471756,0.26236920284901466,0.20607263366018863,0.2462225858760046
2013-11-29 15:00:00,0.08001224179611376,0.07901551587680301,0.04704493269651119,0.07801296902544881,0.028538615714423538,0.05353567628478664
2013-11-29 16:00:00,0.0,0.0,0.0,0.0,0.0,0.0
2013-11-29 17:00:00,0.0,0.0,0.0,0.0,0.0,0.0
2013-11-29 18:00:00,0.0,0.0,0.0,0.0,0.0,0.0
2013-11-29 19:00:00,0.0,0.0,0.0,0.0,0.0,0.0
2013-11-29 20:00:00,0.0,0.0,0.0,0.0,0.0,0.0
2013-11-29 21:00:00,0.0,0.0,0.0,0.0,0.0,0.0
2013-11-29 22:00:00,0.0,0.0,0.0,0.0,0.0,0.0
2013-11-29 23:00:00,0.0,0.0,0.0,0.0,0.0,0.0
2013-11-30 00:00:00,0.0,0.0,0.0,0.0,0.0,0.0
2013-11-30 01:00:00,0.0,0.0,0.0,0.0,0.0,0.0
2013-11-30 02:00:00,0.0,0.0,0.0,0.0,0.0,0.0
2013-11-30 03:00:00,0.0,0.0,0.0,0.0,0.0,0.0
2013-11-30 04:00:00,0.008540234748641847,0.0,0.03782798949397091,0.01712817020939289,0.0639975364227577,0.006589634971376117
2013-11-30 05:00:00,0.18571146208469544,0.11555438336671701,0.22327282221062741,0.18527856414266483,0.26677402345927803,0.18394519494427022
2013-11-30 06:00:00,0.40105952577064546,0.29686206670745985,0.43215491763201447,0.3922854002149932,0.46520178896641073,0.39949361488505825
2013-11-30 07:00:00,0.5738851267180073,0.47244132648543213,0.592371032564386,0.554231382304737,0.6109251728167624,0.5593958222707955
2013-11-30 08:00:00,0.6753888832253324,0.5858282745051088,0.6874270877860642,0.655813029287727,0.696573339203468,0.6713386633415762
2013-11-30 09:00:00,0.7413505968503471,0.6381594633663503,0.737966969555834,0.7096117904467696,0.7368669322063853,0.7218069353765355
2013-11-30 10:00:00,0.7407561843897098,0.6197868326645598,0.7296437037161756,0.7044308438847783,0.7242827168253329,0.7226191550138288
2013-11-30 11:00:00,0.7074775296440604,0.5614655968615813,0.678959700952348,0.6672192969802483,0.6687562061084708,0.6700137141797937
2013-11-30 12:00:00,0.6153459906456837,0.49134636748186733,0.5854244439792516,0.5757442748840215,0.5624702411947392,0.5735493764358037
2013-11-30 13:00:00,0.4665845213167715,0.3785863637298353,0.4346908581730457,0.43674392477086993,0.40652363825242455,0.43161722389925994
2013-11-30 14:00:00,0.2864144547902237,0.23841363159007578,0.2387650916740441,0.27059621733547073,0.2074019653146731,0.2460655702648463
2013-11-30 15:00:00,0.07676644153474292,0.07295363122579131,0.04618480336654849,0.08258964412829621,0.028714479123784553,0.05365697227139528
2013-11-30 16:00:00,0.0,0.0,0.0,0.0,0.0,0.0
2013-11-30 17:00:00,0.0,0.0,0.0,0.0,0.0,0.0
2013-11-30 18:00:00,0.0,0.0,0.0,0.0,0.0,0.0
2013-11-30 19:00:00,0.0,0.0,0.0,0.0,0.0,0.0
2013-11-30 20:00:00,0.0,0.0,0.0,0.0,0.0,0.0
2013-11-30 21:00:00,0.0,0.0,0.0,0.0,0.0,0.0
2013-11-30 22:00:00,0.0,0.0,0.0,0.0,0.0,0.0
2013-11-30 23:00:00,0.0,0.0,0.0,0.0,0.0,0.0
2013-12-01 00:00:00,0.0,0.0,0.0,0.0,0.0,0.0
2013-12-01 01:00:00,0.0,0.0,0.0,0.0,0.0,0.0
2013-12-01 02:00:00,0.0,0.0,0.0,0.0,0.0,0.0
2013-12-01 03:00:00,0.0,0.0,0.0,0.0,0.0,0.0
2013-12-01 04:00:00,0.006869822554034293,0.0,0.035416225744093095,0.016462032581761356,0.06362187331588515,0.005308954698858379
2013-12-01 05:00:00,0.18958717584108484,0.14429263961549282,0.21856597566048291,0.1874233412291934,0.26924199374945856,0.18300058372102926
2013-12-01 06:00:00,0.41265937352762705,0.35856589180724363,0.4246578358967693,0.39691181937181247,0.46473154472092004,0.3961334094663132
2013-12-01 07:00:00,0.5868831611538916,0.5353635369918321,0.5879038621217524,0.5626211466272512,0.6122812224447484,0.5652731883567164
2013-12-01 08:00:00,0.6897391378640929,0.6469074766104079,0.6804231266678917,0.6678931200165948,0.6974299398147876,0.6681427469493963
2013-12-01 09:00:00,0.7517733744013023,0.7066965556269978,0.7333193034029698,0.7258129297065306,0.7384038482335057,0.7249437026648421
2013-12-01 10:00:00,0.7570792789376732,0.6992900446335036,0.730465883998435,0.7112897296121896,0.725962933005584,0.7286628810457179
2013-12-01 11:00:00,0.717804103587728,0.6643744130160352,0.6832987101818128,0.675980555824612,0.6710016039948502,0.6845534662977175
2013-12-01 12:00:00,0.6296895233917651,0.5853743030035646,0.5856589280174235,0.5911304572821098,0.5660174530038182,0.5919513694356332
2013-12-01 13:00:00,0.4866486140158668,0.44839722277022803,0.4353137969246983,0.44836915989231035,0.4090783659781479,0.4457764912476037
2013-12-01 14:00:00,0.29429583893603983,0.27288835396264155,0.24093890065248166,0.2786325479031112,0.21013397276905843,0.2526398802502628
2013-12-01 15:00:00,0.08118512218719497,0.08480196686231499,0.04689176097579574,0.08432969291958334,0.029982023557098142,0.05612197487904427
2013-12-01 16:00:00,0.0,0.0,0.0,0.0,0.0,0.0
2013-12-01 17:00:00,0.0,0.0,0.0,0.0,0.0,0.0
2013-12-01 18:00:00,0.0,0.0,0.0,0.0,0.0,0.0
2013-12-01 19:00:00,0.0,0.0,0.0,0.0,0.0,0.0
2013-12-01 20:00:00,0.0,0.0,0.0,0.0,0.0,0.0
2013-12-01 21:00:00,0.0,0.0,0.0,0.0,0.0,0.0
2013-12-01 22:00:00,0.0,0.0,0.0,0.0,0.0,0.0
2013-12-01 23:00:00,0.0,0.0,0.0,0.0,0.0,0.0
2013-12-02 00:00:00,0.0,0.0,0.0,0.0,0.0,0.0
2013-12-02 01:00:00,0.0,0.0,0.0,0.0,0.0,0.0
2013-12-02 02:00:00,0.0,0.0,0.0,0.0,0.0,0.0
2013-12-02 03:00:00,0.0,0.0,0.0,0.0,0.0,0.0
2013-12-02 04:00:00,0.005901695186632314,0.0,0.03633612266340923,0.016023802925313725,0.05881277946296324,0.004442501357838161
2013-12-02 05:00:00,0.19080277567769546,0.1442372782706689,0.22171757145486584,0.18695635779676403,0.25536772255788737,0.18469141301923508
2013-12-02 06:00:00,0.41506495012739797,0.36072040287380586,0.4315486850898995,0.39582066087685674,0.4478377347115438,0.40346347321431214
2013-12-02 07:00:00,0.592686290734034,0.537746742699894,0.5922729026238513,0.5624751398201413,0.5942353969686376,0.5705537642378139
2013-12-02 08:00:00,0.7003436214256291,0.6491452694146751,0.6887863319328461,0.6700124950107805,0.6803531697016635,0.6735393604023836
2013-12-02 09:00:00,0.7580812487681251,0.7090826572321792,0.7380931941891207,0.7270762363602845,0.7188532651202428,0.7303968305874897
2013-12-02 10:00:00,0.762256576088445,0.7177661361578364,0.7324775059136281,0.7285626602902051,0.7044245971807458,0.7327085068900333
2013-12-02 11:00:00,0.724628958114421,0.6839314851022609,0.6820094015804233,0.6854806701484442,0.6427208437617651,0.6894615759178101
2013-12-02 12:00:00,0.6357144470115172,0.5937917154122783,0.5847282086421686,0.6028252326292749,0.5332702357994625,0.5985507340985413
2013-12-02 13:00:00,0.49297126531184066,0.46595600862525033,0.4356695383239134,0.47286314886904346,0.38069108753363257,0.4528483457719675
2013-12-02 14:00:00,0.30135725674010677,0.28804550529872436,0.2392331269523378,0.2863301993284907,0.1909380364831157,0.257919014934673
2013-12-02 15:00:00,0.0844719083183882,0.09071520544671972,0.047438452828602096,0.08827929622019934,0.02669553922646933,0.057712461533105615
2013-12-02 16:00:00,0.0,0.0,0.0,0.0,0.0,0.0
2013-12-02 17:00:00,0.0,0.0,0.0,0.0,0.0,0.0
2013-12-02 18:00:00,0.0,0.0,0.0,0.0,0.0,0.0
2013-12-02 19:00:00,0.0,0.0,0.0,0.0,0.0,0.0
2013-12-02 20:00:00,0.0,0.0,0.0,0.0,0.0,0.0
2013-12-02 21:00:00,0.0,0.0,0.0,0.0,0.0,0.0
2013-12-02 22:00:00,0.0,0.0,0.0,0.0,0.0,0.0
2013-12-02 23:00:00,0.0,0.0,0.0,0.0,0.0,0.0
2013-12-03 00:00:00,0.0,0.0,0.0,0.0,0.0,0.0
2013-12-03 01:00:00,0.0,0.0,0.0,0.0,0.0,0.0
2013-12-03 02:00:00,0.0,0.0,0.0,0.0,0.0,0.0
2013-12-03 03:00:00,0.0,0.0,0.0,0.0,0.0,0.0
2013-12-03 04:00:00,0.005085512227803495,0.0,0.03454549948450702,0.014270907495500819,0.058079721317773954,0.0036159727256331927
2013-12-03 05:00:00,0.1911027343388301,0.14544210424617143,0.21614684122812808,0.17582623872258274,0.2556987782958741,0.1861692664600508
2013-12-03 06:00:00,0.4164867978579587,0.36316592362816347,0.4256322925320661,0.37504720853783646,0.4504285264076696,0.4044842805668856
2013-12-03 07:00:00,0.5951285943258694,0.5463559451279204,0.5857237290306446,0.537768315737508,0.5995779326324413,0.5744070791680531
2013-12-03 08:00:00,0.6994162235771654,0.6524283048399058,0.6840382567442884,0.6433148429815407,0.6875387200249499,0.6755262848286613
2013-12-03 09:00:00,0.7591142241679777,0.7197680180303339,0.733508149804627,0.6917011521557672,0.7266175282728183,0.732200017500719
2013-12-03 10:00:00,0.7631277682941005,0.7279030393484444,0.7302735204707497,0.6721616598462083,0.7167667126683877,0.7341937817667884
2013-12-03 11:00:00,0.7250866777446164,0.6896417986143072,0.6835742245534041,0.6502638902919851,0.6617691296722983,0.6920697172564741
2013-12-03 12:00:00,0.6355506317253325,0.5991059289183186,0.5870782190514306,0.5571738275148238,0.5593147075576276,0.5999567395838676
2013-12-03 13:00:00,0.492407156848938,0.46551328544280035,0.43756390452338917,0.4322262322777891,0.40465395692499445,0.4545453501152151
2013-12-03 14:00:00,0.29716267801902396,0.2830817859494195,0.24104733084506882,0.2601115491569053,0.20680050317740972,0.2583041537907772
2013-12-03 15:00:00,0.0855920337607827,0.09332370506432489,0.048564991678728534,0.08216427413537727,0.03013352178543194,0.059679519364740405
2013-12-03 16:00:00,0.0,0.0,0.0,0.0,0.0,0.0
2013-12-03 17:00:00,0.0,0.0,0.0,0.0,0.0,0.0
2013-12-03 18:00:00,0.0,0.0,0.0,0.0,0.0,0.0
2013-12-03 19:00:00,0.0,0.0,0.0,0.0,0.0,0.0
2013-12-03 20:00:00,0.0,0.0,0.0,0.0,0.0,0.0
2013-12-03 21:00:00,0.0,0.0,0.0,0.0,0.0,0.0
2013-12-03 22:00:00,0.0,0.0,0.0,0.0,0.0,0.0
2013-12-03 23:00:00,0.0,0.0,0.0,0.0,0.0,0.0
2013-12-04 00:00:00,0.0,0.0,0.0,0.0,0.0,0.0
2013-12-04 01:00:00,0.0,0.0,0.0,0.0,0.0,0.0
2013-12-04 02:00:00,0.0,0.0,0.0,0.0,0.0,0.0
2013-12-04 03:00:00,0.0,0.0,0.0,0.0,0.0,0.0
2013-12-04 04:00:00,0.004403642513617773,0.0,0.0341730380531783,0.014038630986870122,0.059915383889652535,0.003209372191383889
2013-12-04 05:00:00,0.1863421588939462,0.14275485643286662,0.21909642808123364,0.17725350528184328,0.262386418403915,0.18765808345209392
2013-12-04 06:00:00,0.4096316428729725,0.35894977279845874,0.43115590780884555,0.3835603014999441,0.4593241883489256,0.40728112490312113
2013-12-04 07:00:00,0.5873225349835197,0.5384862855500759,0.5932271220454838,0.5537503824154224,0.6052472211469341,0.5771728028719321
2013-12-04 08:00:00,0.6874530456039729,0.6471838172535243,0.6848233107775538,0.6461406137995587,0.6918196445395531,0.6770801992670726
2013-12-04 09:00:00,0.7508792017418605,0.7160773758622836,0.7374325558827525,0.6895086023060243,0.7326678539230905,0.7347703677521988
2013-12-04 10:00:00,0.7525520206157753,0.7262104765930382,0.7329181545379673,0.6525143038766724,0.7229823648980807,0.7381239217485666
2013-12-04 11:00:00,0.7114436104070545,0.6913932545797387,0.6865251092846232,0.6189054711732335,0.6685780965133931,0.6960796898413372
2013-12-04 12:00:00,0.6142777218246128,0.6033056061090328,0.5898828695859498,0.5398935312550861,0.5645474767180676,0.6033775498987113
2013-12-04 13:00:00,0.4785387656436718,0.46973342411943225,0.44084342267316573,0.4152800253130103,0.40936483621953346,0.4568160033082677
2013-12-04 14:00:00,0.2861984503195713,0.2924101347160812,0.24531423466424332,0.26378768450075135,0.2110818758855586,0.26261391771547477
2013-12-04 15:00:00,0.08195863551456839,0.09288062895752436,0.049735832903459926,0.08046106141106422,0.03131047094404464,0.06003675916110144
2013-12-04 16:00:00,0.0,0.0,0.0,0.0,0.0,0.0
2013-12-04 17:00:00,0.0,0.0,0.0,0.0,0.0,0.0
2013-12-04 18:00:00,0.0,0.0,0.0,0.0,0.0,0.0
2013-12-04 19:00:00,0.0,0.0,0.0,0.0,0.0,0.0
2013-12-04 20:00:00,0.0,0.0,0.0,0.0,0.0,0.0
2013-12-04 21:00:00,0.0,0.0,0.0,0.0,0.0,0.0
2013-12-04 22:00:00,0.0,0.0,0.0,0.0,0.0,0.0
2013-12-04 23:00:00,0.0,0.0,0.0,0.0,0.0,0.0
2013-12-05 00:00:00,0.0,0.0,0.0,0.0,0.0,0.0
2013-12-05 01:00:00,0.0,0.0,0.0,0.0,0.0,0.0
2013-12-05 02:00:00,0.0,0.0,0.0,0.0,0.0,0.0
2013-12-05 03:00:00,0.0,0.0,0.0,0.0,0.0,0.0
2013-12-05 04:00:00,0.003558407428350982,0.0,0.0323513237935674,0.01347284055997196,0.05783916249312817,0.0025091953949616854
2013-12-05 05:00:00,0.18224693061875527,0.14076446924239389,0.21678973578260693,0.17489968421184587,0.2577704285829504,0.1838446670298505
2013-12-05 06:00:00,0.40685058992434714,0.35889487776201395,0.4296595884920814,0.3810936239885712,0.4545227696545768,0.40342340100586244
2013-12-05 07:00:00,0.5848296785021457,0.5401339222779021,0.5940107314873536,0.5509384375176437,0.6061070438912961,0.5751939800690248
2013-12-05 08:00:00,0.6876481051165602,0.6536492062371992,0.6882770298922444,0.6485042248350683,0.6942506623480892,0.6804567714994886
2013-12-05 09:00:00,0.7502815143274569,0.7150867758900558,0.7379448909554661,0.6783846778741217,0.735194135564988,0.7325191693646208
2013-12-05 10:00:00,0.7599682579600453,0.7321971372014564,0.7394243169956437,0.6831880881847998,0.7265919894654107,0.7403077021419395
2013-12-05 11:00:00,0.7095576077924088,0.699632133663544,0.6924347095839948,0.631805645711481,0.6718205284210019,0.6989801236074855
2013-12-05 12:00:00,0.6160955833374362,0.6142076226937639,0.5972288707648724,0.5565114666415083,0.5688718566874794,0.6081422152907462
2013-12-05 13:00:00,0.46841156896827485,0.4758622273270117,0.44492510763645904,0.4267068537856792,0.41288169725098955,0.4614965369923482
2013-12-05 14:00:00,0.28289187116423564,0.2887260485449919,0.24622208717792313,0.2633692492803642,0.21281947388777933,0.26423092660172537
2013-12-05 15:00:00,0.08026965969968201,0.09342075461249982,0.05032589870535595,0.08488643312464207,0.032022747940269686,0.060842751503676046
2013-12-05 16:00:00,0.0,0.0,0.0,0.0,0.0,0.0
2013-12-05 17:00:00,0.0,0.0,0.0,0.0,0.0,0.0
2013-12-05 18:00:00,0.0,0.0,0.0,0.0,0.0,0.0
2013-12-05 19:00:00,0.0,0.0,0.0,0.0,0.0,0.0
2013-12-05 20:00:00,0.0,0.0,0.0,0.0,0.0,0.0
2013-12-05 21:00:00,0.0,0.0,0.0,0.0,0.0,0.0
2013-12-05 22:00:00,0.0,0.0,0.0,0.0,0.0,0.0
2013-12-05 23:00:00,0.0,0.0,0.0,0.0,0.0,0.0
2013-12-06 00:00:00,0.0,0.0,0.0,0.0,0.0,0.0
2013-12-06 01:00:00,0.0,0.0,0.0,0.0,0.0,0.0
2013-12-06 02:00:00,0.0,0.0,0.0,0.0,0.0,0.0
2013-12-06 03:00:00,0.0,0.0,0.0,0.0,0.0,0.0
2013-12-06 04:00:00,0.0026701004513647996,0.0,0.030363863699899404,0.013202024555271075,0.056492753560459574,0.0015234149745126807
2013-12-06 05:00:00,0.17909310771289516,0.13825122217051025,0.21225530005860518,0.1733572023286862,0.2530993865556495,0.18147720403037443
2013-12-06 06:00:00,0.39883564225522083,0.35525279291141837,0.42506631029289205,0.37128729376085656,0.45194291581338725,0.4013909581773744
2013-12-06 07:00:00,0.5719740965084456,0.5316169165910748,0.5836851141798858,0.5349357103551378,0.6033172319568804,0.5704560159695404
2013-12-06 08:00:00,0.6872823943655533,0.6470574563733642,0.6839352617646066,0.6456858530281381,0.6948008193419344,0.6693416845090155
2013-12-06 09:00:00,0.7519647895144957,0.7160665390202153,0.7378609414102224,0.6975564982580384,0.7374095086185287,0.7308577842604347
2013-12-06 10:00:00,0.7561861845776668,0.7293759562146678,0.7338896797881835,0.6847219828645499,0.7250296373146136,0.7361411310171891
2013-12-06 11:00:00,0.7059531709809715,0.6925235036572446,0.6879622760497747,0.6522219148069395,0.6709423979618984,0.6937492477468334
2013-12-06 12:00:00,0.6170184910618082,0.6053151723489263,0.5913630546647116,0.557654880653243,0.566565845788314,0.6015541007967153
2013-12-06 13:00:00,0.4825916112933144,0.4715037690115576,0.4425388564712138,0.43629426196880533,0.4116267624367682,0.4562022426766112
2013-12-06 14:00:00,0.3012534651477514,0.2936781145785341,0.2471144972985405,0.2722236575501191,0.21300576313942476,0.26155256779356784
2013-12-06 15:00:00,0.08751967202790802,0.09329139613867973,0.05086529255222998,0.08841446572473055,0.03269553506819563,0.06034526072441665
2013-12-06 16:00:00,0.0,0.0,0.0,0.0,0.0,0.0
2013-12-06 17:00:00,0.0,0.0,0.0,0.0,0.0,0.0
2013-12-06 18:00:00,0.0,0.0,0.0,0.0,0.0,0.0
2013-12-06 19:00:00,0.0,0.0,0.0,0.0,0.0,0.0
2013-12-06 20:00:00,0.0,0.0,0.0,0.0,0.0,0.0
2013-12-06 21:00:00,0.0,0.0,0.0,0.0,0.0,0.0
2013-12-06 22:00:00,0.0,0.0,0.0,0.0,0.0,0.0
2013-12-06 23:00:00,0.0,0.0,0.0,0.0,0.0,0.0
2013-12-07 00:00:00,0.0,0.0,0.0,0.0,0.0,0.0
2013-12-07 01:00:00,0.0,0.0,0.0,0.0,0.0,0.0
2013-12-07 02:00:00,0.0,0.0,0.0,0.0,0.0,0.0
2013-12-07 03:00:00,0.0,0.0,0.0,0.0,0.0,0.0
2013-12-07 04:00:00,0.001924741079836001,0.0,0.028635425439959648,0.012589632421278857,0.05621578254049561,0.0010884843066460163
2013-12-07 05:00:00,0.1831172103960371,0.1376610820120943,0.21018003767228252,0.17223843146761986,0.257816274316236,0.17720548783486942
2013-12-07 06:00:00,0.40748664838932264,0.3531073148309115,0.42161356821955304,0.3765293030981991,0.4571335495003335,0.3960753292822154
2013-12-07 07:00:00,0.5875298715883689,0.5364531780405952,0.5898036255660235,0.5523653783617894,0.6056677463992031,0.56879345953862
2013-12-07 08:00:00,0.6948353300861401,0.6500611030938761,0.6844365510489536,0.6545350001841267,0.6924466839331411,0.6719054571164598
2013-12-07 09:00:00,0.758282916701453,0.7073688492202801,0.7377167341433998,0.7068661590799454,0.734397503745118,0.7294220266904884
2013-12-07 10:00:00,0.7608747572471042,0.7223918418204356,0.736540804062347,0.7105177714003275,0.7237155872674492,0.7351120030280999
2013-12-07 11:00:00,0.7222997803416827,0.6800937027959862,0.6911433526531846,0.6644643128629224,0.6698766473642327,0.6942897283824886
2013-12-07 12:00:00,0.6361598840479474,0.5920062654295438,0.5948265861912511,0.5865122062504565,0.5663537777167267,0.6030053507004356
2013-12-07 13:00:00,0.4933240135602348,0.4547111601804876,0.4463074414601162,0.4483909618278093,0.4118174184645423,0.4583266195009481
2013-12-07 14:00:00,0.3020881980535468,0.28715235861791616,0.2507834671030724,0.28573171686126486,0.21429944055657013,0.26407583577785965
2013-12-07 15:00:00,0.08912493635701367,0.09181869234433242,0.052172074240024076,0.08910088323821702,0.0333592822213546,0.06119913385148006
2013-12-07 16:00:00,0.0,0.0,0.0,0.0,0.0,0.0
2013-12-07 17:00:00,0.0,0.0,0.0,0.0,0.0,0.0
2013-12-07 18:00:00,0.0,0.0,0.0,0.0,0.0,0.0
2013-12-07 19:00:00,0.0,0.0,0.0,0.0,0.0,0.0
2013-12-07 20:00:00,0.0,0.0,0.0,0.0,0.0,0.0
2013-12-07 21:00:00,0.0,0.0,0.0,0.0,0.0,0.0
2013-12-07 22:00:00,0.0,0.0,0.0,0.0,0.0,0.0
2013-12-07 23:00:00,0.0,0.0,0.0,0.0,0.0,0.0
2013-12-08 00:00:00,0.0,0.0,0.0,0.0,0.0,0.0
2013-12-08 01:00:00,0.0,0.0,0.0,0.0,0.0,0.0
2013-12-08 02:00:00,0.0,0.0,0.0,0.0,0.0,0.0
2013-12-08 03:00:00,0.0,0.0,0.0,0.0,0.0,0.0
2013-12-08 04:00:00,0.0013392127147872415,0.0,0.028097217744591844,0.011751719995663792,0.053701288572626966,0.0005767558805272194
2013-12-08 05:00:00,0.180907716956496,0.1336973863899536,0.21316845686929528,0.17130475214865293,0.2535147888754999,0.17338056295443025
2013-12-08 06:00:00,0.40771562199135813,0.35059548382215994,0.42580558075859626,0.37617102975548344,0.451691437948814,0.39152705468001225
2013-12-08 07:00:00,0.587205641336454,0.5290103549939887,0.5884143802498252,0.5468691320097847,0.5979841408534029,0.5627096436832985
2013-12-08 08:00:00,0.7042046635406551,0.6581902960352337,0.6925366311887844,0.6626210705393022,0.6913433708658969,0.6783281225405929
2013-12-08 09:00:00,0.7553053970202188,0.7109495682489649,0.7383221799319086,0.7103690115975045,0.7292478613946182,0.7261775967930725
2013-12-08 10:00:00,0.7586562558194516,0.7251426456718365,0.7355213496523467,0.7116889249819246,0.7186403075718323,0.7296442177787352
2013-12-08 11:00:00,0.7163901231557079,0.6790165234889298,0.6908697884928628,0.6751368166811954,0.6658295151877571,0.6894317803816277
2013-12-08 12:00:00,0.6251672612173979,0.5900325224394604,0.59576319080141,0.581627118936991,0.5638561337342108,0.5983091941879985
2013-12-08 13:00:00,0.4876960123576384,0.44021398870216666,0.44757912080545315,0.4508930881575821,0.41031275618653645,0.4533893485717671
2013-12-08 14:00:00,0.3000528072172575,0.2792520966364821,0.25267407491704913,0.28041112947868513,0.2151687996872633,0.26127800467172035
2013-12-08 15:00:00,0.08572938894273918,0.08805522934704324,0.053103661102364474,0.09056753924451434,0.03394274795502905,0.06078117117193881
2013-12-08 16:00:00,0.0,0.0,0.0,0.0,0.0,0.0
2013-12-08 17:00:00,0.0,0.0,0.0,0.0,0.0,0.0
2013-12-08 18:00:00,0.0,0.0,0.0,0.0,0.0,0.0
2013-12-08 19:00:00,0.0,0.0,0.0,0.0,0.0,0.0
2013-12-08 20:00:00,0.0,0.0,0.0,0.0,0.0,0.0
2013-12-08 21:00:00,0.0,0.0,0.0,0.0,0.0,0.0
2013-12-08 22:00:00,0.0,0.0,0.0,0.0,0.0,0.0
2013-12-08 23:00:00,0.0,0.0,0.0,0.0,0.0,0.0
2013-12-09 00:00:00,0.0,0.0,0.0,0.0,0.0,0.0
2013-12-09 01:00:00,0.0,0.0,0.0,0.0,0.0,0.0
2013-12-09 02:00:00,0.0,0.0,0.0,0.0,0.0,0.0
2013-12-09 03:00:00,0.0,0.0,0.0,0.0,0.0,0.0
2013-12-09 04:00:00,0.0009497247121351901,0.0,0.025966617376794888,0.010984384592931187,0.05387954029624679,0.0002377387419767168
2013-12-09 05:00:00,0.17536050649531248,0.13066588266415965,0.20958149639610207,0.17257593265521157,0.2529334176124407,0.16993121620667384
2013-12-09 06:00:00,0.39866446230055297,0.34636975772460615,0.42259976276330224,0.37738367524990857,0.4517640323159625,0.3868860755111917
2013-12-09 07:00:00,0.578795042323423,0.5324778396845328,0.5857756645609916,0.5502703394129287,0.5985428753260503,0.5579183813469186
2013-12-09 08:00:00,0.6853108517610131,0.6400046166474306,0.6830287804564662,0.6585902331362476,0.6867466420791801,0.66177660810241
2013-12-09 09:00:00,0.7493141221989533,0.7118645720274802,0.73495521818975,0.7134219573278515,0.7289831522347743,0.7206962296481519
2013-12-09 10:00:00,0.7510139269189764,0.7203425097972488,0.7338852895590329,0.7114201073652057,0.7214783410112461,0.7268369065415102
2013-12-09 11:00:00,0.7064810817697256,0.6677989369967159,0.6891768436819956,0.6747448710125272,0.6689706651898183,0.6822180351453454
2013-12-09 12:00:00,0.5982435961282385,0.5930537571970239,0.5947077637537217,0.5859776455328903,0.5670996173154876,0.5893970993446803
2013-12-09 13:00:00,0.46576767237235234,0.4468688421589057,0.44739342479052313,0.45740778465791976,0.41426228432293083,0.44451098896209357
2013-12-09 14:00:00,0.2807190506037999,0.280356347528449,0.25292903065102296,0.29279942033564815,0.21789049965679427,0.25462545289370514
2013-12-09 15:00:00,0.08055146656565583,0.08763782500941243,0.05366642547925517,0.09286626442934094,0.035055880374826605,0.05977027888356108
2013-12-09 16:00:00,0.0,0.0,0.0,0.0,0.0,0.0
2013-12-09 17:00:00,0.0,0.0,0.0,0.0,0.0,0.0
2013-12-09 18:00:00,0.0,0.0,0.0,0.0,0.0,0.0
2013-12-09 19:00:00,0.0,0.0,0.0,0.0,0.0,0.0
2013-12-09 20:00:00,0.0,0.0,0.0,0.0,0.0,0.0
2013-12-09 21:00:00,0.0,0.0,0.0,0.0,0.0,0.0
2013-12-09 22:00:00,0.0,0.0,0.0,0.0,0.0,0.0
2013-12-09 23:00:00,0.0,0.0,0.0,0.0,0.0,0.0
2013-12-10 00:00:00,0.0,0.0,0.0,0.0,0.0,0.0
2013-12-10 01:00:00,0.0,0.0,0.0,0.0,0.0,0.0
2013-12-10 02:00:00,0.0,0.0,0.0,0.0,0.0,0.0
2013-12-10 03:00:00,0.0,0.0,0.0,0.0,0.0,0.0
2013-12-10 04:00:00,0.0006024309369474743,0.0,0.023643797445590375,0.009618796247120356,0.05234728887830272,9.97380152451769e-05
2013-12-10 05:00:00,0.17087789196266054,0.13134316003235222,0.2077138918600322,0.16553110879537633,0.25144756693290365,0.16409337839679622
2013-12-10 06:00:00,0.39005568992171846,0.34618054405128496,0.41643827482512213,0.3713068611005265,0.4491566455419552,0.37891466739080143
2013-12-10 07:00:00,0.5712602888467967,0.5287527738501661,0.5780061222023966,0.5373622204802215,0.59743961401078,0.549293157837095
2013-12-10 08:00:00,0.6816315395215489,0.647298748055071,0.6780383872431373,0.6486011593747711,0.6882182692089862,0.6585901392388395
2013-12-10 09:00:00,0.7470373278632637,0.7169792354181829,0.7320468254416208,0.7060779440895811,0.7324484972837297,0.7168097744609412
2013-12-10 10:00:00,0.7503717808724137,0.7267758163158916,0.7318666081332039,0.702149851032665,0.7230938101802705,0.720731679703824
2013-12-10 11:00:00,0.7097165880816423,0.696444381529486,0.6878566473136116,0.6398157913995184,0.6703198673589853,0.6827849294752767
2013-12-10 12:00:00,0.6105022953757776,0.609569270008087,0.5932971191621075,0.5430103099569173,0.5674566020644515,0.5879149778716394
2013-12-10 13:00:00,0.47031003389572457,0.46231205624266924,0.4460611896020489,0.4078848478024443,0.414030488597595,0.44366925262717666
2013-12-10 14:00:00,0.27573488254248696,0.29263947755633657,0.2517686881182349,0.2542239800335829,0.21692597964639096,0.25690516117505485
2013-12-10 15:00:00,0.08221560848710233,0.09308218552138435,0.054005960763282033,0.08618175175266171,0.03532167244235078,0.05921238531060338
2013-12-10 16:00:00,0.0,0.0,0.0,0.0,0.0,0.0
2013-12-10 17:00:00,0.0,0.0,0.0,0.0,0.0,0.0
2013-12-10 18:00:00,0.0,0.0,0.0,0.0,0.0,0.0
2013-12-10 19:00:00,0.0,0.0,0.0,0.0,0.0,0.0
2013-12-10 20:00:00,0.0,0.0,0.0,0.0,0.0,0.0
2013-12-10 21:00:00,0.0,0.0,0.0,0.0,0.0,0.0
2013-12-10 22:00:00,0.0,0.0,0.0,0.0,0.0,0.0
2013-12-10 23:00:00,0.0,0.0,0.0,0.0,0.0,0.0
2013-12-11 00:00:00,0.0,0.0,0.0,0.0,0.0,0.0
2013-12-11 01:00:00,0.0,0.0,0.0,0.0,0.0,0.0
2013-12-11 02:00:00,0.0,0.0,0.0,0.0,0.0,0.0
2013-12-11 03:00:00,0.0,0.0,0.0,0.0,0.0,0.0
2013-12-11 04:00:00,0.00040527964356211753,0.0,0.020583174475490528,0.00879169487519698,0.04939735678442368,2.776206984540455e-06
2013-12-11 05:00:00,0.1611264754737089,0.1271327220625908,0.2004797819429346,0.15576760661412906,0.2398755657711623,0.1578515617062651
2013-12-11 06:00:00,0.37977258294658583,0.3442188482928934,0.4104568604562746,0.35313088512375196,0.4348650737496671,0.3706840395165412
2013-12-11 07:00:00,0.5599373773057142,0.5293297928629395,0.5702462525672999,0.522698214975087,0.5874648153635923,0.5408404191939049
2013-12-11 08:00:00,0.6718922530008931,0.6449618210833732,0.6757224640440588,0.6374221002514515,0.6797223470016267,0.6535147126866896
2013-12-11 09:00:00,0.7344331816771607,0.7050836869428991,0.7246749325817824,0.6807258748377522,0.7230334332842202,0.7090550136991041
2013-12-11 10:00:00,0.7333736928309035,0.7192868678516003,0.7263607519748579,0.6570235609423184,0.7147141946939204,0.7110330386515891
2013-12-11 11:00:00,0.6762184643874296,0.6768182227839517,0.6820268863036398,0.6114841732359461,0.6625095280916122,0.6381753109254675
2013-12-11 12:00:00,0.5632714052683901,0.5848908701339437,0.5893755935107625,0.5092364736072865,0.5612418786069991,0.5193462093693008
2013-12-11 13:00:00,0.4164979595650406,0.4458989078063449,0.44170646008836795,0.3856887695318681,0.40932876788130357,0.3936120392758527
2013-12-11 14:00:00,0.252958565585256,0.2707913434150695,0.24888966117596154,0.23739180596168738,0.21437489292776218,0.2076007080772814
2013-12-11 15:00:00,0.07800965216626235,0.08741191817846788,0.05309347008171589,0.08017862103191767,0.03493090861840839,0.04748703128961062
2013-12-11 16:00:00,0.0,0.0,0.0,0.0,0.0,0.0
2013-12-11 17:00:00,0.0,0.0,0.0,0.0,0.0,0.0
2013-12-11 18:00:00,0.0,0.0,0.0,0.0,0.0,0.0
2013-12-11 19:00:00,0.0,0.0,0.0,0.0,0.0,0.0
2013-12-11 20:00:00,0.0,0.0,0.0,0.0,0.0,0.0
2013-12-11 21:00:00,0.0,0.0,0.0,0.0,0.0,0.0
2013-12-11 22:00:00,0.0,0.0,0.0,0.0,0.0,0.0
2013-12-11 23:00:00,0.0,0.0,0.0,0.0,0.0,0.0
2013-12-12 00:00:00,0.0,0.0,0.0,0.0,0.0,0.0
2013-12-12 01:00:00,0.0,0.0,0.0,0.0,0.0,0.0
2013-12-12 02:00:00,0.0,0.0,0.0,0.0,0.0,0.0
2013-12-12 03:00:00,0.0,0.0,0.0,0.0,0.0,0.0
2013-12-12 04:00:00,0.00027286148606771066,0.0,0.01724301162308717,0.007723129651488427,0.04711047894455741,0.0
2013-12-12 05:00:00,0.15629712976538723,0.12023539758187801,0.19227296554103906,0.14340008858898928,0.23826898693674506,0.15597060247087438
2013-12-12 06:00:00,0.36760005692122066,0.3318908391221386,0.39971884685283404,0.3234452957159254,0.4367064953571595,0.36939072140750995
2013-12-12 07:00:00,0.5202097129470115,0.5136592196157658,0.5613209703522866,0.46143616659120645,0.5846419938670336,0.5401973864290365
2013-12-12 08:00:00,0.6268420208892788,0.6207406527568327,0.6611230907398126,0.560333386543347,0.6757364102780861,0.6498381770738405
2013-12-12 09:00:00,0.6861886834956471,0.6775956207099337,0.7149217594860914,0.6303445893621114,0.72020070411025,0.708133043811287
2013-12-12 10:00:00,0.6778120715773471,0.6832474091642029,0.7144867057456322,0.563798982497238,0.7118688990701849,0.7017437976665255
2013-12-12 11:00:00,0.6139754942031984,0.6403542840515868,0.6585859611422461,0.5041275532547431,0.6596597098109984,0.6378803226879612
2013-12-12 12:00:00,0.493055191945815,0.534155172731387,0.5449685232278564,0.4105170886731042,0.5564669949831017,0.538143874340053
2013-12-12 13:00:00,0.3612394190492513,0.4088115189706251,0.3915792873425054,0.3305091050100711,0.4053463289198647,0.388589568805621
2013-12-12 14:00:00,0.2375770215428955,0.2576454521268343,0.22777815556694905,0.21600431202071615,0.21351140078166345,0.20414100833273036
2013-12-12 15:00:00,0.0678292524961075,0.08894562337967717,0.048215206639325686,0.06861573141252494,0.03518323589901444,0.04794794845037463
2013-12-12 16:00:00,0.0,0.0,0.0,0.0,0.0,0.0
2013-12-12 17:00:00,0.0,0.0,0.0,0.0,0.0,0.0
2013-12-12 18:00:00,0.0,0.0,0.0,0.0,0.0,0.0
2013-12-12 19:00:00,0.0,0.0,0.0,0.0,0.0,0.0
2013-12-12 20:00:00,0.0,0.0,0.0,0.0,0.0,0.0
2013-12-12 21:00:00,0.0,0.0,0.0,0.0,0.0,0.0
2013-12-12 22:00:00,0.0,0.0,0.0,0.0,0.0,0.0
2013-12-12 23:00:00,0.0,0.0,0.0,0.0,0.0,0.0
2013-12-13 00:00:00,0.0,0.0,0.0,0.0,0.0,0.0
2013-12-13 01:00:00,0.0,0.0,0.0,0.0,0.0,0.0
2013-12-13 02:00:00,0.0,0.0,0.0,0.0,0.0,0.0
2013-12-13 03:00:00,0.0,0.0,0.0,0.0,0.0,0.0
2013-12-13 04:00:00,8.545694350896703e-05,0.0,0.014776222873554411,0.006801114476008804,0.04539791052311058,0.0
2013-12-13 05:00:00,0.15117973647742927,0.11774575190106645,0.1829353360544299,0.13690960448556266,0.23326636959171,0.14885686079204594
2013-12-13 06:00:00,0.35855003439656463,0.3353449158551116,0.3836184710168622,0.313789297628791,0.4294047208162922,0.36005767253594373
2013-12-13 07:00:00,0.537397707589588,0.5199709991207954,0.5501274732662915,0.4783974012858652,0.5788726285768153,0.5356041836946527
2013-12-13 08:00:00,0.6440561567181203,0.6394084062541456,0.6576920369083425,0.5789098909636321,0.6703299034140536,0.6479819661231807
2013-12-13 09:00:00,0.6947898315899934,0.7046229160992501,0.7071347646418318,0.6088313008685147,0.7145751342946809,0.7018811538022386
2013-12-13 10:00:00,0.6878278686361159,0.7173639954851811,0.7030897487410553,0.5980392250326337,0.7065740072867573,0.7068585437430214
2013-12-13 11:00:00,0.6478287343831057,0.6628366064845681,0.6207528800316785,0.5394736621897938,0.6551583337140203,0.6460506604703816
2013-12-13 12:00:00,0.5324489592168514,0.5717094029213786,0.5179526198312885,0.47430605080738264,0.5484148843455985,0.5326468234156304
2013-12-13 13:00:00,0.38128901767407536,0.42826740413261444,0.36609914173182984,0.36412917824564395,0.39736346861859223,0.3833444005894044
2013-12-13 14:00:00,0.2517439815628237,0.27607234156559574,0.22193175268859977,0.23259100974325594,0.20881114207983612,0.20824494677842145
2013-12-13 15:00:00,0.07332701404296911,0.08854660387261128,0.04954441216022971,0.07667206605242449,0.035011978716789474,0.050382346117029964
2013-12-13 16:00:00,0.0,0.0,0.0,0.0,0.0,0.0
2013-12-13 17:00:00,0.0,0.0,0.0,0.0,0.0,0.0
2013-12-13 18:00:00,0.0,0.0,0.0,0.0,0.0,0.0
2013-12-13 19:00:00,0.0,0.0,0.0,0.0,0.0,0.0
2013-12-13 20:00:00,0.0,0.0,0.0,0.0,0.0,0.0
2013-12-13 21:00:00,0.0,0.0,0.0,0.0,0.0,0.0
2013-12-13 22:00:00,0.0,0.0,0.0,0.0,0.0,0.0
2013-12-13 23:00:00,0.0,0.0,0.0,0.0,0.0,0.0
2013-12-14 00:00:00,0.0,0.0,0.0,0.0,0.0,0.0
2013-12-14 01:00:00,0.0,0.0,0.0,0.0,0.0,0.0
2013-12-14 02:00:00,0.0,0.0,0.0,0.0,0.0,0.0
2013-12-14 03:00:00,0.0,0.0,0.0,0.0,0.0,0.0
2013-12-14 04:00:00,0.0,0.0,0.010814251399194817,0.005733209958365915,0.041326025088244706,0.0
2013-12-14 05:00:00,0.13981913825049622,0.1184703781513443,0.14614552264864095,0.12246905770888701,0.22209502105175033,0.11068110373498578
2013-12-14 06:00:00,0.33059538722465553,0.33697648203074704,0.3098429799004666,0.305466431431402,0.4178918413970566,0.2868784462867914
2013-12-14 07:00:00,0.4994281170026336,0.52468081226648,0.45851350960456344,0.45069371749086584,0.5612602678573968,0.44387997723414857
2013-12-14 08:00:00,0.5922179053996339,0.6356914830257631,0.5404995539183649,0.5555912580569086,0.6534532039370223,0.5378933061032227
2013-12-14 09:00:00,0.5914938090361439,0.694914928059997,0.5882020444005945,0.575632955746092,0.6999063161803654,0.6263814442124385
2013-12-14 10:00:00,0.5521899348047483,0.6947719177327357,0.5482114997487422,0.5393238985611386,0.6870534782059308,0.5909684012414445
2013-12-14 11:00:00,0.5111191421773125,0.6526146823912556,0.516853792579652,0.5107822246596558,0.6347819904075639,0.5255139349427145
2013-12-14 12:00:00,0.43769510494506947,0.5454191556165117,0.44057035881500217,0.44160345149818214,0.5374358096410137,0.43806915432850185
2013-12-14 13:00:00,0.32164999600949057,0.4209178332267761,0.29888208266544564,0.3251406778575715,0.3776166889245494,0.3232591008792052
2013-12-14 14:00:00,0.21449513431016864,0.26203450349577756,0.18209435506885943,0.19822172194127363,0.1939369020924249,0.18074943061877372
2013-12-14 15:00:00,0.06262757712276729,0.08996505850384694,0.04061462800896428,0.06964037476603577,0.03244452431412093,0.04275453726199355
2013-12-14 16:00:00,0.0,0.0,0.0,0.0,0.0,0.0
2013-12-14 17:00:00,0.0,0.0,0.0,0.0,0.0,0.0
2013-12-14 18:00:00,0.0,0.0,0.0,0.0,0.0,0.0
2013-12-14 19:00:00,0.0,0.0,0.0,0.0,0.0,0.0
2013-12-14 20:00:00,0.0,0.0,0.0,0.0,0.0,0.0
2013-12-14 21:00:00,0.0,0.0,0.0,0.0,0.0,0.0
2013-12-14 22:00:00,0.0,0.0,0.0,0.0,0.0,0.0
2013-12-14 23:00:00,0.0,0.0,0.0,0.0,0.0,0.0
2013-12-15 00:00:00,0.0,0.0,0.0,0.0,0.0,0.0
2013-12-15 01:00:00,0.0,0.0,0.0,0.0,0.0,0.0
2013-12-15 02:00:00,0.0,0.0,0.0,0.0,0.0,0.0
2013-12-15 03:00:00,0.0,0.0,0.0,0.0,0.0,0.0
2013-12-15 04:00:00,0.0,0.0,0.009574845570921238,0.004970189453946195,0.04326042694416353,0.0
2013-12-15 05:00:00,0.09134792167029926,0.10812058840130584,0.11502975473842827,0.11969442933435076,0.22983825158177656,0.0735741481931459
2013-12-15 06:00:00,0.27322203525424377,0.32024094967467637,0.2619653933342416,0.2914496440040549,0.42865252208671406,0.2086020662632508
2013-12-15 07:00:00,0.44351576770923723,0.4937455890947224,0.4185250981324121,0.4540754678141839,0.5775204065184465,0.3816143010990879
2013-12-15 08:00:00,0.554564502481422,0.6068152787734883,0.5400979102603712,0.5425993361433857,0.6700266596231615,0.5068832188383307
2013-12-15 09:00:00,0.589254055116922,0.6710429898759376,0.5693493191608331,0.603704248778079,0.7150996861488319,0.5717486365723585
2013-12-15 10:00:00,0.5944559004434642,0.6716874427064214,0.6107878801446712,0.5821401929694398,0.7074344833995532,0.5852416870023667
2013-12-15 11:00:00,0.5352655173968969,0.6355133390439416,0.5468416976236586,0.5258728510275931,0.6561255920639463,0.5400237981250274
2013-12-15 12:00:00,0.4715201985239178,0.5453994869563477,0.4663691181933316,0.45210463176779997,0.556124311965537,0.43307001502974846
2013-12-15 13:00:00,0.3321606872641184,0.41061662465743304,0.32646814001360464,0.37498305308627855,0.4079375187181784,0.30616991847265573
2013-12-15 14:00:00,0.20610534533967698,0.25992760818904204,0.19203059356522778,0.21662169003039716,0.2160344637104501,0.19989840375043094
2013-12-15 15:00:00,0.0676499882684209,0.08295563840411847,0.04265578908087723,0.07326364727907146,0.037115123493712786,0.03955238472155274
2013-12-15 16:00:00,0.0,0.0,0.0,0.0,0.0,0.0
2013-12-15 17:00:00,0.0,0.0,0.0,0.0,0.0,0.0
2013-12-15 18:00:00,0.0,0.0,0.0,0.0,0.0,0.0
2013-12-15 19:00:00,0.0,0.0,0.0,0.0,0.0,0.0
2013-12-15 20:00:00,0.0,0.0,0.0,0.0,0.0,0.0
2013-12-15 21:00:00,0.0,0.0,0.0,0.0,0.0,0.0
2013-12-15 22:00:00,0.0,0.0,0.0,0.0,0.0,0.0
2013-12-15 23:00:00,0.0,0.0,0.0,0.0,0.0,0.0
2013-12-16 00:00:00,0.0,0.0,0.0,0.0,0.0,0.0
2013-12-16 01:00:00,0.0,0.0,0.0,0.0,0.0,0.0
2013-12-16 02:00:00,0.0,0.0,0.0,0.0,0.0,0.0
2013-12-16 03:00:00,0.0,0.0,0.0,0.0,0.0,0.0
2013-12-16 04:00:00,0.0,0.0,0.008482474020136398,0.005796804646259094,0.04140887691093888,0.0
2013-12-16 05:00:00,0.10618583043552868,0.0966192794572065,0.12002852384891438,0.13130356759846845,0.22577381011878525,0.08777762400484536
2013-12-16 06:00:00,0.2870223893316146,0.29947952704495073,0.2764167708569962,0.3149566763414776,0.42221349443666184,0.2610604396135386
2013-12-16 07:00:00,0.47381547355898274,0.49289132128879737,0.43314741979522914,0.4754720471623113,0.5768913199592413,0.3978843685484552
2013-12-16 08:00:00,0.5933118462497327,0.6162397749275671,0.5468725908410369,0.589394514818266,0.6704738244106941,0.5175851147263139
2013-12-16 09:00:00,0.6105506406096107,0.6615703462295482,0.585842712691806,0.646624933518755,0.7165351857606895,0.5546853135863238
2013-12-16 10:00:00,0.6194706255407931,0.6676440769956384,0.5620105473328051,0.6107135399671306,0.7039530611038839,0.5745200866515248
2013-12-16 11:00:00,0.5684151627913798,0.6093071385767285,0.5333742855970881,0.5842263498699345,0.6531832582549687,0.5335705132693394
2013-12-16 12:00:00,0.5087548102160605,0.5202845519436016,0.44481385094099185,0.510898261915463,0.5552242245479129,0.47486630051785195
2013-12-16 13:00:00,0.38140975636103525,0.39323321607904743,0.34374039836512643,0.3843367421760916,0.40795319025486904,0.35102563031486583
2013-12-16 14:00:00,0.22141034326042333,0.22932010849510048,0.19280187708524102,0.24813590256966442,0.2166095236607061,0.19115566684533541
2013-12-16 15:00:00,0.07144885219093863,0.07742437638719964,0.045590378175203686,0.08596896386900775,0.0382242808307816,0.04322714323678551
2013-12-16 16:00:00,0.0,0.0,0.0,0.0,0.0,0.0
2013-12-16 17:00:00,0.0,0.0,0.0,0.0,0.0,0.0
2013-12-16 18:00:00,0.0,0.0,0.0,0.0,0.0,0.0
2013-12-16 19:00:00,0.0,0.0,0.0,0.0,0.0,0.0
2013-12-16 20:00:00,0.0,0.0,0.0,0.0,0.0,0.0
2013-12-16 21:00:00,0.0,0.0,0.0,0.0,0.0,0.0
2013-12-16 22:00:00,0.0,0.0,0.0,0.0,0.0,0.0
2013-12-16 23:00:00,0.0,0.0,0.0,0.0,0.0,0.0
2013-12-17 00:00:00,0.0,0.0,0.0,0.0,0.0,0.0
2013-12-17 01:00:00,0.0,0.0,0.0,0.0,0.0,0.0
2013-12-17 02:00:00,0.0,0.0,0.0,0.0,0.0,0.0
2013-12-17 03:00:00,0.0,0.0,0.0,0.0,0.0,0.0
2013-12-17 04:00:00,0.0,0.0,0.008064443933425584,0.005538510155721509,0.042883481376200586,0.0
2013-12-17 05:00:00,0.11561421456709699,0.1035990449192693,0.134622714646044,0.13031362236573346,0.2329036553588578,0.10969236078746189
2013-12-17 06:00:00,0.30653710446719523,0.3098962318926926,0.312424743000801,0.31739025240500207,0.433554838161121,0.3006874623996214
2013-12-17 07:00:00,0.4790466002216979,0.4948880810868566,0.49423295031373865,0.4978959435171636,0.5858865425315702,0.4446638138727879
2013-12-17 08:00:00,0.5847697453763255,0.6090099121122393,0.6017198459793225,0.5952697723331899,0.6782773885955816,0.5445588578464513
2013-12-17 09:00:00,0.622090012839574,0.6683873726653006,0.6523636566570866,0.6564600527416178,0.724649093257692,0.5910736132511358
2013-12-17 10:00:00,0.6381561655656579,0.6623474552491082,0.6567692460778687,0.6494183481397574,0.7212482176532267,0.5966235585431662
2013-12-17 11:00:00,0.5821925245412352,0.6095259841721015,0.6124396246252339,0.6006952039288319,0.6709764125166073,0.5517617724094985
2013-12-17 12:00:00,0.5058933429287427,0.5187318652920438,0.5313284599616339,0.5394006582439386,0.571212468597629,0.467251833425319
2013-12-17 13:00:00,0.3755686130497821,0.3867735667351252,0.39787939886274026,0.4189220055150006,0.4205266642107768,0.35168181902782064
2013-12-17 14:00:00,0.24207352026919846,0.2241369575159217,0.23198861015377154,0.26451052602988906,0.22540361773000495,0.18787152819725142
2013-12-17 15:00:00,0.08035725988747701,0.08105331324333584,0.05592262013936557,0.09276102935205065,0.04052879673441641,0.045048286278206236
2013-12-17 16:00:00,0.0,0.0,0.0,0.0,0.0,0.0
2013-12-17 17:00:00,0.0,0.0,0.0,0.0,0.0,0.0
2013-12-17 18:00:00,0.0,0.0,0.0,0.0,0.0,0.0
2013-12-17 19:00:00,0.0,0.0,0.0,0.0,0.0,0.0
2013-12-17 20:00:00,0.0,0.0,0.0,0.0,0.0,0.0
2013-12-17 21:00:00,0.0,0.0,0.0,0.0,0.0,0.0
2013-12-17 22:00:00,0.0,0.0,0.0,0.0,0.0,0.0
2013-12-17 23:00:00,0.0,0.0,0.0,0.0,0.0,0.0
2013-12-18 00:00:00,0.0,0.0,0.0,0.0,0.0,0.0
2013-12-18 01:00:00,0.0,0.0,0.0,0.0,0.0,0.0
2013-12-18 02:00:00,0.0,0.0,0.0,0.0,0.0,0.0
2013-12-18 03:00:00,0.0,0.0,0.0,0.0,0.0,0.0
2013-12-18 04:00:00,0.0,0.0,0.007994483453413961,0.005290349225514377,0.040829949949535156,0.0
2013-12-18 05:00:00,0.13975294649017952,0.09637742290258546,0.17237902260816618,0.13937443640870675,0.2252635382723413,0.1048085946214632
2013-12-18 06:00:00,0.348858418660493,0.29658642979344735,0.3688287165104199,0.3387252804586545,0.42415095929579094,0.29052210364345427
2013-12-18 07:00:00,0.5249334412888834,0.48026399283234983,0.5255308408954231,0.49304815115927036,0.5752216157891946,0.4635227626970285
2013-12-18 08:00:00,0.6410031734155784,0.5995054840778192,0.6304703700291049,0.6080322332252776,0.6669813231741183,0.5830369839117302
2013-12-18 09:00:00,0.7139947090405604,0.6511828865377897,0.6972947200787256,0.6679908589101435,0.7126532239716217,0.6563589546630214
2013-12-18 10:00:00,0.7101270534064503,0.6528976773299492,0.7106684358037297,0.6651907286263651,0.7064515014668475,0.6673845912742925
2013-12-18 11:00:00,0.6753905787242733,0.611799619837821,0.6698967049239563,0.6291012898531735,0.6499924691175953,0.6330505107290728
2013-12-18 12:00:00,0.5678986993846863,0.5039628330493587,0.5766822423439883,0.5457183804849901,0.5436393285534514,0.5394968351908905
2013-12-18 13:00:00,0.44220122663761785,0.3779448574585176,0.43788595863869484,0.4217851835250167,0.3679882593385079,0.41379375097775173
2013-12-18 14:00:00,0.26818243153971333,0.24342510671272133,0.25076627036213134,0.27271438317034086,0.18438539685206898,0.234934441010323
2013-12-18 15:00:00,0.0835275809461748,0.08516203692268594,0.058420122846880265,0.093503427424297,0.032242605571255856,0.056207264726068296
2013-12-18 16:00:00,0.0,0.0,0.0,0.0,0.0,0.0
2013-12-18 17:00:00,0.0,0.0,0.0,0.0,0.0,0.0
2013-12-18 18:00:00,0.0,0.0,0.0,0.0,0.0,0.0
2013-12-18 19:00:00,0.0,0.0,0.0,0.0,0.0,0.0
2013-12-18 20:00:00,0.0,0.0,0.0,0.0,0.0,0.0
2013-12-18 21:00:00,0.0,0.0,0.0,0.0,0.0,0.0
2013-12-18 22:00:00,0.0,0.0,0.0,0.0,0.0,0.0
2013-12-18 23:00:00,0.0,0.0,0.0,0.0,0.0,0.0
2013-12-19 00:00:00,0.0,0.0,0.0,0.0,0.0,0.0
2013-12-19 01:00:00,0.0,0.0,0.0,0.0,0.0,0.0
2013-12-19 02:00:00,0.0,0.0,0.0,0.0,0.0,0.0
2013-12-19 03:00:00,0.0,0.0,0.0,0.0,0.0,0.0
2013-12-19 04:00:00,0.0,0.0,0.005384206429474364,0.004287431009312096,0.036924572967111415,0.0
2013-12-19 05:00:00,0.14526777940592145,0.10525271760292369,0.17384468999954034,0.13552886411965986,0.21615036757208747,0.13856537738158645
2013-12-19 06:00:00,0.366010696440905,0.3160291005264518,0.379399345339932,0.33446016692137936,0.4117043875130463,0.3499021980725661
2013-12-19 07:00:00,0.5481408277078509,0.5003325792559115,0.5436319695225496,0.4986496775500573,0.5635722722865816,0.5240326237489569
2013-12-19 08:00:00,0.6577568223543715,0.6186533963902882,0.6463880082420319,0.604817268045971,0.6556948222671655,0.6372856833319143
2013-12-19 09:00:00,0.7212079988176615,0.6791656318093138,0.7051410050446111,0.6484459066806426,0.7015886347489279,0.6983250593226509
2013-12-19 10:00:00,0.727698677311323,0.6917371789822871,0.7129277024568517,0.618186016869762,0.6975943100832391,0.7109036449003252
2013-12-19 11:00:00,0.6918592877858573,0.6331358472743365,0.6724533776409044,0.5776766971325401,0.6427585361338606,0.6685532310469678
2013-12-19 12:00:00,0.5925933769444462,0.5462160456261564,0.5806897154315432,0.49468412806734907,0.5455410365309425,0.5822362506578637
2013-12-19 13:00:00,0.4574490866249215,0.4143558626058539,0.43893668630551225,0.38066346124961814,0.39468350063541835,0.44285062033191847
2013-12-19 14:00:00,0.2819773874144499,0.2632353681954922,0.25182147916942427,0.24689731905255288,0.21092632518714813,0.25492697489359534
2013-12-19 15:00:00,0.09154140553968412,0.09202498466452683,0.059246021217248375,0.0894560474681408,0.038795155972656134,0.06644880263899566
2013-12-19 16:00:00,0.0,0.0,0.0,0.0,0.0,0.0
2013-12-19 17:00:00,0.0,0.0,0.0,0.0,0.0,0.0
2013-12-19 18:00:00,0.0,0.0,0.0,0.0,0.0,0.0
2013-12-19 19:00:00,0.0,0.0,0.0,0.0,0.0,0.0
2013-12-19 20:00:00,0.0,0.0,0.0,0.0,0.0,0.0
2013-12-19 21:00:00,0.0,0.0,0.0,0.0,0.0,0.0
2013-12-19 22:00:00,0.0,0.0,0.0,0.0,0.0,0.0
2013-12-19 23:00:00,0.0,0.0,0.0,0.0,0.0,0.0
2013-12-20 00:00:00,0.0,0.0,0.0,0.0,0.0,0.0
2013-12-20 01:00:00,0.0,0.0,0.0,0.0,0.0,0.0
2013-12-20 02:00:00,0.0,0.0,0.0,0.0,0.0,0.0
2013-12-20 03:00:00,0.0,0.0,0.0,0.0,0.0,0.0
2013-12-20 04:00:00,0.0,0.0,0.0044581670937718755,0.0036678230572087705,0.038568721183457444,0.0
2013-12-20 05:00:00,0.1459086691862728,0.10757296238750798,0.17912046668968284,0.13281233844078727,0.22025328127924618,0.13814228611381796
2013-12-20 06:00:00,0.3673943439826171,0.3212728709249733,0.39087821617586943,0.3256956188402494,0.4185149351204617,0.35153708182426663
2013-12-20 07:00:00,0.5516679453972095,0.5087498867429509,0.5604368139792785,0.4917892366404752,0.5738331193721049,0.5293020268175784
2013-12-20 08:00:00,0.6812852559575103,0.6360071090609049,0.6753651198773242,0.604644856364158,0.6747668528724633,0.6497519445826629
2013-12-20 09:00:00,0.7349043978427605,0.7021963850483158,0.7238513018403715,0.6517176582211911,0.7175264747673419,0.702687903154687
2013-12-20 10:00:00,0.7443979716191735,0.7116446308538193,0.7273424713623831,0.6238895582755165,0.7147876015512213,0.7164875428392745
2013-12-20 11:00:00,0.7104592824393205,0.6803419521754617,0.6857898446278132,0.588335144222914,0.6661734446429355,0.6772707769401821
2013-12-20 12:00:00,0.6265308634410771,0.5874419708616974,0.5924891653259748,0.513314518332651,0.5682605803692494,0.5863345959014955
2013-12-20 13:00:00,0.49929885982423444,0.46437366772486094,0.44303155242287406,0.4020170793245658,0.41998503187392755,0.4453909630265903
2013-12-20 14:00:00,0.3112935524716991,0.28599837487439966,0.2590010283304208,0.26440489576354476,0.22774505149791363,0.2648119616099734
2013-12-20 15:00:00,0.10010966953518173,0.10027026728414709,0.06228564734310578,0.09481732909291733,0.043128750403266754,0.06896132037120888
2013-12-20 16:00:00,0.0,0.0,0.0,0.0,0.0,0.0
2013-12-20 17:00:00,0.0,0.0,0.0,0.0,0.0,0.0
2013-12-20 18:00:00,0.0,0.0,0.0,0.0,0.0,0.0
2013-12-20 19:00:00,0.0,0.0,0.0,0.0,0.0,0.0
2013-12-20 20:00:00,0.0,0.0,0.0,0.0,0.0,0.0
2013-12-20 21:00:00,0.0,0.0,0.0,0.0,0.0,0.0
2013-12-20 22:00:00,0.0,0.0,0.0,0.0,0.0,0.0
2013-12-20 23:00:00,0.0,0.0,0.0,0.0,0.0,0.0
2013-12-21 00:00:00,0.0,0.0,0.0,0.0,0.0,0.0
2013-12-21 01:00:00,0.0,0.0,0.0,0.0,0.0,0.0
2013-12-21 02:00:00,0.0,0.0,0.0,0.0,0.0,0.0
2013-12-21 03:00:00,0.0,0.0,0.0,0.0,0.0,0.0
2013-12-21 04:00:00,0.0,0.0,0.0032182988684653414,0.0034417986561504368,0.03784779790690818,0.0
2013-12-21 05:00:00,0.15143532559781306,0.1094969131843333,0.1799652920606395,0.1418707243712317,0.21920275540550566,0.13834545399315767
2013-12-21 06:00:00,0.3770446408309729,0.32368288796418876,0.3895918081199221,0.3419847464426203,0.41923943081708986,0.350458857311718
2013-12-21 07:00:00,0.5631722489324983,0.511933994329019,0.5600902472315517,0.5191441599683388,0.5754732493792565,0.5330631465958884
2013-12-21 08:00:00,0.680579811228462,0.6364081878013281,0.6670805827851631,0.6302831656678998,0.6716795867348115,0.6502787536343069
2013-12-21 09:00:00,0.7462264705600092,0.7037225963100001,0.7186987666460823,0.6887110518585399,0.7201092625432529,0.7063587800469716
2013-12-21 10:00:00,0.7570493626203233,0.7197670999526331,0.7242653386136846,0.7049946690152351,0.7159144365191868,0.7214348579958922
2013-12-21 11:00:00,0.7261527321554205,0.6889690844378392,0.6871364373144662,0.6781520541334408,0.6668445507135534,0.6818680112112331
2013-12-21 12:00:00,0.6436176295712794,0.6065997317673029,0.5917585426668148,0.5851368136760039,0.5696837125388348,0.5964686811350345
2013-12-21 13:00:00,0.5091005363650689,0.4813430082394513,0.4550093379070577,0.4584988013785441,0.4221692293533724,0.45933384868787624
2013-12-21 14:00:00,0.32056406385280845,0.3041000209397567,0.26450036446989944,0.2963465720123007,0.23004407304517022,0.27558675314511505
2013-12-21 15:00:00,0.10864361679134163,0.10916556330145213,0.0654819656622435,0.10742688139328249,0.044531126951582824,0.07401965216418499
2013-12-21 16:00:00,0.0,0.0,0.0,0.0,0.0,0.0
2013-12-21 17:00:00,0.0,0.0,0.0,0.0,0.0,0.0
2013-12-21 18:00:00,0.0,0.0,0.0,0.0,0.0,0.0
2013-12-21 19:00:00,0.0,0.0,0.0,0.0,0.0,0.0
2013-12-21 20:00:00,0.0,0.0,0.0,0.0,0.0,0.0
2013-12-21 21:00:00,0.0,0.0,0.0,0.0,0.0,0.0
2013-12-21 22:00:00,0.0,0.0,0.0,0.0,0.0,0.0
2013-12-21 23:00:00,0.0,0.0,0.0,0.0,0.0,0.0
2013-12-22 00:00:00,0.0,0.0,0.0,0.0,0.0,0.0
2013-12-22 01:00:00,0.0,0.0,0.0,0.0,0.0,0.0
2013-12-22 02:00:00,0.0,0.0,0.0,0.0,0.0,0.0
2013-12-22 03:00:00,0.0,0.0,0.0,0.0,0.0,0.0
2013-12-22 04:00:00,0.0,0.0,0.0018502282363191756,0.0034218383231713933,0.03930840773400567,0.0
2013-12-22 05:00:00,0.1476049009005605,0.10723742722411754,0.18465033140768072,0.14380863940408675,0.22906577293107364,0.14405637369810312
2013-12-22 06:00:00,0.37085230971100863,0.3191326123486423,0.3989547977440455,0.346033266347143,0.4261533057382718,0.3635735443806463
2013-12-22 07:00:00,0.5541610292546967,0.5036380240576931,0.5699937514312181,0.5148319575826678,0.5818116804640265,0.5427833855616804
2013-12-22 08:00:00,0.6688883863471545,0.626925537161329,0.6732302311338567,0.6368890084810652,0.6799691224243755,0.6547585604586479
2013-12-22 09:00:00,0.7361111452408865,0.6987967637498085,0.733027466093309,0.6896639952385689,0.7287668744863116,0.7197627152891727
2013-12-22 10:00:00,0.7502157972211784,0.7139612747143094,0.7364104540199499,0.6990719398658416,0.7251495278229496,0.7279326229636336
2013-12-22 11:00:00,0.7138289951708285,0.6826481287133555,0.6949256092108416,0.6635810428118337,0.6771783395292316,0.6932589450628255
2013-12-22 12:00:00,0.6293106375686236,0.5976390256033237,0.6039506919021028,0.5813240148846653,0.5800096750094941,0.6082338041609887
2013-12-22 13:00:00,0.4933358610783382,0.46388716904440863,0.46034391321795204,0.44455527573331666,0.4298672210701017,0.47063223336052634
2013-12-22 14:00:00,0.30932867850106716,0.29173636762840605,0.26926108360359485,0.27897488363600376,0.23662050518391523,0.28168715791294263
2013-12-22 15:00:00,0.10174994595196785,0.10612083530098784,0.06654400841561052,0.10141932280899792,0.04604516372199252,0.07626022816080559
2013-12-22 16:00:00,0.0,0.0,0.0,0.0,0.0,0.0
2013-12-22 17:00:00,0.0,0.0,0.0,0.0,0.0,0.0
2013-12-22 18:00:00,0.0,0.0,0.0,0.0,0.0,0.0
2013-12-22 19:00:00,0.0,0.0,0.0,0.0,0.0,0.0
2013-12-22 20:00:00,0.0,0.0,0.0,0.0,0.0,0.0
2013-12-22 21:00:00,0.0,0.0,0.0,0.0,0.0,0.0
2013-12-22 22:00:00,0.0,0.0,0.0,0.0,0.0,0.0
2013-12-22 23:00:00,0.0,0.0,0.0,0.0,0.0,0.0
2013-12-23 00:00:00,0.0,0.0,0.0,0.0,0.0,0.0
2013-12-23 01:00:00,0.0,0.0,0.0,0.0,0.0,0.0
2013-12-23 02:00:00,0.0,0.0,0.0,0.0,0.0,0.0
2013-12-23 03:00:00,0.0,0.0,0.0,0.0,0.0,0.0
2013-12-23 04:00:00,0.0,0.0,0.0010519345787231215,0.00312102570497659,0.03693836771682969,0.0
2013-12-23 05:00:00,0.14164472467802272,0.10426567622584193,0.17836133693932488,0.13751114961675479,0.22147370590065737,0.14070983116587973
2013-12-23 06:00:00,0.3623384567884156,0.31587542183918954,0.39192293621375174,0.3387923021243314,0.4244283362741145,0.35307375687108195
2013-12-23 07:00:00,0.5484027411896082,0.5020001254959156,0.5624501351540655,0.5111583963301123,0.580514469056167,0.5338494074917803
2013-12-23 08:00:00,0.6598398937334369,0.6193585684827057,0.663865722591324,0.6170522216270162,0.6750621177195052,0.6455283176477774
2013-12-23 09:00:00,0.727143159594868,0.696690955286973,0.7239278939874193,0.6830687760261629,0.7244445578749301,0.7108064216121076
2013-12-23 10:00:00,0.7206469774787455,0.7091293608586674,0.7260283044721102,0.6767268265383466,0.7195245183009256,0.7219208183052699
2013-12-23 11:00:00,0.6894440325310373,0.6719532442629119,0.6863773540859857,0.6581412213221808,0.6717679060068724,0.6872371759742071
2013-12-23 12:00:00,0.5941265929045891,0.565131987121904,0.5969825602008054,0.561024939117671,0.575176770498449,0.6025963082661188
2013-12-23 13:00:00,0.44583152996889425,0.42626140375453364,0.45443106779789405,0.44074265055550854,0.4265854801006247,0.46207638622452174
2013-12-23 14:00:00,0.2864608199822353,0.266374962225422,0.2660354501982112,0.2857421126598224,0.2341134691973491,0.27540932880070795
2013-12-23 15:00:00,0.0929133855949341,0.1014111829993332,0.0664121909167474,0.10328599374537469,0.04682933500526888,0.07530565544963161
2013-12-23 16:00:00,0.0,0.0,0.0,0.0,0.0,0.0
2013-12-23 17:00:00,0.0,0.0,0.0,0.0,0.0,0.0
2013-12-23 18:00:00,0.0,0.0,0.0,0.0,0.0,0.0
2013-12-23 19:00:00,0.0,0.0,0.0,0.0,0.0,0.0
2013-12-23 20:00:00,0.0,0.0,0.0,0.0,0.0,0.0
2013-12-23 21:00:00,0.0,0.0,0.0,0.0,0.0,0.0
2013-12-23 22:00:00,0.0,0.0,0.0,0.0,0.0,0.0
2013-12-23 23:00:00,0.0,0.0,0.0,0.0,0.0,0.0
2013-12-24 00:00:00,0.0,0.0,0.0,0.0,0.0,0.0
2013-12-24 01:00:00,0.0,0.0,0.0,0.0,0.0,0.0
2013-12-24 02:00:00,0.0,0.0,0.0,0.0,0.0,0.0
2013-12-24 03:00:00,0.0,0.0,0.0,0.0,0.0,0.0
2013-12-24 04:00:00,0.0,0.0,0.0003608562691381015,0.002791172749196609,0.0351447403794416,0.0
2013-12-24 05:00:00,0.13790494564946454,0.10187762771620633,0.17066510731076812,0.13308974389738873,0.21717691690193355,0.1344641093604014
2013-12-24 06:00:00,0.3595338539055072,0.3148099600466508,0.3796572656634455,0.340584306604965,0.4196895253619757,0.34796553345284603
2013-12-24 07:00:00,0.5369774965054641,0.4999661595998301,0.5440160279242449,0.5005895761943991,0.5767733952636396,0.5249347060296187
2013-12-24 08:00:00,0.6534054257029818,0.6199696686976554,0.6493901270310084,0.6129650620232661,0.6722267954721999,0.6340930438793394
2013-12-24 09:00:00,0.722726798667309,0.6974289340085904,0.7136017706615376,0.6879746401296486,0.72152873944082,0.7060851303596933
2013-12-24 10:00:00,0.7256108731374944,0.7070618038523541,0.7189775801243962,0.6942328227260619,0.7185064539712563,0.7188968443144788
2013-12-24 11:00:00,0.6635725830979236,0.6736256183466987,0.6776594006294596,0.6518729061557198,0.671637357983165,0.680457041707413
2013-12-24 12:00:00,0.5669595430496381,0.5941379598176436,0.5874144288488984,0.564659712018849,0.5748408005339398,0.5912562211013204
2013-12-24 13:00:00,0.4394693645450038,0.45715964346612414,0.4455672921680868,0.4471827730612992,0.4279794328223388,0.4510872657379667
2013-12-24 14:00:00,0.2780886852743428,0.29488640588497256,0.2657013739519869,0.2940516255443025,0.236290029282446,0.2717571685366667
2013-12-24 15:00:00,0.09157582157202553,0.10475102304931845,0.066748244094202,0.10654538022051926,0.04774022950230516,0.07542711554885899
2013-12-24 16:00:00,0.0,0.0,0.0,0.0,0.0,0.0
2013-12-24 17:00:00,0.0,0.0,0.0,0.0,0.0,0.0
2013-12-24 18:00:00,0.0,0.0,0.0,0.0,0.0,0.0
2013-12-24 19:00:00,0.0,0.0,0.0,0.0,0.0,0.0
2013-12-24 20:00:00,0.0,0.0,0.0,0.0,0.0,0.0
2013-12-24 21:00:00,0.0,0.0,0.0,0.0,0.0,0.0
2013-12-24 22:00:00,0.0,0.0,0.0,0.0,0.0,0.0
2013-12-24 23:00:00,0.0,0.0,0.0,0.0,0.0,0.0
2013-12-25 00:00:00,0.0,0.0,0.0,0.0,0.0,0.0
2013-12-25 01:00:00,0.0,0.0,0.0,0.0,0.0,0.0
2013-12-25 02:00:00,0.0,0.0,0.0,0.0,0.0,0.0
2013-12-25 03:00:00,0.0,0.0,0.0,0.0,0.0,0.0
2013-12-25 04:00:00,0.0,0.0,0.00013508425757865968,0.0025386809193596364,0.03383876059259723,0.0
2013-12-25 05:00:00,0.1261098281374597,0.09911026577819665,0.16334385578964397,0.13290017821060424,0.21478364489295626,0.12130940938030066
2013-12-25 06:00:00,0.3321841941346137,0.3059280938219733,0.36770077871291706,0.3274558008246623,0.4162962349597277,0.3221214109977564
2013-12-25 07:00:00,0.5068137374676204,0.486231412802581,0.5219289318866763,0.5054493885568863,0.5744862343099066,0.4921005752053883
2013-12-25 08:00:00,0.6277694509076769,0.6074919511730092,0.6180724303518769,0.625907875253285,0.6758912335252371,0.595020631581811
2013-12-25 09:00:00,0.6993965425463344,0.6666677475952598,0.6887900965714896,0.6875525185951038,0.7210458447943151,0.6640100187077961
2013-12-25 10:00:00,0.6797078486570659,0.671196982411607,0.6797437250595187,0.696525188209743,0.7179224343355244,0.6738689098341778
2013-12-25 11:00:00,0.6064146225877084,0.618159762109256,0.6328993040772294,0.6600692730472416,0.6720707371549156,0.6417795164020703
2013-12-25 12:00:00,0.5227195113816928,0.5258194776501198,0.5103685864534135,0.5744569398293327,0.5756651855960491,0.5677092422433504
2013-12-25 13:00:00,0.40476079789751124,0.41434910481281045,0.3987221053043725,0.44739130511116953,0.4288812178916469,0.43828749749471796
2013-12-25 14:00:00,0.26250346469204866,0.26164706640213464,0.24307863089361506,0.28493412250395006,0.23590413986708553,0.2592085238490487
2013-12-25 15:00:00,0.09050816714991773,0.09503203038958054,0.06570020980107134,0.10367187861723964,0.048260806079107973,0.07273329615364067
2013-12-25 16:00:00,0.0,0.0,0.0,1.835872735167734e-05,0.0,0.0
2013-12-25 17:00:00,0.0,0.0,0.0,0.0,0.0,0.0
2013-12-25 18:00:00,0.0,0.0,0.0,0.0,0.0,0.0
2013-12-25 19:00:00,0.0,0.0,0.0,0.0,0.0,0.0
2013-12-25 20:00:00,0.0,0.0,0.0,0.0,0.0,0.0
2013-12-25 21:00:00,0.0,0.0,0.0,0.0,0.0,0.0
2013-12-25 22:00:00,0.0,0.0,0.0,0.0,0.0,0.0
2013-12-25 23:00:00,0.0,0.0,0.0,0.0,0.0,0.0
2013-12-26 00:00:00,0.0,0.0,0.0,0.0,0.0,0.0
2013-12-26 01:00:00,0.0,0.0,0.0,0.0,0.0,0.0
2013-12-26 02:00:00,0.0,0.0,0.0,0.0,0.0,0.0
2013-12-26 03:00:00,0.0,0.0,0.0,0.0,0.0,0.0
2013-12-26 04:00:00,0.0,0.0,1.4409102859333422e-05,0.002283835952406597,0.03156276394932953,0.0
2013-12-26 05:00:00,0.125558785929768,0.08198796827400988,0.1493807886082221,0.13413836954601682,0.20628252779987416,0.11195760729474237
2013-12-26 06:00:00,0.3344541892301574,0.2687959041658581,0.34948804322743315,0.3352394268124055,0.40942132838976875,0.3179516438161002
2013-12-26 07:00:00,0.5199556967487726,0.4436658951251237,0.5192101581472238,0.5083650996175451,0.5679135690134488,0.4866007574174192
2013-12-26 08:00:00,0.6432357950282647,0.570489900883346,0.5960149922968464,0.6350195790269655,0.6675238950892514,0.5754387191051914
2013-12-26 09:00:00,0.6952682755088534,0.6516657291732985,0.659408678472694,0.6912193075967372,0.7167602445394913,0.6438180135641
2013-12-26 10:00:00,0.6782610833123444,0.6389835125370892,0.643016130677675,0.6988800218324354,0.7159554217177102,0.6349199190650854
2013-12-26 11:00:00,0.635928251987897,0.6057424980342869,0.6130386305557077,0.6739179841044732,0.6689762545841835,0.579284827527002
2013-12-26 12:00:00,0.5376001869081871,0.5144364204101615,0.5125647595514223,0.5933902435103913,0.5731987345839993,0.46067671711556146
2013-12-26 13:00:00,0.4415521958723105,0.42084334362902936,0.39214103772439046,0.45969691977644855,0.42379560370192365,0.34606220809206173
2013-12-26 14:00:00,0.270270212813766,0.2689070976733871,0.23653958213290044,0.2991290382803548,0.23192586277515514,0.2178487905612111
2013-12-26 15:00:00,0.0925436743973167,0.10285259510105715,0.0663639913188059,0.1104658336728213,0.04849580532952181,0.06286445677966002
2013-12-26 16:00:00,0.0,0.0,0.0,1.7813754903499422e-05,0.0,0.0
2013-12-26 17:00:00,0.0,0.0,0.0,0.0,0.0,0.0
2013-12-26 18:00:00,0.0,0.0,0.0,0.0,0.0,0.0
2013-12-26 19:00:00,0.0,0.0,0.0,0.0,0.0,0.0
2013-12-26 20:00:00,0.0,0.0,0.0,0.0,0.0,0.0
2013-12-26 21:00:00,0.0,0.0,0.0,0.0,0.0,0.0
2013-12-26 22:00:00,0.0,0.0,0.0,0.0,0.0,0.0
2013-12-26 23:00:00,0.0,0.0,0.0,0.0,0.0,0.0
2013-12-27 00:00:00,0.0,0.0,0.0,0.0,0.0,0.0
2013-12-27 01:00:00,0.0,0.0,0.0,0.0,0.0,0.0
2013-12-27 02:00:00,0.0,0.0,0.0,0.0,0.0,0.0
2013-12-27 03:00:00,0.0,0.0,0.0,0.0,0.0,0.0
2013-12-27 04:00:00,0.0,0.0,1.1586700348624377e-05,0.0019448674887392369,0.029230533131934158,0.0
2013-12-27 05:00:00,0.12013758195191497,0.09299401617112835,0.15560713836497728,0.1267650780198565,0.20333469955699476,0.11833626254118536
2013-12-27 06:00:00,0.3221154422615468,0.29411295387770825,0.36011018344008916,0.327125463875937,0.40645272047782766,0.3212775009465005
2013-12-27 07:00:00,0.5078646434178774,0.4797381854643573,0.5327781662366208,0.4880974053824961,0.5615017754591068,0.5077373795188667
2013-12-27 08:00:00,0.6352321750957751,0.6002255930022616,0.6449278238540219,0.6144373764191812,0.6572922536560096,0.6282460418634608
2013-12-27 09:00:00,0.6536433316196623,0.6520128165574839,0.7007505282012804,0.6670158466521413,0.7095145239337313,0.6852257910053973
2013-12-27 10:00:00,0.6329598009413598,0.6569365406872978,0.6756541393617648,0.6530425228042834,0.7042489196242712,0.6943756123451583
2013-12-27 11:00:00,0.6210640131526375,0.628906329825502,0.6133755213365314,0.621889853623349,0.658827354441527,0.6560448059443426
2013-12-27 12:00:00,0.5255630654600567,0.5262500104567691,0.5166779804874782,0.5391936593449349,0.5537839548430911,0.5430979599220056
2013-12-27 13:00:00,0.3919200597748845,0.4080223321775802,0.40318538558151107,0.3911603935833546,0.41166205366890424,0.4127440759700802
2013-12-27 14:00:00,0.2646614116185248,0.2711490242837993,0.23989038540171795,0.2707967110300712,0.22467797845295104,0.24177287477167816
2013-12-27 15:00:00,0.08293293172879834,0.09596769363336032,0.06622344818871177,0.09263245609788048,0.04608377750623227,0.06672161222464326
2013-12-27 16:00:00,0.0,0.0,0.0,5.5533147456505256e-05,0.0,0.0
2013-12-27 17:00:00,0.0,0.0,0.0,0.0,0.0,0.0
2013-12-27 18:00:00,0.0,0.0,0.0,0.0,0.0,0.0
2013-12-27 19:00:00,0.0,0.0,0.0,0.0,0.0,0.0
2013-12-27 20:00:00,0.0,0.0,0.0,0.0,0.0,0.0
2013-12-27 21:00:00,0.0,0.0,0.0,0.0,0.0,0.0
2013-12-27 22:00:00,0.0,0.0,0.0,0.0,0.0,0.0
2013-12-27 23:00:00,0.0,0.0,0.0,0.0,0.0,0.0
2013-12-28 00:00:00,0.0,0.0,0.0,0.0,0.0,0.0
2013-12-28 01:00:00,0.0,0.0,0.0,0.0,0.0,0.0
2013-12-28 02:00:00,0.0,0.0,0.0,0.0,0.0,0.0
2013-12-28 03:00:00,0.0,0.0,0.0,0.0,0.0,0.0
2013-12-28 04:00:00,0.0,0.0,0.0,0.0017598057716420447,0.02792695537599534,0.0
2013-12-28 05:00:00,0.08969795728545396,0.09192202484818313,0.13581424432738223,0.11830802543885933,0.20315558720196739,0.12579212291262376
2013-12-28 06:00:00,0.28319096427909385,0.2987358675060331,0.33207864728254066,0.31438217451798994,0.40102115702236607,0.33557743732012485
2013-12-28 07:00:00,0.4734275099451478,0.4701468470241125,0.5054155078034274,0.4695602920321723,0.5596623831660381,0.5115658479145658
2013-12-28 08:00:00,0.6131465492485606,0.6037264804564959,0.6332814483678345,0.5781651896896852,0.6603602692340088,0.6302680162234334
2013-12-28 09:00:00,0.6541399470724398,0.6759804038554369,0.6903107854851739,0.6383278903945931,0.7128837250103025,0.6952391377378405
2013-12-28 10:00:00,0.635403226663064,0.6915634279828924,0.6635199444344044,0.6244629137701763,0.7093521083167387,0.7045559687360038
2013-12-28 11:00:00,0.5736335600950763,0.6548438155663129,0.5769535193927776,0.5684331708297624,0.6611343039346247,0.6624171889246009
2013-12-28 12:00:00,0.4884661567108198,0.5793373580074166,0.5099232587899452,0.5054018066856047,0.5597863756379515,0.5756576964072707
2013-12-28 13:00:00,0.397039389010194,0.4630994559734328,0.3818691175737276,0.3936786165759083,0.42032431489813943,0.4501955521504646
2013-12-28 14:00:00,0.25411760124508115,0.3005948515112298,0.23026732568614916,0.25939866918346605,0.23213958091812867,0.26832639968533806
2013-12-28 15:00:00,0.08752357601005606,0.11008358796486008,0.06296161925951993,0.0970734320314702,0.049773878480306566,0.0780744677932925
2013-12-28 16:00:00,0.0,2.3661539102374357e-05,0.0,0.00014262267982475518,0.0,0.0
2013-12-28 17:00:00,0.0,0.0,0.0,0.0,0.0,0.0
2013-12-28 18:00:00,0.0,0.0,0.0,0.0,0.0,0.0
2013-12-28 19:00:00,0.0,0.0,0.0,0.0,0.0,0.0
2013-12-28 20:00:00,0.0,0.0,0.0,0.0,0.0,0.0
2013-12-28 21:00:00,0.0,0.0,0.0,0.0,0.0,0.0
2013-12-28 22:00:00,0.0,0.0,0.0,0.0,0.0,0.0
2013-12-28 23:00:00,0.0,0.0,0.0,0.0,0.0,0.0
2013-12-29 00:00:00,0.0,0.0,0.0,0.0,0.0,0.0
2013-12-29 01:00:00,0.0,0.0,0.0,0.0,0.0,0.0
2013-12-29 02:00:00,0.0,0.0,0.0,0.0,0.0,0.0
2013-12-29 03:00:00,0.0,0.0,0.0,0.0,0.0,0.0
2013-12-29 04:00:00,0.0,0.0,0.0,0.0015613655867264633,0.030736369623492927,0.0
2013-12-29 05:00:00,0.1093472078878479,0.09562978347849324,0.1468065337047902,0.10856092291464048,0.2114104950150237,0.12858592109212053
2013-12-29 06:00:00,0.2946463002198568,0.3066986426269711,0.34494047554061563,0.28311396646707065,0.4142896901942994,0.34261073414123483
2013-12-29 07:00:00,0.4754251945958113,0.49900771880391914,0.5202151995833643,0.4507655328603325,0.5711115008592278,0.5232994546169799
2013-12-29 08:00:00,0.6121091611276018,0.614466786203655,0.6339590349221877,0.5762720112864177,0.6698833575019364,0.6364053677248251
2013-12-29 09:00:00,0.6522139831248491,0.6906731734559424,0.7050302487116823,0.6478368448807433,0.7207714446412253,0.7049299721287127
2013-12-29 10:00:00,0.6537035072518617,0.7039679312558603,0.7098979171821245,0.6519214059476325,0.7186471513269493,0.7170027276528008
2013-12-29 11:00:00,0.6026519734988718,0.6637763311625174,0.6532694706856972,0.5771985680296972,0.6731147414050573,0.6687867651590403
2013-12-29 12:00:00,0.5159404270196635,0.5729704134329248,0.5804468154485879,0.4942059855303065,0.5805122602965146,0.5844560162907074
2013-12-29 13:00:00,0.3925750648702707,0.44469944456815025,0.4359888224280649,0.38864988971346204,0.4362599559758424,0.44691625928763534
2013-12-29 14:00:00,0.22585525370763468,0.28936044001499506,0.26044992101658254,0.2582523307828033,0.24660423021086597,0.2702598850480593
2013-12-29 15:00:00,0.0801208948918055,0.10559692415187796,0.07223448148248049,0.0941248522950288,0.05408254305013822,0.07760727550604443
2013-12-29 16:00:00,0.0,9.924146761819214e-05,0.0,0.00012816687712079934,0.0,0.0
2013-12-29 17:00:00,0.0,0.0,0.0,0.0,0.0,0.0
2013-12-29 18:00:00,0.0,0.0,0.0,0.0,0.0,0.0
2013-12-29 19:00:00,0.0,0.0,0.0,0.0,0.0,0.0
2013-12-29 20:00:00,0.0,0.0,0.0,0.0,0.0,0.0
2013-12-29 21:00:00,0.0,0.0,0.0,0.0,0.0,0.0
2013-12-29 22:00:00,0.0,0.0,0.0,0.0,0.0,0.0
2013-12-29 23:00:00,0.0,0.0,0.0,0.0,0.0,0.0
2013-12-30 00:00:00,0.0,0.0,0.0,0.0,0.0,0.0
2013-12-30 01:00:00,0.0,0.0,0.0,0.0,0.0,0.0
2013-12-30 02:00:00,0.0,0.0,0.0,0.0,0.0,0.0
2013-12-30 03:00:00,0.0,0.0,0.0,0.0,0.0,0.0
2013-12-30 04:00:00,0.0,0.0,0.0,0.0014688664343048207,0.029525260201442416,0.0
2013-12-30 05:00:00,0.08947325800185758,0.09192207479419187,0.14215651772086843,0.1105630609396163,0.2111374959292371,0.12353343385692944
2013-12-30 06:00:00,0.26749394016523464,0.3049844888336581,0.3481308648463335,0.2812103894792035,0.4143583519683317,0.33214171108611573
2013-12-30 07:00:00,0.39543317233796077,0.4839005414077282,0.5080672148368288,0.42827484834637575,0.5715489418640687,0.5040741720166076
2013-12-30 08:00:00,0.5131862308743977,0.6046135207009451,0.6290115553504552,0.5477328991268906,0.6714148259832475,0.6187599377287158
2013-12-30 09:00:00,0.6153262909645499,0.6887521416322626,0.6968522810794889,0.6265026555890055,0.7232963653353582,0.6856735167516734
2013-12-30 10:00:00,0.599462179428465,0.6882044745500189,0.7065065270949643,0.6165076794848832,0.7213422335796066,0.7007399980985213
2013-12-30 11:00:00,0.5728940625018849,0.6686961585377615,0.6747976529995933,0.5728031340605606,0.6763808096171083,0.6667687425378707
2013-12-30 12:00:00,0.48599621901995743,0.5839712674445839,0.5653483704752498,0.49348245887525766,0.5803754403677267,0.5781059955563821
2013-12-30 13:00:00,0.37602042745559894,0.464622429483209,0.42746976515939494,0.39226060527756784,0.43369591795590867,0.4452836713572765
2013-12-30 14:00:00,0.2303824709859384,0.3032687102201127,0.25423614457055477,0.24975676765927937,0.24502589171083733,0.27375500682263487
2013-12-30 15:00:00,0.08746645822308516,0.11840187454080672,0.06676301233790632,0.09410606755047883,0.05440891495457856,0.07796837750659603
2013-12-30 16:00:00,0.0,0.00010442537495673456,0.0,0.00021274682211094544,0.0,0.0
2013-12-30 17:00:00,0.0,0.0,0.0,0.0,0.0,0.0
2013-12-30 18:00:00,0.0,0.0,0.0,0.0,0.0,0.0
2013-12-30 19:00:00,0.0,0.0,0.0,0.0,0.0,0.0
2013-12-30 20:00:00,0.0,0.0,0.0,0.0,0.0,0.0
2013-12-30 21:00:00,0.0,0.0,0.0,0.0,0.0,0.0
2013-12-30 22:00:00,0.0,0.0,0.0,0.0,0.0,0.0
2013-12-30 23:00:00,0.0,0.0,0.0,0.0,0.0,0.0
2013-12-31 00:00:00,0.0,0.0,0.0,0.0,0.0,0.0
2013-12-31 01:00:00,0.0,0.0,0.0,0.0,0.0,0.0
2013-12-31 02:00:00,0.0,0.0,0.0,0.0,0.0,0.0
2013-12-31 03:00:00,0.0,0.0,0.0,0.0,0.0,0.0
2013-12-31 04:00:00,0.0,0.0,0.0,0.0012384878409294542,0.026656955385977985,0.0
2013-12-31 05:00:00,0.1029615858392104,0.09135481916668325,0.1333445683653531,0.11228130512127935,0.19714043137189957,0.11635833309074668
2013-12-31 06:00:00,0.2881716818628394,0.2996460448436759,0.31721717721263953,0.2857174209696073,0.396903829640608,0.3246606473255243
2013-12-31 07:00:00,0.4541135402937316,0.48732807163162095,0.48376444377079875,0.46339873180280405,0.5600640080395551,0.4973339375993404
2013-12-31 08:00:00,0.5673374440989546,0.6140317695437613,0.6284819184637754,0.5757249820298479,0.6691796885354965,0.6246699733990099
2013-12-31 09:00:00,0.6410035443131085,0.6836505934390782,0.6995979090627329,0.6443471753413802,0.7186797416000261,0.6907216208766558
2013-12-31 10:00:00,0.6351086261032756,0.6967069917421895,0.7060852229115652,0.6533506945956099,0.7170079147042119,0.6872334279785418
2013-12-31 11:00:00,0.614019629555226,0.6749477339239395,0.6676032650889985,0.6160801974924435,0.6727624929351634,0.6606365126611384
2013-12-31 12:00:00,0.5368842461725214,0.5902682058558855,0.5738617180852121,0.5355739885400924,0.5773593383708755,0.5556205593366564
2013-12-31 13:00:00,0.3938797291618153,0.45074508179075906,0.4357117147699507,0.411441242114769,0.4299815474125252,0.4252529431560722
2013-12-31 14:00:00,0.24012491613541465,0.2972737565616027,0.26255599505973154,0.2589255122822951,0.24616401008366184,0.2659160353725697
2013-12-31 15:00:00,0.08887032642940516,0.11754166417262135,0.07357585798976271,0.09791407219274763,0.05553186321316555,0.07667380301686683
2013-12-31 16:00:00,0.0,0.0001064316354099858,0.0,0.0003180519522253739,0.0,0.0
2013-12-31 17:00:00,0.0,0.0,0.0,0.0,0.0,0.0
2013-12-31 18:00:00,0.0,0.0,0.0,0.0,0.0,0.0
2013-12-31 19:00:00,0.0,0.0,0.0,0.0,0.0,0.0
2013-12-31 20:00:00,0.0,0.0,0.0,0.0,0.0,0.0
2013-12-31 21:00:00,0.0,0.0,0.0,0.0,0.0,0.0
2013-12-31 22:00:00,0.0,0.0,0.0,0.0,0.0,0.0
2013-12-31 23:00:00,0.0,0.0,0.0,0.0,0.0,0.0
